Date,AAPL_Close
2014-06-30,23.232500076293945
2014-07-01,23.3799991607666
2014-07-02,23.3700008392334
2014-07-03,23.50749969482422
2014-07-07,23.99250030517578
2014-07-08,23.837499618530273
2014-07-09,23.84749984741211
2014-07-10,23.760000228881836
2014-07-11,23.80500030517578
2014-07-14,24.112499237060547
2014-07-15,23.829999923706055
2014-07-16,23.69499969482422
2014-07-17,23.272499084472656
2014-07-18,23.607500076293945
2014-07-21,23.48500061035156
2014-07-22,23.68000030517578
2014-07-23,24.29750061035156
2014-07-24,24.25749969482422
2014-07-25,24.417499542236328
2014-07-28,24.7549991607666
2014-07-29,24.594999313354492
2014-07-30,24.537500381469727
2014-07-31,23.899999618530273
2014-08-01,24.032499313354492
2014-08-04,23.897499084472656
2014-08-05,23.780000686645508
2014-08-06,23.739999771118164
2014-08-07,23.6200008392334
2014-08-08,23.684999465942383
2014-08-11,23.997499465942383
2014-08-12,23.99250030517578
2014-08-13,24.309999465942383
2014-08-14,24.375
2014-08-15,24.4950008392334
2014-08-18,24.790000915527344
2014-08-19,25.13249969482422
2014-08-20,25.142499923706055
2014-08-21,25.145000457763672
2014-08-22,25.329999923706055
2014-08-25,25.385000228881836
2014-08-26,25.22249984741211
2014-08-27,25.532499313354492
2014-08-28,25.5625
2014-08-29,25.625
2014-09-02,25.825000762939453
2014-09-03,24.73500061035156
2014-09-04,24.530000686645508
2014-09-05,24.74250030517578
2014-09-08,24.59000015258789
2014-09-09,24.497499465942383
2014-09-10,25.25
2014-09-11,25.357500076293945
2014-09-12,25.415000915527344
2014-09-15,25.407499313354492
2014-09-16,25.21500015258789
2014-09-17,25.395000457763672
2014-09-18,25.447500228881836
2014-09-19,25.239999771118164
2014-09-22,25.26499938964844
2014-09-23,25.65999984741211
2014-09-24,25.4375
2014-09-25,24.467500686645508
2014-09-26,25.1875
2014-09-29,25.02750015258789
2014-09-30,25.1875
2014-10-01,24.795000076293945
2014-10-02,24.975000381469727
2014-10-03,24.905000686645508
2014-10-06,24.905000686645508
2014-10-07,24.6875
2014-10-08,25.200000762939453
2014-10-09,25.2549991607666
2014-10-10,25.1825008392334
2014-10-13,24.95249938964844
2014-10-14,24.6875
2014-10-15,24.385000228881836
2014-10-16,24.065000534057617
2014-10-17,24.417499542236328
2014-10-20,24.940000534057617
2014-10-21,25.61750030517578
2014-10-22,25.747499465942383
2014-10-23,26.207500457763672
2014-10-24,26.30500030517578
2014-10-27,26.27750015258789
2014-10-28,26.684999465942383
2014-10-29,26.834999084472656
2014-10-30,26.7450008392334
2014-10-31,27.0
2014-11-03,27.350000381469727
2014-11-04,27.149999618530273
2014-11-05,27.21500015258789
2014-11-06,27.174999237060547
2014-11-07,27.252500534057617
2014-11-10,27.207500457763672
2014-11-11,27.424999237060547
2014-11-12,27.8125
2014-11-13,28.204999923706055
2014-11-14,28.545000076293945
2014-11-17,28.497499465942383
2014-11-18,28.86750030517578
2014-11-19,28.667499542236328
2014-11-20,29.07749938964844
2014-11-21,29.11750030517578
2014-11-24,29.657499313354492
2014-11-25,29.399999618530273
2014-11-26,29.75
2014-11-28,29.732500076293945
2014-12-01,28.767499923706055
2014-12-02,28.657499313354492
2014-12-03,28.982500076293945
2014-12-04,28.872499465942383
2014-12-05,28.75
2014-12-08,28.100000381469727
2014-12-09,28.530000686645508
2014-12-10,27.987499237060547
2014-12-11,27.905000686645508
2014-12-12,27.4325008392334
2014-12-15,27.0575008392334
2014-12-16,26.6875
2014-12-17,27.352500915527344
2014-12-18,28.162500381469727
2014-12-19,27.94499969482422
2014-12-22,28.23500061035156
2014-12-23,28.135000228881836
2014-12-24,28.002500534057617
2014-12-26,28.497499465942383
2014-12-29,28.477500915527344
2014-12-30,28.1299991607666
2014-12-31,27.594999313354492
2015-01-02,27.332500457763672
2015-01-05,26.5625
2015-01-06,26.565000534057617
2015-01-07,26.9375
2015-01-08,27.97249984741211
2015-01-09,28.002500534057617
2015-01-12,27.3125
2015-01-13,27.55500030517578
2015-01-14,27.450000762939453
2015-01-15,26.704999923706055
2015-01-16,26.497499465942383
2015-01-20,27.18000030517578
2015-01-21,27.387500762939453
2015-01-22,28.100000381469727
2015-01-23,28.2450008392334
2015-01-26,28.274999618530273
2015-01-27,27.28499984741211
2015-01-28,28.82749938964844
2015-01-29,29.725000381469727
2015-01-30,29.290000915527344
2015-02-02,29.657499313354492
2015-02-03,29.662500381469727
2015-02-04,29.88999938964844
2015-02-05,29.98500061035156
2015-02-06,29.732500076293945
2015-02-09,29.93000030517578
2015-02-10,30.5049991607666
2015-02-11,31.219999313354492
2015-02-12,31.614999771118164
2015-02-13,31.770000457763672
2015-02-17,31.957500457763672
2015-02-18,32.18000030517578
2015-02-19,32.11249923706055
2015-02-20,32.375
2015-02-23,33.25
2015-02-24,33.04249954223633
2015-02-25,32.1974983215332
2015-02-26,32.60499954223633
2015-02-27,32.1150016784668
2015-03-02,32.272499084472656
2015-03-03,32.34000015258789
2015-03-04,32.1349983215332
2015-03-05,31.602500915527344
2015-03-06,31.649999618530273
2015-03-09,31.78499984741211
2015-03-10,31.127500534057617
2015-03-11,30.559999465942383
2015-03-12,31.112499237060547
2015-03-13,30.897499084472656
2015-03-16,31.237499237060547
2015-03-17,31.760000228881836
2015-03-18,32.11750030517578
2015-03-19,31.875
2015-03-20,31.475000381469727
2015-03-23,31.802499771118164
2015-03-24,31.67250061035156
2015-03-25,30.844999313354492
2015-03-26,31.059999465942383
2015-03-27,30.8125
2015-03-30,31.592500686645508
2015-03-31,31.107500076293945
2015-04-01,31.0625
2015-04-02,31.329999923706055
2015-04-06,31.837499618530273
2015-04-07,31.502500534057617
2015-04-08,31.399999618530273
2015-04-09,31.63999938964844
2015-04-10,31.774999618530273
2015-04-13,31.712499618530273
2015-04-14,31.575000762939453
2015-04-15,31.69499969482422
2015-04-16,31.542499542236328
2015-04-17,31.1875
2015-04-20,31.899999618530273
2015-04-21,31.727500915527344
2015-04-22,32.154998779296875
2015-04-23,32.41749954223633
2015-04-24,32.56999969482422
2015-04-27,33.162498474121094
2015-04-28,32.63999938964844
2015-04-29,32.15999984741211
2015-04-30,31.287500381469727
2015-05-01,32.23749923706055
2015-05-04,32.17499923706055
2015-05-05,31.450000762939453
2015-05-06,31.252500534057617
2015-05-07,31.315000534057617
2015-05-08,31.905000686645508
2015-05-11,31.579999923706055
2015-05-12,31.467500686645508
2015-05-13,31.502500534057617
2015-05-14,32.23749923706055
2015-05-15,32.192501068115234
2015-05-18,32.54750061035156
2015-05-19,32.51750183105469
2015-05-20,32.51499938964844
2015-05-21,32.84749984741211
2015-05-22,33.1349983215332
2015-05-26,32.404998779296875
2015-05-27,33.0099983215332
2015-05-28,32.94499969482422
2015-05-29,32.56999969482422
2015-06-01,32.6349983215332
2015-06-02,32.4900016784668
2015-06-03,32.529998779296875
2015-06-04,32.34000015258789
2015-06-05,32.162498474121094
2015-06-08,31.950000762939453
2015-06-09,31.854999542236328
2015-06-10,32.220001220703125
2015-06-11,32.147499084472656
2015-06-12,31.792499542236328
2015-06-15,31.729999542236328
2015-06-16,31.899999618530273
2015-06-17,31.825000762939453
2015-06-18,31.969999313354492
2015-06-19,31.649999618530273
2015-06-22,31.90250015258789
2015-06-23,31.75749969482422
2015-06-24,32.02750015258789
2015-06-25,31.875
2015-06-26,31.6875
2015-06-29,31.13249969482422
2015-06-30,31.357500076293945
2015-07-01,31.649999618530273
2015-07-02,31.61000061035156
2015-07-06,31.5
2015-07-07,31.42250061035156
2015-07-08,30.642499923706055
2015-07-09,30.017499923706055
2015-07-10,30.81999969482422
2015-07-13,31.415000915527344
2015-07-14,31.40250015258789
2015-07-15,31.704999923706055
2015-07-16,32.127498626708984
2015-07-17,32.404998779296875
2015-07-20,33.01750183105469
2015-07-21,32.6875
2015-07-22,31.30500030517578
2015-07-23,31.290000915527344
2015-07-24,31.125
2015-07-27,30.6924991607666
2015-07-28,30.844999313354492
2015-07-29,30.747499465942383
2015-07-30,30.592500686645508
2015-07-31,30.325000762939453
2015-08-03,29.61000061035156
2015-08-04,28.65999984741211
2015-08-05,28.850000381469727
2015-08-06,28.782499313354492
2015-08-07,28.8799991607666
2015-08-10,29.93000030517578
2015-08-11,28.372499465942383
2015-08-12,28.809999465942383
2015-08-13,28.787500381469727
2015-08-14,28.989999771118164
2015-08-17,29.290000915527344
2015-08-18,29.125
2015-08-19,28.752500534057617
2015-08-20,28.162500381469727
2015-08-21,26.440000534057617
2015-08-24,25.780000686645508
2015-08-25,25.934999465942383
2015-08-26,27.42250061035156
2015-08-27,28.229999542236328
2015-08-28,28.322500228881836
2015-08-31,28.190000534057617
2015-09-01,26.93000030517578
2015-09-02,28.084999084472656
2015-09-03,27.592500686645508
2015-09-04,27.3174991607666
2015-09-08,28.07749938964844
2015-09-09,27.537500381469727
2015-09-10,28.142499923706055
2015-09-11,28.552499771118164
2015-09-14,28.82749938964844
2015-09-15,29.06999969482422
2015-09-16,29.102500915527344
2015-09-17,28.479999542236328
2015-09-18,28.362499237060547
2015-09-21,28.802499771118164
2015-09-22,28.350000381469727
2015-09-23,28.579999923706055
2015-09-24,28.75
2015-09-25,28.677499771118164
2015-09-28,28.11000061035156
2015-09-29,27.26499938964844
2015-09-30,27.575000762939453
2015-10-01,27.395000457763672
2015-10-02,27.594999313354492
2015-10-05,27.69499969482422
2015-10-06,27.82749938964844
2015-10-07,27.69499969482422
2015-10-08,27.375
2015-10-09,28.030000686645508
2015-10-12,27.899999618530273
2015-10-13,27.947500228881836
2015-10-14,27.552499771118164
2015-10-15,27.96500015258789
2015-10-16,27.760000228881836
2015-10-19,27.9325008392334
2015-10-20,28.4424991607666
2015-10-21,28.440000534057617
2015-10-22,28.875
2015-10-23,29.770000457763672
2015-10-26,28.81999969482422
2015-10-27,28.637500762939453
2015-10-28,29.8174991607666
2015-10-29,30.13249969482422
2015-10-30,29.875
2015-11-02,30.295000076293945
2015-11-03,30.642499923706055
2015-11-04,30.5
2015-11-05,30.229999542236328
2015-11-06,30.26499938964844
2015-11-09,30.142499923706055
2015-11-10,29.1924991607666
2015-11-11,29.02750015258789
2015-11-12,28.93000030517578
2015-11-13,28.084999084472656
2015-11-16,28.545000076293945
2015-11-17,28.42250061035156
2015-11-18,29.322500228881836
2015-11-19,29.69499969482422
2015-11-20,29.825000762939453
2015-11-23,29.4375
2015-11-24,29.719999313354492
2015-11-25,29.50749969482422
2015-11-27,29.45249938964844
2015-11-30,29.575000762939453
2015-12-01,29.334999084472656
2015-12-02,29.06999969482422
2015-12-03,28.799999237060547
2015-12-04,29.75749969482422
2015-12-07,29.56999969482422
2015-12-08,29.5575008392334
2015-12-09,28.905000686645508
2015-12-10,29.042499542236328
2015-12-11,28.295000076293945
2015-12-14,28.1200008392334
2015-12-15,27.622499465942383
2015-12-16,27.834999084472656
2015-12-17,27.2450008392334
2015-12-18,26.50749969482422
2015-12-21,26.832500457763672
2015-12-22,26.8075008392334
2015-12-23,27.15250015258789
2015-12-24,27.00749969482422
2015-12-28,26.704999923706055
2015-12-29,27.184999465942383
2015-12-30,26.829999923706055
2015-12-31,26.315000534057617
2016-01-04,26.337499618530273
2016-01-05,25.677499771118164
2016-01-06,25.174999237060547
2016-01-07,24.112499237060547
2016-01-08,24.239999771118164
2016-01-11,24.63249969482422
2016-01-12,24.989999771118164
2016-01-13,24.34749984741211
2016-01-14,24.8799991607666
2016-01-15,24.282499313354492
2016-01-19,24.165000915527344
2016-01-20,24.197500228881836
2016-01-21,24.075000762939453
2016-01-22,25.354999542236328
2016-01-25,24.86000061035156
2016-01-26,24.997499465942383
2016-01-27,23.354999542236328
2016-01-28,23.522499084472656
2016-01-29,24.334999084472656
2016-02-01,24.107500076293945
2016-02-02,23.6200008392334
2016-02-03,24.087499618530273
2016-02-04,24.149999618530273
2016-02-05,23.5049991607666
2016-02-08,23.752500534057617
2016-02-09,23.747499465942383
2016-02-10,23.5674991607666
2016-02-11,23.424999237060547
2016-02-12,23.497499465942383
2016-02-16,24.15999984741211
2016-02-17,24.530000686645508
2016-02-18,24.065000534057617
2016-02-19,24.010000228881836
2016-02-22,24.219999313354492
2016-02-23,23.67250061035156
2016-02-24,24.024999618530273
2016-02-25,24.190000534057617
2016-02-26,24.227500915527344
2016-02-29,24.17250061035156
2016-03-01,25.13249969482422
2016-03-02,25.1875
2016-03-03,25.375
2016-03-04,25.752500534057617
2016-03-07,25.467500686645508
2016-03-08,25.25749969482422
2016-03-09,25.280000686645508
2016-03-10,25.292499542236328
2016-03-11,25.565000534057617
2016-03-14,25.6299991607666
2016-03-15,26.145000457763672
2016-03-16,26.49250030517578
2016-03-17,26.450000762939453
2016-03-18,26.479999542236328
2016-03-21,26.477500915527344
2016-03-22,26.68000030517578
2016-03-23,26.532499313354492
2016-03-24,26.417499542236328
2016-03-28,26.29750061035156
2016-03-29,26.920000076293945
2016-03-30,27.38999938964844
2016-03-31,27.247499465942383
2016-04-01,27.497499465942383
2016-04-04,27.780000686645508
2016-04-05,27.45249938964844
2016-04-06,27.739999771118164
2016-04-07,27.135000228881836
2016-04-08,27.165000915527344
2016-04-11,27.2549991607666
2016-04-12,27.61000061035156
2016-04-13,28.010000228881836
2016-04-14,28.024999618530273
2016-04-15,27.462499618530273
2016-04-18,26.8700008392334
2016-04-19,26.727500915527344
2016-04-20,26.782499313354492
2016-04-21,26.49250030517578
2016-04-22,26.420000076293945
2016-04-25,26.270000457763672
2016-04-26,26.087499618530273
2016-04-27,24.454999923706055
2016-04-28,23.707500457763672
2016-04-29,23.434999465942383
2016-05-02,23.40999984741211
2016-05-03,23.795000076293945
2016-05-04,23.54750061035156
2016-05-05,23.309999465942383
2016-05-06,23.18000030517578
2016-05-09,23.197500228881836
2016-05-10,23.354999542236328
2016-05-11,23.127500534057617
2016-05-12,22.584999084472656
2016-05-13,22.6299991607666
2016-05-16,23.469999313354492
2016-05-17,23.372499465942383
2016-05-18,23.63999938964844
2016-05-19,23.549999237060547
2016-05-20,23.80500030517578
2016-05-23,24.107500076293945
2016-05-24,24.475000381469727
2016-05-25,24.905000686645508
2016-05-26,25.102500915527344
2016-05-27,25.087499618530273
2016-05-31,24.96500015258789
2016-06-01,24.614999771118164
2016-06-02,24.43000030517578
2016-06-03,24.479999542236328
2016-06-06,24.657499313354492
2016-06-07,24.75749969482422
2016-06-08,24.73500061035156
2016-06-09,24.912500381469727
2016-06-10,24.707500457763672
2016-06-13,24.334999084472656
2016-06-14,24.364999771118164
2016-06-15,24.28499984741211
2016-06-16,24.387500762939453
2016-06-17,23.832500457763672
2016-06-20,23.774999618530273
2016-06-21,23.977500915527344
2016-06-22,23.887500762939453
2016-06-23,24.024999618530273
2016-06-24,23.350000381469727
2016-06-27,23.010000228881836
2016-06-28,23.397499084472656
2016-06-29,23.600000381469727
2016-06-30,23.899999618530273
2016-07-01,23.97249984741211
2016-07-05,23.747499465942383
2016-07-06,23.88249969482422
2016-07-07,23.98500061035156
2016-07-08,24.170000076293945
2016-07-11,24.2450008392334
2016-07-12,24.354999542236328
2016-07-13,24.217500686645508
2016-07-14,24.697500228881836
2016-07-15,24.69499969482422
2016-07-18,24.957500457763672
2016-07-19,24.967500686645508
2016-07-20,24.989999771118164
2016-07-21,24.857500076293945
2016-07-22,24.665000915527344
2016-07-25,24.334999084472656
2016-07-26,24.167499542236328
2016-07-27,25.737499237060547
2016-07-28,26.084999084472656
2016-07-29,26.052499771118164
2016-08-01,26.512500762939453
2016-08-02,26.1200008392334
2016-08-03,26.447500228881836
2016-08-04,26.467500686645508
2016-08-05,26.8700008392334
2016-08-08,27.092500686645508
2016-08-09,27.20249938964844
2016-08-10,27.0
2016-08-11,26.982500076293945
2016-08-12,27.045000076293945
2016-08-15,27.3700008392334
2016-08-16,27.344999313354492
2016-08-17,27.30500030517578
2016-08-18,27.270000457763672
2016-08-19,27.34000015258789
2016-08-22,27.127500534057617
2016-08-23,27.212499618530273
2016-08-24,27.00749969482422
2016-08-25,26.892499923706055
2016-08-26,26.73500061035156
2016-08-29,26.704999923706055
2016-08-30,26.5
2016-08-31,26.524999618530273
2016-09-01,26.6825008392334
2016-09-02,26.9325008392334
2016-09-06,26.924999237060547
2016-09-07,27.09000015258789
2016-09-08,26.3799991607666
2016-09-09,25.782499313354492
2016-09-12,26.36000061035156
2016-09-13,26.987499237060547
2016-09-14,27.9424991607666
2016-09-15,28.892499923706055
2016-09-16,28.729999542236328
2016-09-19,28.395000457763672
2016-09-20,28.392499923706055
2016-09-21,28.387500762939453
2016-09-22,28.655000686645508
2016-09-23,28.177499771118164
2016-09-26,28.219999313354492
2016-09-27,28.272499084472656
2016-09-28,28.487499237060547
2016-09-29,28.045000076293945
2016-09-30,28.262500762939453
2016-10-03,28.1299991607666
2016-10-04,28.25
2016-10-05,28.262500762939453
2016-10-06,28.47249984741211
2016-10-07,28.51499938964844
2016-10-10,29.012500762939453
2016-10-11,29.075000762939453
2016-10-12,29.334999084472656
2016-10-13,29.2450008392334
2016-10-14,29.407499313354492
2016-10-17,29.387500762939453
2016-10-18,29.36750030517578
2016-10-19,29.280000686645508
2016-10-20,29.26499938964844
2016-10-21,29.149999618530273
2016-10-24,29.412500381469727
2016-10-25,29.5625
2016-10-26,28.897499084472656
2016-10-27,28.6200008392334
2016-10-28,28.43000030517578
2016-10-31,28.385000228881836
2016-11-01,27.872499465942383
2016-11-02,27.897499084472656
2016-11-03,27.457500457763672
2016-11-04,27.209999084472656
2016-11-07,27.602500915527344
2016-11-08,27.76499938964844
2016-11-09,27.719999313354492
2016-11-10,26.947500228881836
2016-11-11,27.107500076293945
2016-11-14,26.427499771118164
2016-11-15,26.77750015258789
2016-11-16,27.497499465942383
2016-11-17,27.487499237060547
2016-11-18,27.51499938964844
2016-11-21,27.9325008392334
2016-11-22,27.950000762939453
2016-11-23,27.8075008392334
2016-11-25,27.947500228881836
2016-11-28,27.892499923706055
2016-11-29,27.864999771118164
2016-11-30,27.6299991607666
2016-12-01,27.372499465942383
2016-12-02,27.475000381469727
2016-12-05,27.27750015258789
2016-12-06,27.487499237060547
2016-12-07,27.75749969482422
2016-12-08,28.030000686645508
2016-12-09,28.487499237060547
2016-12-12,28.325000762939453
2016-12-13,28.79750061035156
2016-12-14,28.79750061035156
2016-12-15,28.954999923706055
2016-12-16,28.99250030517578
2016-12-19,29.15999984741211
2016-12-20,29.237499237060547
2016-12-21,29.26499938964844
2016-12-22,29.072500228881836
2016-12-23,29.1299991607666
2016-12-27,29.315000534057617
2016-12-28,29.190000534057617
2016-12-29,29.1825008392334
2016-12-30,28.954999923706055
2017-01-03,29.037500381469727
2017-01-04,29.0049991607666
2017-01-05,29.15250015258789
2017-01-06,29.477500915527344
2017-01-09,29.747499465942383
2017-01-10,29.77750015258789
2017-01-11,29.9375
2017-01-12,29.8125
2017-01-13,29.760000228881836
2017-01-17,30.0
2017-01-18,29.997499465942383
2017-01-19,29.94499969482422
2017-01-20,30.0
2017-01-23,30.020000457763672
2017-01-24,29.99250030517578
2017-01-25,30.469999313354492
2017-01-26,30.48500061035156
2017-01-27,30.487499237060547
2017-01-30,30.407499313354492
2017-01-31,30.337499618530273
2017-02-01,32.1875
2017-02-02,32.13249969482422
2017-02-03,32.27000045776367
2017-02-06,32.5724983215332
2017-02-07,32.88249969482422
2017-02-08,33.0099983215332
2017-02-09,33.10499954223633
2017-02-10,33.029998779296875
2017-02-13,33.3224983215332
2017-02-14,33.755001068115234
2017-02-15,33.877498626708984
2017-02-16,33.837501525878906
2017-02-17,33.93000030517578
2017-02-21,34.17499923706055
2017-02-22,34.27750015258789
2017-02-23,34.13249969482422
2017-02-24,34.165000915527344
2017-02-27,34.23249816894531
2017-02-28,34.247501373291016
2017-03-01,34.9474983215332
2017-03-02,34.7400016784668
2017-03-03,34.94499969482422
2017-03-06,34.834999084472656
2017-03-07,34.880001068115234
2017-03-08,34.75
2017-03-09,34.66999816894531
2017-03-10,34.78499984741211
2017-03-13,34.79999923706055
2017-03-14,34.747501373291016
2017-03-15,35.1150016784668
2017-03-16,35.17250061035156
2017-03-17,34.997501373291016
2017-03-20,35.3650016784668
2017-03-21,34.959999084472656
2017-03-22,35.35499954223633
2017-03-23,35.22999954223633
2017-03-24,35.15999984741211
2017-03-27,35.220001220703125
2017-03-28,35.95000076293945
2017-03-29,36.029998779296875
2017-03-30,35.98249816894531
2017-03-31,35.915000915527344
2017-04-03,35.92499923706055
2017-04-04,36.192501068115234
2017-04-05,36.005001068115234
2017-04-06,35.915000915527344
2017-04-07,35.834999084472656
2017-04-10,35.79249954223633
2017-04-11,35.407501220703125
2017-04-12,35.45000076293945
2017-04-13,35.26250076293945
2017-04-17,35.45750045776367
2017-04-18,35.29999923706055
2017-04-19,35.16999816894531
2017-04-20,35.61000061035156
2017-04-21,35.567501068115234
2017-04-24,35.90999984741211
2017-04-25,36.13249969482422
2017-04-26,35.91999816894531
2017-04-27,35.9474983215332
2017-04-28,35.912498474121094
2017-05-01,36.64500045776367
2017-05-02,36.877498626708984
2017-05-03,36.76499938964844
2017-05-04,36.63249969482422
2017-05-05,37.2400016784668
2017-05-08,38.252498626708984
2017-05-09,38.497501373291016
2017-05-10,38.314998626708984
2017-05-11,38.48749923706055
2017-05-12,39.025001525878906
2017-05-15,38.92499923706055
2017-05-16,38.86750030517578
2017-05-17,37.5625
2017-05-18,38.1349983215332
2017-05-19,38.26499938964844
2017-05-22,38.497501373291016
2017-05-23,38.45000076293945
2017-05-24,38.334999084472656
2017-05-25,38.467498779296875
2017-05-26,38.40250015258789
2017-05-30,38.41749954223633
2017-05-31,38.189998626708984
2017-06-01,38.29499816894531
2017-06-02,38.86249923706055
2017-06-05,38.48249816894531
2017-06-06,38.61249923706055
2017-06-07,38.842498779296875
2017-06-08,38.747501373291016
2017-06-09,37.244998931884766
2017-06-12,36.35499954223633
2017-06-13,36.647499084472656
2017-06-14,36.290000915527344
2017-06-15,36.0724983215332
2017-06-16,35.567501068115234
2017-06-19,36.584999084472656
2017-06-20,36.252498626708984
2017-06-21,36.467498779296875
2017-06-22,36.407501220703125
2017-06-23,36.56999969482422
2017-06-26,36.45500183105469
2017-06-27,35.932498931884766
2017-06-28,36.45750045776367
2017-06-29,35.91999816894531
2017-06-30,36.005001068115234
2017-07-03,35.875
2017-07-05,36.022499084472656
2017-07-06,35.682498931884766
2017-07-07,36.04499816894531
2017-07-10,36.26499938964844
2017-07-11,36.38249969482422
2017-07-12,36.435001373291016
2017-07-13,36.942501068115234
2017-07-14,37.2599983215332
2017-07-17,37.38999938964844
2017-07-18,37.52000045776367
2017-07-19,37.755001068115234
2017-07-20,37.584999084472656
2017-07-21,37.567501068115234
2017-07-24,38.022499084472656
2017-07-25,38.185001373291016
2017-07-26,38.3650016784668
2017-07-27,37.63999938964844
2017-07-28,37.375
2017-07-31,37.182498931884766
2017-08-01,37.51250076293945
2017-08-02,39.28499984741211
2017-08-03,38.89250183105469
2017-08-04,39.09749984741211
2017-08-07,39.70249938964844
2017-08-08,40.02000045776367
2017-08-09,40.26499938964844
2017-08-10,38.83000183105469
2017-08-11,39.369998931884766
2017-08-14,39.962501525878906
2017-08-15,40.400001525878906
2017-08-16,40.23749923706055
2017-08-17,39.46500015258789
2017-08-18,39.375
2017-08-21,39.3025016784668
2017-08-22,39.94499969482422
2017-08-23,39.994998931884766
2017-08-24,39.817501068115234
2017-08-25,39.96500015258789
2017-08-28,40.36750030517578
2017-08-29,40.727500915527344
2017-08-30,40.837501525878906
2017-08-31,41.0
2017-09-01,41.01250076293945
2017-09-05,40.52000045776367
2017-09-06,40.477500915527344
2017-09-07,40.314998626708984
2017-09-08,39.657501220703125
2017-09-11,40.375
2017-09-12,40.21500015258789
2017-09-13,39.912498474121094
2017-09-14,39.56999969482422
2017-09-15,39.970001220703125
2017-09-18,39.66749954223633
2017-09-19,39.682498931884766
2017-09-20,39.01750183105469
2017-09-21,38.34749984741211
2017-09-22,37.97249984741211
2017-09-25,37.63750076293945
2017-09-26,38.28499984741211
2017-09-27,38.557498931884766
2017-09-28,38.31999969482422
2017-09-29,38.529998779296875
2017-10-02,38.45249938964844
2017-10-03,38.619998931884766
2017-10-04,38.369998931884766
2017-10-05,38.84749984741211
2017-10-06,38.82500076293945
2017-10-09,38.959999084472656
2017-10-10,38.974998474121094
2017-10-11,39.13750076293945
2017-10-12,39.0
2017-10-13,39.247501373291016
2017-10-16,39.970001220703125
2017-10-17,40.11750030517578
2017-10-18,39.939998626708984
2017-10-19,38.994998931884766
2017-10-20,39.0625
2017-10-23,39.04249954223633
2017-10-24,39.275001525878906
2017-10-25,39.102500915527344
2017-10-26,39.352500915527344
2017-10-27,40.76250076293945
2017-10-30,41.68000030517578
2017-10-31,42.2599983215332
2017-11-01,41.72249984741211
2017-11-02,42.02750015258789
2017-11-03,43.125
2017-11-06,43.5625
2017-11-07,43.70249938964844
2017-11-08,44.060001373291016
2017-11-09,43.970001220703125
2017-11-10,43.66749954223633
2017-11-13,43.49250030517578
2017-11-14,42.834999084472656
2017-11-15,42.27000045776367
2017-11-16,42.775001525878906
2017-11-17,42.537498474121094
2017-11-20,42.494998931884766
2017-11-21,43.28499984741211
2017-11-22,43.7400016784668
2017-11-24,43.74250030517578
2017-11-27,43.522499084472656
2017-11-28,43.26750183105469
2017-11-29,42.369998931884766
2017-11-30,42.962501525878906
2017-12-01,42.76250076293945
2017-12-04,42.45000076293945
2017-12-05,42.40999984741211
2017-12-06,42.252498626708984
2017-12-07,42.33000183105469
2017-12-08,42.342498779296875
2017-12-11,43.16749954223633
2017-12-12,42.92499923706055
2017-12-13,43.067501068115234
2017-12-14,43.05500030517578
2017-12-15,43.49250030517578
2017-12-18,44.10499954223633
2017-12-19,43.6349983215332
2017-12-20,43.587501525878906
2017-12-21,43.752498626708984
2017-12-22,43.752498626708984
2017-12-26,42.64250183105469
2017-12-27,42.650001525878906
2017-12-28,42.77000045776367
2017-12-29,42.307498931884766
2018-01-02,43.064998626708984
2018-01-03,43.057498931884766
2018-01-04,43.25749969482422
2018-01-05,43.75
2018-01-08,43.587501525878906
2018-01-09,43.58250045776367
2018-01-10,43.5724983215332
2018-01-11,43.81999969482422
2018-01-12,44.272499084472656
2018-01-16,44.04750061035156
2018-01-17,44.775001525878906
2018-01-18,44.814998626708984
2018-01-19,44.6150016784668
2018-01-22,44.25
2018-01-23,44.2599983215332
2018-01-24,43.55500030517578
2018-01-25,42.77750015258789
2018-01-26,42.877498626708984
2018-01-29,41.9900016784668
2018-01-30,41.74250030517578
2018-01-31,41.85749816894531
2018-02-01,41.94499969482422
2018-02-02,40.125
2018-02-05,39.122501373291016
2018-02-06,40.75749969482422
2018-02-07,39.8849983215332
2018-02-08,38.787498474121094
2018-02-09,39.102500915527344
2018-02-12,40.6775016784668
2018-02-13,41.084999084472656
2018-02-14,41.842498779296875
2018-02-15,43.247501373291016
2018-02-16,43.10749816894531
2018-02-20,42.962501525878906
2018-02-21,42.76750183105469
2018-02-22,43.125
2018-02-23,43.875
2018-02-26,44.74250030517578
2018-02-27,44.59749984741211
2018-02-28,44.529998779296875
2018-03-01,43.75
2018-03-02,44.0525016784668
2018-03-05,44.20500183105469
2018-03-06,44.16749954223633
2018-03-07,43.75749969482422
2018-03-08,44.23500061035156
2018-03-09,44.994998931884766
2018-03-12,45.43000030517578
2018-03-13,44.99250030517578
2018-03-14,44.61000061035156
2018-03-15,44.662498474121094
2018-03-16,44.505001068115234
2018-03-19,43.82500076293945
2018-03-20,43.810001373291016
2018-03-21,42.817501068115234
2018-03-22,42.212501525878906
2018-03-23,41.23500061035156
2018-03-26,43.192501068115234
2018-03-27,42.084999084472656
2018-03-28,41.619998931884766
2018-03-29,41.94499969482422
2018-04-02,41.66999816894531
2018-04-03,42.09749984741211
2018-04-04,42.90250015258789
2018-04-05,43.20000076293945
2018-04-06,42.095001220703125
2018-04-09,42.51250076293945
2018-04-10,43.3125
2018-04-11,43.11000061035156
2018-04-12,43.53499984741211
2018-04-13,43.682498931884766
2018-04-16,43.95500183105469
2018-04-17,44.560001373291016
2018-04-18,44.459999084472656
2018-04-19,43.20000076293945
2018-04-20,41.43000030517578
2018-04-23,41.310001373291016
2018-04-24,40.73500061035156
2018-04-25,40.912498474121094
2018-04-26,41.05500030517578
2018-04-27,40.58000183105469
2018-04-30,41.314998626708984
2018-05-01,42.275001525878906
2018-05-02,44.14250183105469
2018-05-03,44.22249984741211
2018-05-04,45.95750045776367
2018-05-07,46.290000915527344
2018-05-08,46.51250076293945
2018-05-09,46.84000015258789
2018-05-10,47.5099983215332
2018-05-11,47.147499084472656
2018-05-14,47.037498474121094
2018-05-15,46.61000061035156
2018-05-16,47.04499816894531
2018-05-17,46.747501373291016
2018-05-18,46.57749938964844
2018-05-21,46.907501220703125
2018-05-22,46.790000915527344
2018-05-23,47.09000015258789
2018-05-24,47.037498474121094
2018-05-25,47.14500045776367
2018-05-29,46.974998474121094
2018-05-30,46.875
2018-05-31,46.717498779296875
2018-06-01,47.560001373291016
2018-06-04,47.95750045776367
2018-06-05,48.32749938964844
2018-06-06,48.494998931884766
2018-06-07,48.3650016784668
2018-06-08,47.92499923706055
2018-06-11,47.807498931884766
2018-06-12,48.06999969482422
2018-06-13,47.67499923706055
2018-06-14,47.70000076293945
2018-06-15,47.209999084472656
2018-06-18,47.185001373291016
2018-06-19,46.42250061035156
2018-06-20,46.625
2018-06-21,46.3650016784668
2018-06-22,46.22999954223633
2018-06-25,45.54249954223633
2018-06-26,46.10749816894531
2018-06-27,46.040000915527344
2018-06-28,46.375
2018-06-29,46.27750015258789
2018-07-02,46.79499816894531
2018-07-03,45.97999954223633
2018-07-05,46.349998474121094
2018-07-06,46.99250030517578
2018-07-09,47.64500045776367
2018-07-10,47.587501525878906
2018-07-11,46.970001220703125
2018-07-12,47.75749969482422
2018-07-13,47.83250045776367
2018-07-16,47.727500915527344
2018-07-17,47.86249923706055
2018-07-18,47.599998474121094
2018-07-19,47.970001220703125
2018-07-20,47.86000061035156
2018-07-23,47.90250015258789
2018-07-24,48.25
2018-07-25,48.70500183105469
2018-07-26,48.5525016784668
2018-07-27,47.744998931884766
2018-07-30,47.477500915527344
2018-07-31,47.5724983215332
2018-08-01,50.375
2018-08-02,51.84749984741211
2018-08-03,51.997501373291016
2018-08-06,52.26750183105469
2018-08-07,51.77750015258789
2018-08-08,51.8125
2018-08-09,52.220001220703125
2018-08-10,51.88249969482422
2018-08-13,52.217498779296875
2018-08-14,52.4375
2018-08-15,52.560001373291016
2018-08-16,53.33000183105469
2018-08-17,54.39500045776367
2018-08-20,53.8650016784668
2018-08-21,53.7599983215332
2018-08-22,53.76250076293945
2018-08-23,53.872501373291016
2018-08-24,54.040000915527344
2018-08-27,54.48500061035156
2018-08-28,54.92499923706055
2018-08-29,55.744998931884766
2018-08-30,56.25749969482422
2018-08-31,56.907501220703125
2018-09-04,57.09000015258789
2018-09-05,56.717498779296875
2018-09-06,55.775001525878906
2018-09-07,55.32500076293945
2018-09-10,54.58250045776367
2018-09-11,55.962501525878906
2018-09-12,55.26750183105469
2018-09-13,56.602500915527344
2018-09-14,55.959999084472656
2018-09-17,54.470001220703125
2018-09-18,54.560001373291016
2018-09-19,54.592498779296875
2018-09-20,55.00749969482422
2018-09-21,54.415000915527344
2018-09-24,55.1974983215332
2018-09-25,55.54750061035156
2018-09-26,55.10499954223633
2018-09-27,56.23749923706055
2018-09-28,56.435001373291016
2018-10-01,56.814998626708984
2018-10-02,57.31999969482422
2018-10-03,58.01750183105469
2018-10-04,56.997501373291016
2018-10-05,56.0724983215332
2018-10-08,55.942501068115234
2018-10-09,56.717498779296875
2018-10-10,54.09000015258789
2018-10-11,53.61249923706055
2018-10-12,55.52750015258789
2018-10-15,54.34000015258789
2018-10-16,55.537498474121094
2018-10-17,55.29750061035156
2018-10-18,54.005001068115234
2018-10-19,54.82749938964844
2018-10-22,55.162498474121094
2018-10-23,55.682498931884766
2018-10-24,53.772499084472656
2018-10-25,54.95000076293945
2018-10-26,54.07500076293945
2018-10-29,53.060001373291016
2018-10-30,53.32500076293945
2018-10-31,54.71500015258789
2018-11-01,55.55500030517578
2018-11-02,51.869998931884766
2018-11-05,50.397499084472656
2018-11-06,50.942501068115234
2018-11-07,52.48749923706055
2018-11-08,52.122501373291016
2018-11-09,51.11750030517578
2018-11-12,48.54249954223633
2018-11-13,48.057498931884766
2018-11-14,46.70000076293945
2018-11-15,47.852500915527344
2018-11-16,48.38249969482422
2018-11-19,46.46500015258789
2018-11-20,44.244998931884766
2018-11-21,44.19499969482422
2018-11-23,43.0724983215332
2018-11-26,43.654998779296875
2018-11-27,43.560001373291016
2018-11-28,45.23500061035156
2018-11-29,44.88750076293945
2018-11-30,44.64500045776367
2018-12-03,46.20500183105469
2018-12-04,44.17250061035156
2018-12-06,43.68000030517578
2018-12-07,42.122501373291016
2018-12-10,42.400001525878906
2018-12-11,42.157501220703125
2018-12-12,42.275001525878906
2018-12-13,42.73749923706055
2018-12-14,41.369998931884766
2018-12-17,40.98500061035156
2018-12-18,41.51750183105469
2018-12-19,40.22249984741211
2018-12-20,39.20750045776367
2018-12-21,37.682498931884766
2018-12-24,36.70750045776367
2018-12-26,39.29249954223633
2018-12-27,39.037498474121094
2018-12-28,39.057498931884766
2018-12-31,39.435001373291016
2019-01-02,39.47999954223633
2019-01-03,35.54750061035156
2019-01-04,37.064998626708984
2019-01-07,36.98249816894531
2019-01-08,37.6875
2019-01-09,38.32749938964844
2019-01-10,38.45000076293945
2019-01-11,38.0724983215332
2019-01-14,37.5
2019-01-15,38.26750183105469
2019-01-16,38.73500061035156
2019-01-17,38.96500015258789
2019-01-18,39.20500183105469
2019-01-22,38.32500076293945
2019-01-23,38.47999954223633
2019-01-24,38.17499923706055
2019-01-25,39.439998626708984
2019-01-28,39.07500076293945
2019-01-29,38.66999816894531
2019-01-30,41.3125
2019-01-31,41.61000061035156
2019-02-01,41.630001068115234
2019-02-04,42.8125
2019-02-05,43.54499816894531
2019-02-06,43.560001373291016
2019-02-07,42.73500061035156
2019-02-08,42.602500915527344
2019-02-11,42.35749816894531
2019-02-12,42.72249984741211
2019-02-13,42.54499816894531
2019-02-14,42.70000076293945
2019-02-15,42.60499954223633
2019-02-19,42.73249816894531
2019-02-20,43.00749969482422
2019-02-21,42.76499938964844
2019-02-22,43.24250030517578
2019-02-25,43.557498931884766
2019-02-26,43.58250045776367
2019-02-27,43.717498779296875
2019-02-28,43.287498474121094
2019-03-01,43.74250030517578
2019-03-04,43.962501525878906
2019-03-05,43.88249969482422
2019-03-06,43.630001068115234
2019-03-07,43.125
2019-03-08,43.227500915527344
2019-03-11,44.724998474121094
2019-03-12,45.227500915527344
2019-03-13,45.4275016784668
2019-03-14,45.932498931884766
2019-03-15,46.529998779296875
2019-03-18,47.005001068115234
2019-03-19,46.63249969482422
2019-03-20,47.040000915527344
2019-03-21,48.772499084472656
2019-03-22,47.76250076293945
2019-03-25,47.185001373291016
2019-03-26,46.6974983215332
2019-03-27,47.11750030517578
2019-03-28,47.18000030517578
2019-03-29,47.48749923706055
2019-04-01,47.810001373291016
2019-04-02,48.505001068115234
2019-04-03,48.837501525878906
2019-04-04,48.92250061035156
2019-04-05,49.25
2019-04-08,50.025001525878906
2019-04-09,49.875
2019-04-10,50.154998779296875
2019-04-11,49.73749923706055
2019-04-12,49.717498779296875
2019-04-15,49.807498931884766
2019-04-16,49.8125
2019-04-17,50.782501220703125
2019-04-18,50.96500015258789
2019-04-22,51.13249969482422
2019-04-23,51.869998931884766
2019-04-24,51.790000915527344
2019-04-25,51.31999969482422
2019-04-26,51.07500076293945
2019-04-29,51.15250015258789
2019-04-30,50.16749954223633
2019-05-01,52.630001068115234
2019-05-02,52.287498474121094
2019-05-03,52.9375
2019-05-06,52.119998931884766
2019-05-07,50.71500015258789
2019-05-08,50.724998474121094
2019-05-09,50.18000030517578
2019-05-10,49.29499816894531
2019-05-13,46.43000030517578
2019-05-14,47.165000915527344
2019-05-15,47.72999954223633
2019-05-16,47.52000045776367
2019-05-17,47.25
2019-05-20,45.772499084472656
2019-05-21,46.650001525878906
2019-05-22,45.69499969482422
2019-05-23,44.915000915527344
2019-05-24,44.74250030517578
2019-05-28,44.557498931884766
2019-05-29,44.345001220703125
2019-05-30,44.57500076293945
2019-05-31,43.76750183105469
2019-06-03,43.32500076293945
2019-06-04,44.90999984741211
2019-06-05,45.6349983215332
2019-06-06,46.30500030517578
2019-06-07,47.537498474121094
2019-06-10,48.14500045776367
2019-06-11,48.70249938964844
2019-06-12,48.54750061035156
2019-06-13,48.537498474121094
2019-06-14,48.185001373291016
2019-06-17,48.47249984741211
2019-06-18,49.61249923706055
2019-06-19,49.467498779296875
2019-06-20,49.8650016784668
2019-06-21,49.69499969482422
2019-06-24,49.64500045776367
2019-06-25,48.89250183105469
2019-06-26,49.95000076293945
2019-06-27,49.935001373291016
2019-06-28,49.47999954223633
2019-07-01,50.38750076293945
2019-07-02,50.682498931884766
2019-07-03,51.102500915527344
2019-07-05,51.057498931884766
2019-07-08,50.005001068115234
2019-07-09,50.310001373291016
2019-07-10,50.807498931884766
2019-07-11,50.4375
2019-07-12,50.82500076293945
2019-07-15,51.3025016784668
2019-07-16,51.125
2019-07-17,50.837501525878906
2019-07-18,51.415000915527344
2019-07-19,50.647499084472656
2019-07-22,51.80500030517578
2019-07-23,52.209999084472656
2019-07-24,52.16749954223633
2019-07-25,51.755001068115234
2019-07-26,51.935001373291016
2019-07-29,52.41999816894531
2019-07-30,52.19499969482422
2019-07-31,53.2599983215332
2019-08-01,52.10749816894531
2019-08-02,51.005001068115234
2019-08-05,48.334999084472656
2019-08-06,49.25
2019-08-07,49.7599983215332
2019-08-08,50.85749816894531
2019-08-09,50.247501373291016
2019-08-12,50.119998931884766
2019-08-13,52.24250030517578
2019-08-14,50.6875
2019-08-15,50.435001373291016
2019-08-16,51.625
2019-08-19,52.587501525878906
2019-08-20,52.59000015258789
2019-08-21,53.15999984741211
2019-08-22,53.1150016784668
2019-08-23,50.65999984741211
2019-08-26,51.622501373291016
2019-08-27,51.040000915527344
2019-08-28,51.38249969482422
2019-08-29,52.252498626708984
2019-08-30,52.185001373291016
2019-09-03,51.42499923706055
2019-09-04,52.29750061035156
2019-09-05,53.31999969482422
2019-09-06,53.314998626708984
2019-09-09,53.54249954223633
2019-09-10,54.17499923706055
2019-09-11,55.897499084472656
2019-09-12,55.772499084472656
2019-09-13,54.6875
2019-09-16,54.974998474121094
2019-09-17,55.17499923706055
2019-09-18,55.692501068115234
2019-09-19,55.2400016784668
2019-09-20,54.432498931884766
2019-09-23,54.68000030517578
2019-09-24,54.41999816894531
2019-09-25,55.25749969482422
2019-09-26,54.97249984741211
2019-09-27,54.70500183105469
2019-09-30,55.99250030517578
2019-10-01,56.147499084472656
2019-10-02,54.7400016784668
2019-10-03,55.20500183105469
2019-10-04,56.752498626708984
2019-10-07,56.76499938964844
2019-10-08,56.099998474121094
2019-10-09,56.75749969482422
2019-10-10,57.522499084472656
2019-10-11,59.0525016784668
2019-10-14,58.967498779296875
2019-10-15,58.83000183105469
2019-10-16,58.592498779296875
2019-10-17,58.81999969482422
2019-10-18,59.102500915527344
2019-10-21,60.127498626708984
2019-10-22,59.9900016784668
2019-10-23,60.79499816894531
2019-10-24,60.89500045776367
2019-10-25,61.64500045776367
2019-10-28,62.26250076293945
2019-10-29,60.8224983215332
2019-10-30,60.814998626708984
2019-10-31,62.189998626708984
2019-11-01,63.95500183105469
2019-11-04,64.375
2019-11-05,64.28250122070312
2019-11-06,64.30999755859375
2019-11-07,64.85749816894531
2019-11-08,65.03500366210938
2019-11-11,65.55000305175781
2019-11-12,65.48999786376953
2019-11-13,66.11750030517578
2019-11-14,65.66000366210938
2019-11-15,66.44000244140625
2019-11-18,66.7750015258789
2019-11-19,66.57250213623047
2019-11-20,65.79750061035156
2019-11-21,65.50250244140625
2019-11-22,65.44499969482422
2019-11-25,66.59249877929688
2019-11-26,66.07250213623047
2019-11-27,66.95999908447266
2019-11-29,66.8125
2019-12-02,66.04000091552734
2019-12-03,64.86250305175781
2019-12-04,65.43499755859375
2019-12-05,66.3949966430664
2019-12-06,67.67749786376953
2019-12-09,66.7300033569336
2019-12-10,67.12000274658203
2019-12-11,67.69249725341797
2019-12-12,67.86499786376953
2019-12-13,68.7874984741211
2019-12-16,69.96499633789062
2019-12-17,70.10250091552734
2019-12-18,69.93499755859375
2019-12-19,70.00499725341797
2019-12-20,69.86000061035156
2019-12-23,71.0
2019-12-24,71.06749725341797
2019-12-26,72.47750091552734
2019-12-27,72.44999694824219
2019-12-30,72.87999725341797
2019-12-31,73.4124984741211
2020-01-02,75.0875015258789
2020-01-03,74.35749816894531
2020-01-06,74.94999694824219
2020-01-07,74.59750366210938
2020-01-08,75.79750061035156
2020-01-09,77.40750122070312
2020-01-10,77.5824966430664
2020-01-13,79.23999786376953
2020-01-14,78.16999816894531
2020-01-15,77.83499908447266
2020-01-16,78.80999755859375
2020-01-17,79.68250274658203
2020-01-21,79.14250183105469
2020-01-22,79.42500305175781
2020-01-23,79.80750274658203
2020-01-24,79.57749938964844
2020-01-27,77.23750305175781
2020-01-28,79.42250061035156
2020-01-29,81.08499908447266
2020-01-30,80.96749877929688
2020-01-31,77.37750244140625
2020-02-03,77.16500091552734
2020-02-04,79.7125015258789
2020-02-05,80.36250305175781
2020-02-06,81.30249786376953
2020-02-07,80.00749969482422
2020-02-10,80.38749694824219
2020-02-11,79.90249633789062
2020-02-12,81.80000305175781
2020-02-13,81.21749877929688
2020-02-14,81.23750305175781
2020-02-18,79.75
2020-02-19,80.90499877929688
2020-02-20,80.07499694824219
2020-02-21,78.26249694824219
2020-02-24,74.54499816894531
2020-02-25,72.0199966430664
2020-02-26,73.1624984741211
2020-02-27,68.37999725341797
2020-02-28,68.33999633789062
2020-03-02,74.70249938964844
2020-03-03,72.33000183105469
2020-03-04,75.68499755859375
2020-03-05,73.2300033569336
2020-03-06,72.25749969482422
2020-03-09,66.5425033569336
2020-03-10,71.33499908447266
2020-03-11,68.85749816894531
2020-03-12,62.057498931884766
2020-03-13,69.49250030517578
2020-03-16,60.5525016784668
2020-03-17,63.21500015258789
2020-03-18,61.66749954223633
2020-03-19,61.19499969482422
2020-03-20,57.310001373291016
2020-03-23,56.092498779296875
2020-03-24,61.720001220703125
2020-03-25,61.380001068115234
2020-03-26,64.61000061035156
2020-03-27,61.935001373291016
2020-03-30,63.70249938964844
2020-03-31,63.5724983215332
2020-04-01,60.227500915527344
2020-04-02,61.23249816894531
2020-04-03,60.352500915527344
2020-04-06,65.61750030517578
2020-04-07,64.85749816894531
2020-04-08,66.51750183105469
2020-04-09,66.99749755859375
2020-04-13,68.3125
2020-04-14,71.76249694824219
2020-04-15,71.10749816894531
2020-04-16,71.67250061035156
2020-04-17,70.69999694824219
2020-04-20,69.23249816894531
2020-04-21,67.09249877929688
2020-04-22,69.0250015258789
2020-04-23,68.75749969482422
2020-04-24,70.74250030517578
2020-04-27,70.7925033569336
2020-04-28,69.6449966430664
2020-04-29,71.93250274658203
2020-04-30,73.44999694824219
2020-05-01,72.26750183105469
2020-05-04,73.29000091552734
2020-05-05,74.38999938964844
2020-05-06,75.15750122070312
2020-05-07,75.93499755859375
2020-05-08,77.53250122070312
2020-05-11,78.75250244140625
2020-05-12,77.85250091552734
2020-05-13,76.9124984741211
2020-05-14,77.38500213623047
2020-05-15,76.92749786376953
2020-05-18,78.73999786376953
2020-05-19,78.28500366210938
2020-05-20,79.80750274658203
2020-05-21,79.2125015258789
2020-05-22,79.72250366210938
2020-05-26,79.18250274658203
2020-05-27,79.52749633789062
2020-05-28,79.5625
2020-05-29,79.48500061035156
2020-06-01,80.4625015258789
2020-06-02,80.83499908447266
2020-06-03,81.27999877929688
2020-06-04,80.58000183105469
2020-06-05,82.875
2020-06-08,83.36499786376953
2020-06-09,85.99749755859375
2020-06-10,88.20999908447266
2020-06-11,83.9749984741211
2020-06-12,84.69999694824219
2020-06-15,85.74749755859375
2020-06-16,88.0199966430664
2020-06-17,87.89749908447266
2020-06-18,87.93250274658203
2020-06-19,87.43000030517578
2020-06-22,89.71749877929688
2020-06-23,91.63249969482422
2020-06-24,90.01499938964844
2020-06-25,91.20999908447266
2020-06-26,88.40750122070312
2020-06-29,90.44499969482422
2020-06-30,91.1999969482422
2020-07-01,91.02749633789062
2020-07-02,91.02749633789062
2020-07-06,93.4625015258789
2020-07-07,93.17250061035156
2020-07-08,95.34249877929688
2020-07-09,95.75250244140624
2020-07-10,95.91999816894533
2020-07-13,95.47750091552734
2020-07-14,97.05750274658205
2020-07-15,97.7249984741211
2020-07-16,96.52249908447266
2020-07-17,96.32749938964844
2020-07-20,98.35749816894533
2020-07-21,97.0
2020-07-22,97.27249908447266
2020-07-23,92.84500122070312
2020-07-24,92.61499786376952
2020-07-27,94.80999755859376
2020-07-28,93.25250244140624
2020-07-29,95.04000091552734
2020-07-30,96.19000244140624
2020-07-31,106.26000213623048
2020-08-03,108.9375
2020-08-04,109.66500091552734
2020-08-05,110.0625
2020-08-06,113.90249633789062
2020-08-07,111.1125030517578
2020-08-10,112.72750091552734
2020-08-11,109.375
2020-08-12,113.01000213623048
2020-08-13,115.01000213623048
2020-08-14,114.90750122070312
2020-08-17,114.60749816894533
2020-08-18,115.5625
2020-08-19,115.7074966430664
2020-08-20,118.2750015258789
2020-08-21,124.37000274658205
2020-08-24,125.85749816894533
2020-08-25,124.8249969482422
2020-08-26,126.52249908447266
2020-08-27,125.01000213623048
2020-08-28,124.80750274658205
2020-08-31,129.0399932861328
2020-09-01,134.17999267578125
2020-09-02,131.39999389648438
2020-09-03,120.87999725341795
2020-09-04,120.95999908447266
2020-09-08,112.81999969482422
2020-09-09,117.31999969482422
2020-09-10,113.48999786376952
2020-09-11,112.0
2020-09-14,115.36000061035156
2020-09-15,115.54000091552734
2020-09-16,112.12999725341795
2020-09-17,110.33999633789062
2020-09-18,106.83999633789062
2020-09-21,110.08000183105467
2020-09-22,111.80999755859376
2020-09-23,107.12000274658205
2020-09-24,108.22000122070312
2020-09-25,112.27999877929688
2020-09-28,114.95999908447266
2020-09-29,114.08999633789062
2020-09-30,115.80999755859376
2020-10-01,116.79000091552734
2020-10-02,113.0199966430664
2020-10-05,116.5
2020-10-06,113.16000366210938
2020-10-07,115.08000183105467
2020-10-08,114.97000122070312
2020-10-09,116.97000122070312
2020-10-12,124.4000015258789
2020-10-13,121.0999984741211
2020-10-14,121.19000244140624
2020-10-15,120.70999908447266
2020-10-16,119.0199966430664
2020-10-19,115.9800033569336
2020-10-20,117.51000213623048
2020-10-21,116.87000274658205
2020-10-22,115.75
2020-10-23,115.04000091552734
2020-10-26,115.0500030517578
2020-10-27,116.5999984741211
2020-10-28,111.1999969482422
2020-10-29,115.31999969482422
2020-10-30,108.86000061035156
2020-11-02,108.7699966430664
2020-11-03,110.44000244140624
2020-11-04,114.9499969482422
2020-11-05,119.02999877929688
2020-11-06,118.69000244140624
2020-11-09,116.31999969482422
2020-11-10,115.97000122070312
2020-11-11,119.48999786376952
2020-11-12,119.20999908447266
2020-11-13,119.26000213623048
2020-11-16,120.3000030517578
2020-11-17,119.38999938964844
2020-11-18,118.02999877929688
2020-11-19,118.63999938964844
2020-11-20,117.33999633789062
2020-11-23,113.8499984741211
2020-11-24,115.16999816894533
2020-11-25,116.02999877929688
2020-11-27,116.58999633789062
2020-11-30,119.0500030517578
2020-12-01,122.72000122070312
2020-12-02,123.08000183105467
2020-12-03,122.94000244140624
2020-12-04,122.25
2020-12-07,123.75
2020-12-08,124.37999725341795
2020-12-09,121.77999877929688
2020-12-10,123.23999786376952
2020-12-11,122.41000366210938
2020-12-14,121.77999877929688
2020-12-15,127.87999725341795
2020-12-16,127.80999755859376
2020-12-17,128.6999969482422
2020-12-18,126.66000366210938
2020-12-21,128.22999572753906
2020-12-22,131.8800048828125
2020-12-23,130.9600067138672
2020-12-24,131.97000122070312
2020-12-28,136.69000244140625
2020-12-29,134.8699951171875
2020-12-30,133.72000122070312
2020-12-31,132.69000244140625
2021-01-04,129.41000366210938
2021-01-05,131.00999450683594
2021-01-06,126.5999984741211
2021-01-07,130.9199981689453
2021-01-08,132.0500030517578
2021-01-11,128.97999572753906
2021-01-12,128.8000030517578
2021-01-13,130.88999938964844
2021-01-14,128.91000366210938
2021-01-15,127.13999938964844
2021-01-19,127.83000183105467
2021-01-20,132.02999877929688
2021-01-21,136.8699951171875
2021-01-22,139.07000732421875
2021-01-25,142.9199981689453
2021-01-26,143.16000366210938
2021-01-27,142.05999755859375
2021-01-28,137.08999633789062
2021-01-29,131.9600067138672
2021-02-01,134.13999938964844
2021-02-02,134.99000549316406
2021-02-03,133.94000244140625
2021-02-04,137.38999938964844
2021-02-05,136.75999450683594
2021-02-08,136.91000366210938
2021-02-09,136.00999450683594
2021-02-10,135.38999938964844
2021-02-11,135.1300048828125
2021-02-12,135.3699951171875
2021-02-16,133.19000244140625
2021-02-17,130.83999633789062
2021-02-18,129.7100067138672
2021-02-19,129.8699951171875
2021-02-22,126.0
2021-02-23,125.86000061035156
2021-02-24,125.3499984741211
2021-02-25,120.98999786376952
2021-02-26,121.26000213623048
2021-03-01,127.79000091552734
2021-03-02,125.12000274658205
2021-03-03,122.05999755859376
2021-03-04,120.12999725341795
2021-03-05,121.41999816894533
2021-03-08,116.36000061035156
2021-03-09,121.08999633789062
2021-03-10,119.9800033569336
2021-03-11,121.95999908447266
2021-03-12,121.02999877929688
2021-03-15,123.98999786376952
2021-03-16,125.56999969482422
2021-03-17,124.76000213623048
2021-03-18,120.52999877929688
2021-03-19,119.98999786376952
2021-03-22,123.38999938964844
2021-03-23,122.54000091552734
2021-03-24,120.08999633789062
2021-03-25,120.58999633789062
2021-03-26,121.20999908447266
2021-03-29,121.38999938964844
2021-03-30,119.9000015258789
2021-03-31,122.1500015258789
2021-04-01,123.0
2021-04-05,125.9000015258789
2021-04-06,126.20999908447266
2021-04-07,127.9000015258789
2021-04-08,130.36000061035156
2021-04-09,133.0
2021-04-12,131.24000549316406
2021-04-13,134.42999267578125
2021-04-14,132.02999877929688
2021-04-15,134.5
2021-04-16,134.16000366210938
2021-04-19,134.83999633789062
2021-04-20,133.11000061035156
2021-04-21,133.5
2021-04-22,131.94000244140625
2021-04-23,134.32000732421875
2021-04-26,134.72000122070312
2021-04-27,134.38999938964844
2021-04-28,133.5800018310547
2021-04-29,133.47999572753906
2021-04-30,131.4600067138672
2021-05-03,132.5399932861328
2021-05-04,127.8499984741211
2021-05-05,128.10000610351562
2021-05-06,129.74000549316406
2021-05-07,130.2100067138672
2021-05-10,126.8499984741211
2021-05-11,125.91000366210938
2021-05-12,122.7699966430664
2021-05-13,124.97000122070312
2021-05-14,127.4499969482422
2021-05-17,126.2699966430664
2021-05-18,124.8499984741211
2021-05-19,124.69000244140624
2021-05-20,127.30999755859376
2021-05-21,125.43000030517578
2021-05-24,127.0999984741211
2021-05-25,126.9000015258789
2021-05-26,126.8499984741211
2021-05-27,125.27999877929688
2021-05-28,124.61000061035156
2021-06-01,124.27999877929688
2021-06-02,125.05999755859376
2021-06-03,123.54000091552734
2021-06-04,125.88999938964844
2021-06-07,125.9000015258789
2021-06-08,126.73999786376952
2021-06-09,127.12999725341795
2021-06-10,126.11000061035156
2021-06-11,127.3499984741211
2021-06-14,130.47999572753906
2021-06-15,129.63999938964844
2021-06-16,130.14999389648438
2021-06-17,131.7899932861328
2021-06-18,130.4600067138672
2021-06-21,132.3000030517578
2021-06-22,133.97999572753906
2021-06-23,133.6999969482422
2021-06-24,133.41000366210938
2021-06-25,133.11000061035156
2021-06-28,134.77999877929688
2021-06-29,136.3300018310547
2021-06-30,136.9600067138672
2021-07-01,137.27000427246094
2021-07-02,139.9600067138672
2021-07-06,142.02000427246094
2021-07-07,144.57000732421875
2021-07-08,143.24000549316406
2021-07-09,145.11000061035156
2021-07-12,144.5
2021-07-13,145.63999938964844
2021-07-14,149.14999389648438
2021-07-15,148.47999572753906
2021-07-16,146.38999938964844
2021-07-19,142.4499969482422
2021-07-20,146.14999389648438
2021-07-21,145.39999389648438
2021-07-22,146.8000030517578
2021-07-23,148.55999755859375
2021-07-26,148.99000549316406
2021-07-27,146.77000427246094
2021-07-28,144.97999572753906
2021-07-29,145.63999938964844
2021-07-30,145.86000061035156
2021-08-02,145.52000427246094
2021-08-03,147.36000061035156
2021-08-04,146.9499969482422
2021-08-05,147.05999755859375
2021-08-06,146.13999938964844
2021-08-09,146.08999633789062
2021-08-10,145.60000610351562
2021-08-11,145.86000061035156
2021-08-12,148.88999938964844
2021-08-13,149.10000610351562
2021-08-16,151.1199951171875
2021-08-17,150.19000244140625
2021-08-18,146.36000061035156
2021-08-19,146.6999969482422
2021-08-20,148.19000244140625
2021-08-23,149.7100067138672
2021-08-24,149.6199951171875
2021-08-25,148.36000061035156
2021-08-26,147.5399932861328
2021-08-27,148.60000610351562
2021-08-30,153.1199951171875
2021-08-31,151.8300018310547
2021-09-01,152.50999450683594
2021-09-02,153.64999389648438
2021-09-03,154.3000030517578
2021-09-07,156.69000244140625
2021-09-08,155.11000061035156
2021-09-09,154.07000732421875
2021-09-10,148.97000122070312
2021-09-13,149.5500030517578
2021-09-14,148.1199951171875
2021-09-15,149.02999877929688
2021-09-16,148.7899932861328
2021-09-17,146.05999755859375
2021-09-20,142.94000244140625
2021-09-21,143.42999267578125
2021-09-22,145.85000610351562
2021-09-23,146.8300018310547
2021-09-24,146.9199981689453
2021-09-27,145.3699951171875
2021-09-28,141.91000366210938
2021-09-29,142.8300018310547
2021-09-30,141.5
2021-10-01,142.64999389648438
2021-10-04,139.13999938964844
2021-10-05,141.11000061035156
2021-10-06,142.0
2021-10-07,143.2899932861328
2021-10-08,142.89999389648438
2021-10-11,142.80999755859375
2021-10-12,141.50999450683594
2021-10-13,140.91000366210938
2021-10-14,143.75999450683594
2021-10-15,144.83999633789062
2021-10-18,146.5500030517578
2021-10-19,148.75999450683594
2021-10-20,149.25999450683594
2021-10-21,149.47999572753906
2021-10-22,148.69000244140625
2021-10-25,148.63999938964844
2021-10-26,149.32000732421875
2021-10-27,148.85000610351562
2021-10-28,152.57000732421875
2021-10-29,149.8000030517578
2021-11-01,148.9600067138672
2021-11-02,150.02000427246094
2021-11-03,151.49000549316406
2021-11-04,150.9600067138672
2021-11-05,151.27999877929688
2021-11-08,150.44000244140625
2021-11-09,150.80999755859375
2021-11-10,147.9199981689453
2021-11-11,147.8699951171875
2021-11-12,149.99000549316406
2021-11-15,150.0
2021-11-16,151.0
2021-11-17,153.49000549316406
2021-11-18,157.8699951171875
2021-11-19,160.5500030517578
2021-11-22,161.02000427246094
2021-11-23,161.41000366210938
2021-11-24,161.94000244140625
2021-11-26,156.80999755859375
2021-11-29,160.24000549316406
2021-11-30,165.3000030517578
2021-12-01,164.77000427246094
2021-12-02,163.75999450683594
2021-12-03,161.83999633789062
2021-12-06,165.32000732421875
2021-12-07,171.17999267578125
2021-12-08,175.0800018310547
2021-12-09,174.55999755859375
2021-12-10,179.4499969482422
2021-12-13,175.74000549316406
2021-12-14,174.3300018310547
2021-12-15,179.3000030517578
2021-12-16,172.25999450683594
2021-12-17,171.13999938964844
2021-12-20,169.75
2021-12-21,172.99000549316406
2021-12-22,175.63999938964844
2021-12-23,176.27999877929688
2021-12-27,180.3300018310547
2021-12-28,179.2899932861328
2021-12-29,179.3800048828125
2021-12-30,178.1999969482422
2021-12-31,177.57000732421875
2022-01-03,182.0099945068359
2022-01-04,179.6999969482422
2022-01-05,174.9199981689453
2022-01-06,172.0
2022-01-07,172.1699981689453
2022-01-10,172.19000244140625
2022-01-11,175.0800018310547
2022-01-12,175.52999877929688
2022-01-13,172.19000244140625
2022-01-14,173.07000732421875
2022-01-18,169.8000030517578
2022-01-19,166.22999572753906
2022-01-20,164.50999450683594
2022-01-21,162.41000366210938
2022-01-24,161.6199951171875
2022-01-25,159.77999877929688
2022-01-26,159.69000244140625
2022-01-27,159.22000122070312
2022-01-28,170.3300018310547
2022-01-31,174.77999877929688
2022-02-01,174.61000061035156
2022-02-02,175.83999633789062
2022-02-03,172.89999389648438
2022-02-04,172.38999938964844
2022-02-07,171.66000366210938
2022-02-08,174.8300018310547
2022-02-09,176.27999877929688
2022-02-10,172.1199951171875
2022-02-11,168.63999938964844
2022-02-14,168.8800048828125
2022-02-15,172.7899932861328
2022-02-16,172.5500030517578
2022-02-17,168.8800048828125
2022-02-18,167.3000030517578
2022-02-22,164.32000732421875
2022-02-23,160.07000732421875
2022-02-24,162.74000549316406
2022-02-25,164.85000610351562
2022-02-28,165.1199951171875
2022-03-01,163.1999969482422
2022-03-02,166.55999755859375
2022-03-03,166.22999572753906
2022-03-04,163.1699981689453
2022-03-07,159.3000030517578
2022-03-08,157.44000244140625
2022-03-09,162.9499969482422
2022-03-10,158.52000427246094
2022-03-11,154.72999572753906
2022-03-14,150.6199951171875
2022-03-15,155.08999633789062
2022-03-16,159.58999633789062
2022-03-17,160.6199951171875
2022-03-18,163.97999572753906
2022-03-21,165.3800048828125
2022-03-22,168.82000732421875
2022-03-23,170.2100067138672
2022-03-24,174.07000732421875
2022-03-25,174.72000122070312
2022-03-28,175.60000610351562
2022-03-29,178.9600067138672
2022-03-30,177.77000427246094
2022-03-31,174.61000061035156
2022-04-01,174.30999755859375
2022-04-04,178.44000244140625
2022-04-05,175.05999755859375
2022-04-06,171.8300018310547
2022-04-07,172.13999938964844
2022-04-08,170.08999633789062
2022-04-11,165.75
2022-04-12,167.66000366210938
2022-04-13,170.39999389648438
2022-04-14,165.2899932861328
2022-04-18,165.07000732421875
2022-04-19,167.39999389648438
2022-04-20,167.22999572753906
2022-04-21,166.4199981689453
2022-04-22,161.7899932861328
2022-04-25,162.8800048828125
2022-04-26,156.8000030517578
2022-04-27,156.57000732421875
2022-04-28,163.63999938964844
2022-04-29,157.64999389648438
2022-05-02,157.9600067138672
2022-05-03,159.47999572753906
2022-05-04,166.02000427246094
2022-05-05,156.77000427246094
2022-05-06,157.27999877929688
2022-05-09,152.05999755859375
2022-05-10,154.50999450683594
2022-05-11,146.5
2022-05-12,142.55999755859375
2022-05-13,147.11000061035156
2022-05-16,145.5399932861328
2022-05-17,149.24000549316406
2022-05-18,140.82000732421875
2022-05-19,137.35000610351562
2022-05-20,137.58999633789062
2022-05-23,143.11000061035156
2022-05-24,140.36000061035156
2022-05-25,140.52000427246094
2022-05-26,143.77999877929688
2022-05-27,149.63999938964844
2022-05-31,148.83999633789062
2022-06-01,148.7100067138672
2022-06-02,151.2100067138672
2022-06-03,145.3800048828125
2022-06-06,146.13999938964844
2022-06-07,148.7100067138672
2022-06-08,147.9600067138672
2022-06-09,142.63999938964844
2022-06-10,137.1300048828125
2022-06-13,131.8800048828125
2022-06-14,132.75999450683594
2022-06-15,135.42999267578125
2022-06-16,130.05999755859375
2022-06-17,131.55999755859375
2022-06-21,135.8699951171875
2022-06-22,135.35000610351562
2022-06-23,138.27000427246094
2022-06-24,141.66000366210938
2022-06-27,141.66000366210938
2022-06-28,137.44000244140625
2022-06-29,139.22999572753906
2022-06-30,136.72000122070312
2022-07-01,138.92999267578125
2022-07-05,141.55999755859375
2022-07-06,142.9199981689453
2022-07-07,146.35000610351562
2022-07-08,147.0399932861328
2022-07-11,144.8699951171875
2022-07-12,145.86000061035156
2022-07-13,145.49000549316406
2022-07-14,148.47000122070312
2022-07-15,150.1699981689453
2022-07-18,147.07000732421875
2022-07-19,151.0
2022-07-20,153.0399932861328
2022-07-21,155.35000610351562
2022-07-22,154.08999633789062
2022-07-25,152.9499969482422
2022-07-26,151.60000610351562
2022-07-27,156.7899932861328
2022-07-28,157.35000610351562
2022-07-29,162.50999450683594
2022-08-01,161.50999450683594
2022-08-02,160.00999450683594
2022-08-03,166.1300048828125
2022-08-04,165.80999755859375
2022-08-05,165.35000610351562
2022-08-08,164.8699951171875
2022-08-09,164.9199981689453
2022-08-10,169.24000549316406
2022-08-11,168.49000549316406
2022-08-12,172.10000610351562
2022-08-15,173.19000244140625
2022-08-16,173.02999877929688
2022-08-17,174.5500030517578
2022-08-18,174.14999389648438
2022-08-19,171.52000427246094
2022-08-22,167.57000732421875
2022-08-23,167.22999572753906
2022-08-24,167.52999877929688
2022-08-25,170.02999877929688
2022-08-26,163.6199951171875
2022-08-29,161.3800048828125
2022-08-30,158.91000366210938
2022-08-31,157.22000122070312
2022-09-01,157.9600067138672
2022-09-02,155.80999755859375
2022-09-06,154.52999877929688
2022-09-07,155.9600067138672
2022-09-08,154.4600067138672
2022-09-09,157.3699951171875
2022-09-12,163.42999267578125
2022-09-13,153.83999633789062
2022-09-14,155.30999755859375
2022-09-15,152.3699951171875
2022-09-16,150.6999969482422
2022-09-19,154.47999572753906
2022-09-20,156.89999389648438
2022-09-21,153.72000122070312
2022-09-22,152.74000549316406
2022-09-23,150.42999267578125
2022-09-26,150.77000427246094
2022-09-27,151.75999450683594
2022-09-28,149.83999633789062
2022-09-29,142.47999572753906
2022-09-30,138.1999969482422
2022-10-03,142.4499969482422
2022-10-04,146.10000610351562
2022-10-05,146.39999389648438
2022-10-06,145.42999267578125
2022-10-07,140.08999633789062
2022-10-10,140.4199981689453
2022-10-11,138.97999572753906
2022-10-12,138.33999633789062
2022-10-13,142.99000549316406
2022-10-14,138.3800048828125
2022-10-17,142.41000366210938
2022-10-18,143.75
2022-10-19,143.86000061035156
2022-10-20,143.38999938964844
2022-10-21,147.27000427246094
2022-10-24,149.4499969482422
2022-10-25,152.33999633789062
2022-10-26,149.35000610351562
2022-10-27,144.8000030517578
2022-10-28,155.74000549316406
2022-10-31,153.33999633789062
2022-11-01,150.64999389648438
2022-11-02,145.02999877929688
2022-11-03,138.8800048828125
2022-11-04,138.3800048828125
2022-11-07,138.9199981689453
2022-11-08,139.5
2022-11-09,134.8699951171875
2022-11-10,146.8699951171875
2022-11-11,149.6999969482422
2022-11-14,148.27999877929688
2022-11-15,150.0399932861328
2022-11-16,148.7899932861328
2022-11-17,150.72000122070312
2022-11-18,151.2899932861328
2022-11-21,148.00999450683594
2022-11-22,150.17999267578125
2022-11-23,151.07000732421875
2022-11-25,148.11000061035156
2022-11-28,144.22000122070312
2022-11-29,141.1699981689453
2022-11-30,148.02999877929688
2022-12-01,148.30999755859375
2022-12-02,147.80999755859375
2022-12-05,146.6300048828125
2022-12-06,142.91000366210938
2022-12-07,140.94000244140625
2022-12-08,142.64999389648438
2022-12-09,142.16000366210938
2022-12-12,144.49000549316406
2022-12-13,145.47000122070312
2022-12-14,143.2100067138672
2022-12-15,136.5
2022-12-16,134.50999450683594
2022-12-19,132.3699951171875
2022-12-20,132.3000030517578
2022-12-21,135.4499969482422
2022-12-22,132.22999572753906
2022-12-23,131.86000061035156
2022-12-27,130.02999877929688
2022-12-28,126.04000091552734
2022-12-29,129.61000061035156
2022-12-30,129.92999267578125
2023-01-03,125.06999969482422
2023-01-04,126.36000061035156
2023-01-05,125.0199966430664
2023-01-06,129.6199951171875
2023-01-09,130.14999389648438
2023-01-10,130.72999572753906
2023-01-11,133.49000549316406
2023-01-12,133.41000366210938
2023-01-13,134.75999450683594
2023-01-17,135.94000244140625
2023-01-18,135.2100067138672
2023-01-19,135.27000427246094
2023-01-20,137.8699951171875
2023-01-23,141.11000061035156
2023-01-24,142.52999877929688
2023-01-25,141.86000061035156
2023-01-26,143.9600067138672
2023-01-27,145.92999267578125
2023-01-30,143.0
2023-01-31,144.2899932861328
2023-02-01,145.42999267578125
2023-02-02,150.82000732421875
2023-02-03,154.5
2023-02-06,151.72999572753906
2023-02-07,154.64999389648438
2023-02-08,151.9199981689453
2023-02-09,150.8699951171875
2023-02-10,151.00999450683594
2023-02-13,153.85000610351562
2023-02-14,153.1999969482422
2023-02-15,155.3300018310547
2023-02-16,153.7100067138672
2023-02-17,152.5500030517578
2023-02-21,148.47999572753906
2023-02-22,148.91000366210938
2023-02-23,149.39999389648438
2023-02-24,146.7100067138672
2023-02-27,147.9199981689453
2023-02-28,147.41000366210938
2023-03-01,145.30999755859375
2023-03-02,145.91000366210938
2023-03-03,151.02999877929688
2023-03-06,153.8300018310547
2023-03-07,151.60000610351562
2023-03-08,152.8699951171875
2023-03-09,150.58999633789062
2023-03-10,148.5
2023-03-13,150.47000122070312
2023-03-14,152.58999633789062
2023-03-15,152.99000549316406
2023-03-16,155.85000610351562
2023-03-17,155.0
2023-03-20,157.39999389648438
2023-03-21,159.27999877929688
2023-03-22,157.8300018310547
2023-03-23,158.92999267578125
2023-03-24,160.25
2023-03-27,158.27999877929688
2023-03-28,157.64999389648438
2023-03-29,160.77000427246094
2023-03-30,162.36000061035156
2023-03-31,164.89999389648438
2023-04-03,166.1699981689453
2023-04-04,165.6300048828125
2023-04-05,163.75999450683594
2023-04-06,164.66000366210938
2023-04-10,162.02999877929688
2023-04-11,160.8000030517578
2023-04-12,160.10000610351562
2023-04-13,165.55999755859375
2023-04-14,165.2100067138672
2023-04-17,165.22999572753906
2023-04-18,166.47000122070312
2023-04-19,167.6300048828125
2023-04-20,166.64999389648438
2023-04-21,165.02000427246094
2023-04-24,165.3300018310547
2023-04-25,163.77000427246094
2023-04-26,163.75999450683594
2023-04-27,168.41000366210938
2023-04-28,169.67999267578125
2023-05-01,169.58999633789062
2023-05-02,168.5399932861328
2023-05-03,167.4499969482422
2023-05-04,165.7899932861328
2023-05-05,173.57000732421875
2023-05-08,173.5
2023-05-09,171.77000427246094
2023-05-10,173.55999755859375
2023-05-11,173.75
2023-05-12,172.57000732421875
2023-05-15,172.07000732421875
2023-05-16,172.07000732421875
2023-05-17,172.69000244140625
2023-05-18,175.0500030517578
2023-05-19,175.16000366210938
2023-05-22,174.1999969482422
2023-05-23,171.55999755859375
2023-05-24,171.83999633789062
2023-05-25,172.99000549316406
2023-05-26,175.42999267578125
2023-05-30,177.3000030517578
2023-05-31,177.25
2023-06-01,180.08999633789062
2023-06-02,180.9499969482422
2023-06-05,179.5800018310547
2023-06-06,179.2100067138672
2023-06-07,177.82000732421875
2023-06-08,180.57000732421875
2023-06-09,180.9600067138672
2023-06-12,183.7899932861328
2023-06-13,183.30999755859375
2023-06-14,183.9499969482422
2023-06-15,186.0099945068359
2023-06-16,184.9199981689453
2023-06-20,185.0099945068359
2023-06-21,183.9600067138672
2023-06-22,187.0
2023-06-23,186.67999267578125
2023-06-26,185.27000427246097
2023-06-27,188.05999755859375
2023-06-28,189.25
2023-06-29,189.58999633789065
2023-06-30,193.97000122070312
2023-07-03,192.4600067138672
2023-07-05,191.3300018310547
2023-07-06,191.80999755859375
2023-07-07,190.67999267578125
2023-07-10,188.61000061035156
2023-07-11,188.0800018310547
2023-07-12,189.77000427246097
2023-07-13,190.5399932861328
2023-07-14,190.69000244140625
2023-07-17,193.9900054931641
2023-07-18,193.72999572753903
2023-07-19,195.1000061035156
2023-07-20,193.1300048828125
2023-07-21,191.94000244140625
2023-07-24,192.75
2023-07-25,193.6199951171875
2023-07-26,194.5
2023-07-27,193.22000122070312
2023-07-28,195.8300018310547
2023-07-31,196.4499969482422
2023-08-01,195.61000061035156
2023-08-02,192.5800018310547
2023-08-03,191.1699981689453
2023-08-04,181.9900054931641
2023-08-07,178.85000610351562
2023-08-08,179.8000030517578
2023-08-09,178.19000244140625
2023-08-10,177.97000122070312
2023-08-11,177.7899932861328
2023-08-14,179.4600067138672
2023-08-15,177.4499969482422
2023-08-16,176.57000732421875
2023-08-17,174.0
2023-08-18,174.49000549316406
2023-08-21,175.83999633789062
2023-08-22,177.22999572753906
2023-08-23,181.1199951171875
2023-08-24,176.3800048828125
2023-08-25,178.61000061035156
2023-08-28,180.19000244140625
2023-08-29,184.1199951171875
2023-08-30,187.6499938964844
2023-08-31,187.8699951171875
2023-09-01,189.4600067138672
2023-09-05,189.6999969482422
2023-09-06,182.91000366210935
2023-09-07,177.55999755859375
2023-09-08,178.17999267578125
2023-09-11,179.36000061035156
2023-09-12,176.3000030517578
2023-09-13,174.2100067138672
2023-09-14,175.74000549316406
2023-09-15,175.00999450683594
2023-09-18,177.97000122070312
2023-09-19,179.07000732421875
2023-09-20,175.49000549316406
2023-09-21,173.92999267578125
2023-09-22,174.7899932861328
2023-09-25,176.0800018310547
2023-09-26,171.9600067138672
2023-09-27,170.42999267578125
2023-09-28,170.69000244140625
2023-09-29,171.2100067138672
2023-10-02,173.75
2023-10-03,172.39999389648438
2023-10-04,173.66000366210938
2023-10-05,174.91000366210938
2023-10-06,177.49000549316406
2023-10-09,178.99000549316406
2023-10-10,178.38999938964844
2023-10-11,179.8000030517578
2023-10-12,180.7100067138672
2023-10-13,178.85000610351562
2023-10-16,178.72000122070312
2023-10-17,177.14999389648438
2023-10-18,175.83999633789062
2023-10-19,175.4600067138672
2023-10-20,172.8800048828125
2023-10-23,173.0
2023-10-24,173.44000244140625
2023-10-25,171.10000610351562
2023-10-26,166.88999938964844
2023-10-27,168.22000122070312
2023-10-30,170.2899932861328
2023-10-31,170.77000427246094
2023-11-01,173.97000122070312
2023-11-02,177.57000732421875
2023-11-03,176.64999389648438
2023-11-06,179.22999572753906
2023-11-07,181.82000732421875
2023-11-08,182.88999938964844
2023-11-09,182.41000366210935
2023-11-10,186.3999938964844
2023-11-13,184.8000030517578
2023-11-14,187.44000244140625
2023-11-15,188.0099945068359
2023-11-16,189.7100067138672
2023-11-17,189.69000244140625
2023-11-20,191.4499969482422
2023-11-21,190.63999938964844
2023-11-22,191.30999755859375
2023-11-24,189.97000122070312
2023-11-27,189.7899932861328
2023-11-28,190.3999938964844
2023-11-29,189.3699951171875
2023-11-30,189.9499969482422
2023-12-01,191.2400054931641
2023-12-04,189.42999267578125
2023-12-05,193.4199981689453
2023-12-06,192.32000732421875
2023-12-07,194.27000427246097
2023-12-08,195.7100067138672
2023-12-11,193.17999267578125
2023-12-12,194.7100067138672
2023-12-13,197.9600067138672
2023-12-14,198.11000061035156
2023-12-15,197.57000732421875
2023-12-18,195.88999938964844
2023-12-19,196.94000244140625
2023-12-20,194.8300018310547
2023-12-21,194.67999267578125
2023-12-22,193.6000061035156
2023-12-26,193.0500030517578
2023-12-27,193.1499938964844
2023-12-28,193.5800018310547
2023-12-29,192.52999877929688
2024-01-02,185.63999938964844
2024-01-03,184.25
2024-01-04,181.91000366210935
2024-01-05,181.17999267578125
2024-01-08,185.55999755859375
2024-01-09,185.13999938964844
2024-01-10,186.19000244140625
2024-01-11,185.58999633789065
2024-01-12,185.9199981689453
2024-01-16,183.6300048828125
2024-01-17,182.67999267578125
2024-01-18,188.6300048828125
2024-01-19,191.55999755859375
2024-01-22,193.88999938964844
2024-01-23,195.17999267578125
2024-01-24,194.5
2024-01-25,194.1699981689453
2024-01-26,192.4199981689453
2024-01-29,191.72999572753903
2024-01-30,188.0399932861328
2024-01-31,184.3999938964844
2024-02-01,186.86000061035156
2024-02-02,185.8500061035156
2024-02-05,187.67999267578125
2024-02-06,189.3000030517578
2024-02-07,189.41000366210935
2024-02-08,188.32000732421875
2024-02-09,188.8500061035156
2024-02-12,187.1499938964844
2024-02-13,185.0399932861328
2024-02-14,184.1499938964844
2024-02-15,183.86000061035156
2024-02-16,182.30999755859375
2024-02-20,181.55999755859375
2024-02-21,182.32000732421875
2024-02-22,184.3699951171875
2024-02-23,182.52000427246097
2024-02-26,181.16000366210935
2024-02-27,182.6300048828125
2024-02-28,181.4199981689453
2024-02-29,180.75
2024-03-01,179.66000366210938
2024-03-04,175.10000610351562
2024-03-05,170.1199951171875
2024-03-06,169.1199951171875
2024-03-07,169.0
2024-03-08,170.72999572753906
2024-03-11,172.75
2024-03-12,173.22999572753906
2024-03-13,171.1300048828125
2024-03-14,173.0
2024-03-15,172.6199951171875
2024-03-18,173.72000122070312
2024-03-19,176.0800018310547
2024-03-20,178.6699981689453
2024-03-21,171.3699951171875
2024-03-22,172.27999877929688
2024-03-25,170.85000610351562
2024-03-26,169.7100067138672
2024-03-27,173.30999755859375
2024-03-28,171.47999572753906
2024-04-01,170.02999877929688
2024-04-02,168.83999633789062
2024-04-03,169.64999389648438
2024-04-04,168.82000732421875
2024-04-05,169.5800018310547
2024-04-08,168.4499969482422
2024-04-09,169.6699981689453
2024-04-10,167.77999877929688
2024-04-11,175.0399932861328
2024-04-12,176.5500030517578
2024-04-15,172.69000244140625
2024-04-16,169.3800048828125
2024-04-17,168.0
2024-04-18,167.0399932861328
2024-04-19,165.0
2024-04-22,165.83999633789062
2024-04-23,166.89999389648438
2024-04-24,169.02000427246094
2024-04-25,169.88999938964844
2024-04-26,169.3000030517578
2024-04-29,173.5
2024-04-30,170.3300018310547
2024-05-01,169.3000030517578
2024-05-02,173.02999877929688
2024-05-03,183.3800048828125
2024-05-06,181.7100067138672
2024-05-07,182.3999938964844
2024-05-08,182.7400054931641
2024-05-09,184.57000732421875
2024-05-10,183.0500030517578
2024-05-13,186.27999877929688
2024-05-14,187.42999267578125
2024-05-15,189.72000122070312
2024-05-16,189.83999633789065
2024-05-17,189.8699951171875
2024-05-20,191.0399932861328
2024-05-21,192.3500061035156
2024-05-22,190.8999938964844
2024-05-23,186.8800048828125
2024-05-24,189.97999572753903
2024-05-28,189.9900054931641
2024-05-29,190.2899932861328
2024-05-30,191.2899932861328
2024-05-31,192.25
2024-06-03,194.02999877929688
2024-06-04,194.3500061035156
2024-06-05,195.8699951171875
2024-06-06,194.47999572753903
2024-06-07,196.88999938964844
2024-06-10,193.1199951171875
2024-06-11,207.1499938964844
2024-06-12,213.07000732421875
2024-06-13,214.2400054931641
2024-06-14,212.4900054931641
2024-06-17,216.6699981689453
2024-06-18,214.2899932861328
2024-06-20,209.67999267578125
2024-06-21,207.4900054931641
2024-06-24,208.13999938964844
2024-06-25,209.07000732421875
2024-06-26,213.25
2024-06-27,214.1000061035156
2024-06-28,210.6199951171875
