Date,GOOGL_Close
2014-06-30,29.23349952697754
2014-07-01,29.574499130249023
2014-07-02,29.538999557495117
2014-07-03,29.65399932861328
2014-07-07,29.538000106811523
2014-07-08,28.920000076293945
2014-07-09,29.167999267578125
2014-07-10,29.00200080871582
2014-07-11,29.332500457763672
2014-07-14,29.71299934387207
2014-07-15,29.652999877929688
2014-07-16,29.5310001373291
2014-07-17,29.041000366210938
2014-07-18,30.25550079345703
2014-07-21,29.92200088500977
2014-07-22,30.17849922180176
2014-07-23,30.25950050354004
2014-07-24,30.15049934387207
2014-07-25,29.90399932861328
2014-07-28,29.951000213623047
2014-07-29,29.697500228881836
2014-07-30,29.77199935913086
2014-07-31,28.977500915527344
2014-08-01,28.68000030517578
2014-08-04,29.113500595092773
2014-08-05,28.656999588012695
2014-08-06,28.72450065612793
2014-08-07,28.590499877929688
2014-08-08,28.89699935913086
2014-08-11,28.862499237060547
2014-08-12,28.606000900268555
2014-08-13,29.22800064086914
2014-08-14,29.232500076293945
2014-08-15,29.18549919128418
2014-08-18,29.635000228881836
2014-08-19,29.855499267578125
2014-08-20,29.77050018310547
2014-08-21,29.621000289916992
2014-08-22,29.62700080871582
2014-08-25,29.528499603271484
2014-08-26,29.4060001373291
2014-08-27,29.149999618530273
2014-08-28,29.016000747680664
2014-08-29,29.118000030517575
2014-09-02,29.431499481201172
2014-09-03,29.47599983215332
2014-09-04,29.656999588012695
2014-09-05,29.888999938964844
2014-09-08,30.081499099731445
2014-09-09,29.598499298095703
2014-09-10,29.67099952697754
2014-09-11,29.555500030517575
2014-09-12,29.2450008392334
2014-09-15,29.082000732421875
2014-09-16,29.43899917602539
2014-09-17,29.66449928283691
2014-09-18,29.863500595092773
2014-09-19,30.270000457763672
2014-09-22,29.863500595092773
2014-09-23,29.55900001525879
2014-09-24,29.92099952697754
2014-09-25,29.262500762939453
2014-09-26,29.395000457763672
2014-09-29,29.39049911499023
2014-09-30,29.420499801635746
2014-10-01,28.98150062561035
2014-10-02,29.04400062561035
2014-10-03,29.3125
2014-10-06,29.388999938964844
2014-10-07,28.704999923706055
2014-10-08,29.187000274658203
2014-10-09,28.54050064086914
2014-10-10,27.75950050354004
2014-10-13,27.237499237060547
2014-10-14,27.434499740600582
2014-10-15,27.036500930786133
2014-10-16,26.84600067138672
2014-10-17,26.148500442504883
2014-10-20,26.618999481201172
2014-10-21,26.901500701904297
2014-10-22,27.13450050354004
2014-10-23,27.6825008392334
2014-10-24,27.44499969482422
2014-10-27,27.493999481201172
2014-10-28,27.94700050354004
2014-10-29,27.92250061035156
2014-10-30,28.013500213623047
2014-10-31,28.39349937438965
2014-11-03,28.188499450683594
2014-11-04,28.20949935913086
2014-11-05,27.79750061035156
2014-11-06,27.58449935913086
2014-11-07,27.590999603271484
2014-11-10,27.911500930786133
2014-11-11,28.06450080871582
2014-11-12,27.912500381469727
2014-11-13,27.82200050354004
2014-11-14,27.75950050354004
2014-11-17,27.332000732421875
2014-11-18,27.225500106811523
2014-11-19,27.36000061035156
2014-11-20,27.187999725341797
2014-11-21,27.29450035095215
2014-11-24,27.374000549316406
2014-11-25,27.46150016784668
2014-11-26,27.386499404907227
2014-11-28,27.45400047302246
2014-12-01,26.982500076293945
2014-12-02,26.929500579833984
2014-12-03,26.848499298095703
2014-12-04,27.128999710083008
2014-12-05,26.40399932861328
2014-12-08,26.536500930786133
2014-12-09,26.805500030517575
2014-12-10,26.402000427246097
2014-12-11,26.605499267578125
2014-12-12,26.07550048828125
2014-12-15,25.79199981689453
2014-12-16,24.90800094604492
2014-12-17,25.322500228881836
2014-12-18,25.731000900268555
2014-12-19,26.00200080871582
2014-12-22,26.614999771118164
2014-12-23,26.938499450683594
2014-12-24,26.846500396728516
2014-12-26,27.076000213623047
2014-12-29,26.86549949645996
2014-12-30,26.763999938964844
2014-12-31,26.53300094604492
2015-01-02,26.477500915527344
2015-01-05,25.972999572753903
2015-01-06,25.332000732421875
2015-01-07,25.25749969482422
2015-01-08,25.34550094604492
2015-01-09,25.035999298095703
2015-01-12,24.85300064086914
2015-01-13,25.09000015258789
2015-01-14,25.296499252319336
2015-01-15,25.20050048828125
2015-01-16,25.52300071716309
2015-01-20,25.496999740600582
2015-01-21,26.019500732421875
2015-01-22,26.864999771118164
2015-01-23,27.09749984741211
2015-01-26,26.836000442504883
2015-01-27,26.059499740600582
2015-01-28,25.62150001525879
2015-01-29,25.661500930786133
2015-01-30,26.877500534057617
2015-02-02,26.61000061035156
2015-02-03,26.665000915527344
2015-02-04,26.30500030517578
2015-02-05,26.491500854492188
2015-02-06,26.694000244140625
2015-02-09,26.464000701904297
2015-02-10,27.007999420166016
2015-02-11,26.899999618530273
2015-02-12,27.300500869750977
2015-02-13,27.558000564575195
2015-02-17,27.250499725341797
2015-02-18,27.13249969482422
2015-02-19,27.322500228881836
2015-02-20,27.09000015258789
2015-02-23,26.75
2015-02-24,26.9325008392334
2015-02-25,27.366500854492188
2015-02-26,27.964500427246097
2015-02-27,28.131500244140625
2015-03-02,28.750999450683594
2015-03-03,28.93950080871582
2015-03-04,28.916500091552734
2015-03-05,29.07150077819824
2015-03-06,28.645000457763672
2015-03-09,28.704999923706055
2015-03-10,27.99250030517578
2015-03-11,27.784500122070312
2015-03-12,28.058500289916992
2015-03-13,27.649999618530273
2015-03-16,28.082000732421875
2015-03-17,27.88050079345703
2015-03-18,28.308000564575195
2015-03-19,28.183500289916992
2015-03-20,28.247499465942383
2015-03-23,28.26849937438965
2015-03-24,28.87700080871582
2015-03-25,28.350000381469727
2015-03-26,28.18199920654297
2015-03-27,27.877500534057617
2015-03-30,28.05699920654297
2015-03-31,27.73500061035156
2015-04-01,27.47450065612793
2015-04-02,27.065500259399418
2015-04-06,27.197500228881836
2015-04-07,27.243000030517575
2015-04-08,27.441999435424805
2015-04-09,27.400999069213867
2015-04-10,27.427000045776367
2015-04-13,27.43199920654297
2015-04-14,26.98900032043457
2015-04-15,27.052000045776367
2015-04-16,27.176000595092773
2015-04-17,26.636999130249023
2015-04-20,27.226499557495117
2015-04-21,27.145999908447266
2015-04-22,27.458999633789062
2015-04-23,27.87299919128418
2015-04-24,28.683000564575195
2015-04-27,28.305999755859375
2015-04-28,28.2185001373291
2015-04-29,28.069499969482425
2015-04-30,27.438499450683594
2015-05-01,27.558000564575195
2015-05-04,27.642000198364254
2015-05-05,27.152000427246097
2015-05-06,26.753999710083008
2015-05-07,27.10199928283691
2015-05-08,27.447500228881836
2015-05-11,27.288999557495117
2015-05-12,26.936500549316406
2015-05-13,26.97450065612793
2015-05-14,27.459999084472656
2015-05-15,27.324499130249023
2015-05-18,27.333499908447266
2015-05-19,27.464000701904297
2015-05-20,27.625499725341797
2015-05-21,27.840499877929688
2015-05-22,27.72599983215332
2015-05-26,27.35950088500977
2015-05-27,27.712499618530273
2015-05-28,27.708999633789062
2015-05-29,27.266000747680664
2015-06-01,27.46050071716309
2015-06-02,27.697500228881836
2015-06-03,27.76449966430664
2015-06-04,27.58449935913086
2015-06-05,27.476499557495117
2015-06-08,27.173999786376953
2015-06-09,27.107999801635746
2015-06-10,27.6299991607666
2015-06-11,27.50200080871582
2015-06-12,27.37350082397461
2015-06-15,27.149999618530273
2015-06-16,27.243499755859375
2015-06-17,27.329999923706055
2015-06-18,27.80900001525879
2015-06-19,27.875999450683594
2015-06-22,27.983999252319336
2015-06-23,28.16950035095215
2015-06-24,27.92849922180176
2015-06-25,27.897499084472656
2015-06-26,27.652999877929688
2015-06-29,27.0625
2015-06-30,27.00200080871582
2015-07-01,27.165000915527344
2015-07-02,27.367000579833984
2015-07-06,27.2810001373291
2015-07-07,27.50149917602539
2015-07-08,27.084999084472656
2015-07-09,27.232500076293945
2015-07-10,27.805500030517575
2015-07-13,28.58650016784668
2015-07-14,29.208999633789062
2015-07-15,29.197999954223633
2015-07-16,30.089000701904297
2015-07-17,34.98099899291992
2015-07-20,34.641998291015625
2015-07-21,34.76750183105469
2015-07-22,34.755001068115234
2015-07-23,33.73649978637695
2015-07-24,32.73849868774414
2015-07-27,32.91350173950195
2015-07-28,32.983001708984375
2015-07-29,33.07149887084961
2015-07-30,33.22800064086914
2015-07-31,32.875
2015-08-03,33.236000061035156
2015-08-04,33.06399917602539
2015-08-05,33.66450119018555
2015-08-06,33.50749969482422
2015-08-07,33.21950149536133
2015-08-10,33.15700149536133
2015-08-11,34.51499938964844
2015-08-12,34.57350158691406
2015-08-13,34.32550048828125
2015-08-14,34.46849822998047
2015-08-17,34.705501556396484
2015-08-18,34.436500549316406
2015-08-19,34.70199966430664
2015-08-20,33.9739990234375
2015-08-21,32.201499938964844
2015-08-24,30.905500411987305
2015-08-25,30.62350082397461
2015-08-26,32.98699951171875
2015-08-27,33.39799880981445
2015-08-28,32.984500885009766
2015-08-31,32.39099884033203
2015-09-01,31.47800064086914
2015-09-02,32.24549865722656
2015-09-03,31.852500915527344
2015-09-04,31.447999954223633
2015-09-08,32.194000244140625
2015-09-09,32.170501708984375
2015-09-10,32.55400085449219
2015-09-11,32.76499938964844
2015-09-14,32.62350082397461
2015-09-15,33.253501892089844
2015-09-16,33.2760009765625
2015-09-17,33.583499908447266
2015-09-18,33.04600143432617
2015-09-21,33.3489990234375
2015-09-22,32.65999984741211
2015-09-23,32.66450119018555
2015-09-24,32.74549865722656
2015-09-25,32.00749969482422
2015-09-28,31.212499618530273
2015-09-29,31.13050079345703
2015-09-30,31.918500900268555
2015-10-01,32.099998474121094
2015-10-02,32.8494987487793
2015-10-05,33.58399963378906
2015-10-06,33.582000732421875
2015-10-07,33.5
2015-10-08,33.349998474121094
2015-10-09,33.5620002746582
2015-10-12,33.82149887084961
2015-10-13,34.15850067138672
2015-10-14,34.02050018310547
2015-10-15,34.6510009765625
2015-10-16,34.76599884033203
2015-10-19,34.997501373291016
2015-10-20,34.0
2015-10-21,33.59000015258789
2015-10-22,34.05699920654297
2015-10-23,35.96649932861328
2015-10-26,36.555999755859375
2015-10-27,36.64099884033203
2015-10-28,36.84600067138672
2015-10-29,37.24250030517578
2015-10-30,36.86949920654297
2015-11-02,37.387001037597656
2015-11-03,37.44100189208984
2015-11-04,37.765499114990234
2015-11-05,38.03350067138672
2015-11-06,38.08000183105469
2015-11-09,37.73849868774414
2015-11-10,37.91299819946289
2015-11-11,38.26250076293945
2015-11-12,37.82649993896485
2015-11-13,37.00350189208984
2015-11-16,37.520999908447266
2015-11-17,37.29899978637695
2015-11-18,38.0004997253418
2015-11-19,37.99700164794922
2015-11-20,38.849998474121094
2015-11-23,38.834999084472656
2015-11-24,38.48149871826172
2015-11-25,38.4630012512207
2015-11-27,38.5984992980957
2015-11-30,38.14250183105469
2015-12-01,39.18949890136719
2015-12-02,38.89250183105469
2015-12-03,38.40999984741211
2015-12-04,38.96049880981445
2015-12-07,38.64950180053711
2015-12-08,38.75699996948242
2015-12-09,38.127498626708984
2015-12-10,38.00199890136719
2015-12-11,37.520999908447266
2015-12-14,38.12699890136719
2015-12-15,38.00450134277344
2015-12-16,38.829498291015625
2015-12-17,38.49150085449219
2015-12-18,37.842498779296875
2015-12-21,38.040000915527344
2015-12-22,38.35649871826172
2015-12-23,38.425498962402344
2015-12-24,38.29199981689453
2015-12-28,39.11199951171875
2015-12-29,39.698001861572266
2015-12-30,39.51499938964844
2015-12-31,38.9005012512207
2016-01-04,37.97200012207031
2016-01-05,38.07649993896485
2016-01-06,37.96649932861328
2016-01-07,37.04999923706055
2016-01-08,36.545501708984375
2016-01-11,36.65349960327149
2016-01-12,37.266998291015625
2016-01-13,35.97850036621094
2016-01-14,36.56949996948242
2016-01-15,35.52450180053711
2016-01-19,35.95399856567383
2016-01-20,35.928001403808594
2016-01-21,36.333499908447266
2016-01-22,37.27299880981445
2016-01-25,36.680999755859375
2016-01-26,36.68949890136719
2016-01-27,35.87900161743164
2016-01-28,37.415000915527344
2016-01-29,38.067501068115234
2016-02-01,38.53850173950195
2016-02-02,39.045501708984375
2016-02-03,37.46900177001953
2016-02-04,36.50149917602539
2016-02-05,35.1879997253418
2016-02-08,35.20800018310547
2016-02-09,35.05099868774414
2016-02-10,35.342498779296875
2016-02-11,35.31800079345703
2016-02-12,35.34450149536133
2016-02-16,35.88199996948242
2016-02-17,36.5984992980957
2016-02-18,35.8754997253418
2016-02-19,36.105499267578125
2016-02-22,36.45249938964844
2016-02-23,35.864498138427734
2016-02-24,36.04499816894531
2016-02-25,36.45600128173828
2016-02-26,36.24300003051758
2016-02-29,35.861000061035156
2016-03-01,37.10850143432617
2016-03-02,36.9739990234375
2016-03-03,36.579498291015625
2016-03-04,36.51100158691406
2016-03-07,35.63999938964844
2016-03-08,35.67649841308594
2016-03-09,36.27050018310547
2016-03-10,36.60850143432617
2016-03-11,37.243499755859375
2016-03-14,37.512001037597656
2016-03-15,37.52849960327149
2016-03-16,37.86800003051758
2016-03-17,37.92399978637695
2016-03-18,37.77050018310547
2016-03-21,38.108001708984375
2016-03-22,38.002498626708984
2016-03-23,37.87799835205078
2016-03-24,37.742000579833984
2016-03-28,37.66400146484375
2016-03-29,38.29449844360352
2016-03-30,38.41699981689453
2016-03-31,38.14500045776367
2016-04-01,38.48350143432617
2016-04-04,38.25600051879883
2016-04-05,37.92850112915039
2016-04-06,38.40349960327149
2016-04-07,38.00600051879883
2016-04-08,37.9734992980957
2016-04-11,37.87699890136719
2016-04-12,38.21599960327149
2016-04-13,38.59550094604492
2016-04-14,38.769500732421875
2016-04-15,39.0
2016-04-18,39.38399887084961
2016-04-19,38.8125
2016-04-20,38.74599838256836
2016-04-21,39.0
2016-04-22,36.88850021362305
2016-04-25,37.11050033569336
2016-04-26,36.26850128173828
2016-04-27,36.073001861572266
2016-04-28,35.25299835205078
2016-04-29,35.39400100708008
2016-05-02,35.72050094604492
2016-05-03,35.422000885009766
2016-05-04,35.56850051879883
2016-05-05,35.73550033569336
2016-05-06,36.25899887084961
2016-05-09,36.45650100708008
2016-05-10,36.96900177001953
2016-05-11,36.52750015258789
2016-05-12,36.40349960327149
2016-05-13,36.24150085449219
2016-05-16,36.51499938964844
2016-05-17,36.009498596191406
2016-05-18,36.0890007019043
2016-05-19,35.765499114990234
2016-05-20,36.08549880981445
2016-05-23,35.86249923706055
2016-05-24,36.6515007019043
2016-05-25,36.904998779296875
2016-05-26,36.84650039672851
2016-05-27,37.380001068115234
2016-05-31,37.442501068115234
2016-06-01,37.42300033569336
2016-06-02,37.2135009765625
2016-06-03,36.792999267578125
2016-06-06,36.50299835205078
2016-06-07,36.554500579833984
2016-06-08,37.14649963378906
2016-06-09,37.125999450683594
2016-06-10,36.65950012207031
2016-06-13,36.59400177001953
2016-06-14,36.662498474121094
2016-06-15,36.609500885009766
2016-06-16,36.212501525878906
2016-06-17,35.212501525878906
2016-06-20,35.30649948120117
2016-06-21,35.444000244140625
2016-06-22,35.52349853515625
2016-06-23,35.743499755859375
2016-06-24,34.2599983215332
2016-06-27,34.05699920654297
2016-06-28,34.5629997253418
2016-06-29,34.759498596191406
2016-06-30,35.17649841308594
2016-07-01,35.51250076293945
2016-07-05,35.24449920654297
2016-07-06,35.44850158691406
2016-07-07,35.362998962402344
2016-07-08,35.888999938964844
2016-07-11,36.36000061035156
2016-07-12,36.6254997253418
2016-07-13,36.4739990234375
2016-07-14,36.790000915527344
2016-07-15,36.78150177001953
2016-07-18,37.65999984741211
2016-07-19,37.670501708984375
2016-07-20,37.854000091552734
2016-07-21,37.72050094604492
2016-07-22,37.9640007019043
2016-07-25,37.875999450683594
2016-07-26,37.88249969482422
2016-07-27,38.0984992980957
2016-07-28,38.29199981689453
2016-07-29,39.56700134277344
2016-08-01,40.047000885009766
2016-08-02,40.00600051879883
2016-08-03,39.94599914550781
2016-08-04,39.86249923706055
2016-08-05,40.34650039672851
2016-08-08,40.26150131225586
2016-08-09,40.374000549316406
2016-08-10,40.42449951171875
2016-08-11,40.40999984741211
2016-08-12,40.352500915527344
2016-08-15,40.29800033569336
2016-08-16,40.05950164794922
2016-08-17,40.270999908447266
2016-08-18,40.13750076293945
2016-08-19,39.98249816894531
2016-08-22,39.84749984741211
2016-08-23,39.829498291015625
2016-08-24,39.68000030517578
2016-08-25,39.564998626708984
2016-08-26,39.6609992980957
2016-08-29,39.79100036621094
2016-08-30,39.59600067138672
2016-08-31,39.49250030517578
2016-09-01,39.56999969482422
2016-09-02,39.84349822998047
2016-09-06,40.4010009765625
2016-09-07,40.39950180053711
2016-09-08,40.141998291015625
2016-09-09,39.42399978637695
2016-09-12,39.94100189208984
2016-09-13,39.43600082397461
2016-09-14,39.52299880981445
2016-09-15,40.061500549316406
2016-09-16,39.89849853515625
2016-09-19,39.769500732421875
2016-09-20,39.98899841308594
2016-09-21,40.25149917602539
2016-09-22,40.79750061035156
2016-09-23,40.74800109863281
2016-09-26,40.13249969482422
2016-09-27,40.5364990234375
2016-09-28,40.50299835205078
2016-09-29,40.13199996948242
2016-09-30,40.202999114990234
2016-10-03,40.01900100708008
2016-10-04,40.13949966430664
2016-10-05,40.061500549316406
2016-10-06,40.15399932861328
2016-10-07,40.035499572753906
2016-10-10,40.708499908447266
2016-10-11,40.47850036621094
2016-10-12,40.5885009765625
2016-10-13,40.20399856567383
2016-10-14,40.22999954223633
2016-10-17,40.34199905395508
2016-10-18,41.074501037597656
2016-10-19,41.34199905395508
2016-10-20,41.08150100708008
2016-10-21,41.202999114990234
2016-10-24,41.7869987487793
2016-10-25,41.4275016784668
2016-10-26,41.10499954223633
2016-10-27,40.86750030517578
2016-10-28,40.97800064086914
2016-10-31,40.494998931884766
2016-11-01,40.27399826049805
2016-11-02,39.42100143432617
2016-11-03,39.109500885009766
2016-11-04,39.05500030517578
2016-11-07,40.10150146484375
2016-11-08,40.5989990234375
2016-11-09,40.27949905395508
2016-11-10,39.01449966430664
2016-11-11,38.587501525878906
2016-11-14,37.6609992980957
2016-11-15,38.757999420166016
2016-11-16,38.999000549316406
2016-11-17,39.30799865722656
2016-11-18,38.79850006103515
2016-11-21,39.2400016784668
2016-11-22,39.25
2016-11-23,38.95000076293945
2016-11-25,39.01150131225586
2016-11-28,39.28950119018555
2016-11-29,39.47200012207031
2016-11-30,38.79399871826172
2016-12-01,38.21649932861328
2016-12-02,38.222999572753906
2016-12-05,38.9109992980957
2016-12-06,38.80899810791016
2016-12-07,39.57350158691406
2016-12-08,39.75849914550781
2016-12-09,40.47249984741211
2016-12-12,40.39500045776367
2016-12-13,40.766998291015625
2016-12-14,40.894500732421875
2016-12-15,40.782501220703125
2016-12-16,40.492000579833984
2016-12-19,40.625
2016-12-20,40.7599983215332
2016-12-21,40.61000061035156
2016-12-22,40.48400115966797
2016-12-23,40.38999938964844
2016-12-27,40.49649810791016
2016-12-28,40.22850036621094
2016-12-29,40.14400100708008
2016-12-30,39.622501373291016
2017-01-03,40.4005012512207
2017-01-04,40.38850021362305
2017-01-05,40.6510009765625
2017-01-06,41.260501861572266
2017-01-09,41.35900115966797
2017-01-10,41.300498962402344
2017-01-11,41.49300003051758
2017-01-12,41.47650146484375
2017-01-13,41.547000885009766
2017-01-17,41.37300109863281
2017-01-18,41.45100021362305
2017-01-19,41.21849822998047
2017-01-20,41.40850067138672
2017-01-23,42.22150039672851
2017-01-24,42.47650146484375
2017-01-25,42.92250061035156
2017-01-26,42.8489990234375
2017-01-27,42.25149917602539
2017-01-30,41.19150161743164
2017-01-31,41.009498596191406
2017-02-01,40.762001037597656
2017-02-02,40.91299819946289
2017-02-03,41.006500244140625
2017-02-06,41.08100128173828
2017-02-07,41.46149826049805
2017-02-08,41.49399948120117
2017-02-09,41.50299835205078
2017-02-10,41.74250030517578
2017-02-13,41.948001861572266
2017-02-14,42.00149917602539
2017-02-15,41.86600112915039
2017-02-16,42.10850143432617
2017-02-17,42.32749938964844
2017-02-21,42.4635009765625
2017-02-22,42.56800079345703
2017-02-23,42.54999923706055
2017-02-24,42.390499114990234
2017-02-27,42.48350143432617
2017-02-28,42.24649810791016
2017-03-01,42.837501525878906
2017-03-02,42.49250030517578
2017-03-03,42.45399856567383
2017-03-06,42.36349868774414
2017-03-07,42.557498931884766
2017-03-08,42.68199920654297
2017-03-09,42.891998291015625
2017-03-10,43.070499420166016
2017-03-13,43.229000091552734
2017-03-14,43.295501708984375
2017-03-15,43.41949844360352
2017-03-16,43.5
2017-03-17,43.618499755859375
2017-03-20,43.39550018310547
2017-03-21,42.50699996948242
2017-03-22,42.4900016784668
2017-03-23,41.98249816894531
2017-03-24,41.75699996948242
2017-03-27,41.925498962402344
2017-03-28,42.03150177001953
2017-03-29,42.493499755859375
2017-03-30,42.4739990234375
2017-03-31,42.38999938964844
2017-04-03,42.837501525878906
2017-04-04,42.62850189208984
2017-04-05,42.445499420166016
2017-04-06,42.255001068115234
2017-04-07,42.10499954223633
2017-04-10,42.084999084472656
2017-04-11,41.99399948120117
2017-04-12,42.073001861572266
2017-04-13,42.00899887084961
2017-04-17,42.756500244140625
2017-04-18,42.699501037597656
2017-04-19,42.82550048828125
2017-04-20,43.00400161743164
2017-04-21,42.9474983215332
2017-04-24,43.94649887084961
2017-04-25,44.44200134277344
2017-04-26,44.457000732421875
2017-04-27,44.571998596191406
2017-04-28,46.22600173950195
2017-05-01,46.64099884033203
2017-05-02,46.85449981689453
2017-05-03,47.42250061035156
2017-05-04,47.73600006103515
2017-05-05,47.51399993896485
2017-05-08,47.93450164794922
2017-05-09,47.83549880981445
2017-05-10,47.742000579833984
2017-05-11,47.79449844360352
2017-05-12,47.75699996948242
2017-05-15,47.96099853515625
2017-05-16,48.230499267578125
2017-05-17,47.10850143432617
2017-05-18,47.525001525878906
2017-05-19,47.73249816894531
2017-05-22,48.20349884033203
2017-05-23,48.52750015258789
2017-05-24,48.88050079345703
2017-05-25,49.59299850463867
2017-05-26,49.66350173950195
2017-05-30,49.80849838256836
2017-05-31,49.35449981689453
2017-06-01,49.41450119018555
2017-06-02,49.805999755859375
2017-06-05,50.194000244140625
2017-06-06,49.83399963378906
2017-06-07,50.07500076293945
2017-06-08,50.2140007019043
2017-06-09,48.50600051879883
2017-06-12,48.09049987792969
2017-06-13,48.525001525878906
2017-06-14,48.39649963378906
2017-06-15,48.00899887084961
2017-06-16,47.930999755859375
2017-06-19,48.76100158691406
2017-06-20,48.449501037597656
2017-06-21,48.929500579833984
2017-06-22,48.83100128173828
2017-06-23,49.304500579833984
2017-06-26,48.60449981689453
2017-06-27,47.40449905395508
2017-06-28,48.050498962402344
2017-06-29,46.89099884033203
2017-06-30,46.48400115966797
2017-07-03,45.972999572753906
2017-07-05,46.612998962402344
2017-07-06,46.384498596191406
2017-07-07,47.04050064086914
2017-07-10,47.54999923706055
2017-07-11,47.67649841308594
2017-07-12,48.382999420166016
2017-07-13,48.442501068115234
2017-07-14,48.84550094604492
2017-07-17,48.79800033569336
2017-07-18,49.34749984741211
2017-07-19,49.63850021362305
2017-07-20,49.609500885009766
2017-07-21,49.69200134277344
2017-07-24,49.91550064086914
2017-07-25,48.45149993896485
2017-07-26,48.265499114990234
2017-07-27,47.6254997253418
2017-07-28,47.916500091552734
2017-07-31,47.275001525878906
2017-08-01,47.327999114990234
2017-08-02,47.38199996948242
2017-08-03,47.01499938964844
2017-08-04,47.28950119018555
2017-08-07,47.287498474121094
2017-08-08,47.20949935913086
2017-08-09,47.00400161743164
2017-08-10,46.179500579833984
2017-08-11,46.50450134277344
2017-08-14,46.94649887084961
2017-08-15,46.90399932861328
2017-08-16,47.2135009765625
2017-08-17,46.382999420166016
2017-08-18,46.30899810791016
2017-08-21,46.04349899291992
2017-08-22,47.02000045776367
2017-08-23,47.12900161743164
2017-08-24,46.84450149536133
2017-08-25,46.525001525878906
2017-08-28,46.40650177001953
2017-08-29,46.787498474121094
2017-08-30,47.18149948120117
2017-08-31,47.762001037597656
2017-09-01,47.5994987487793
2017-09-05,47.07400131225586
2017-09-06,47.10100173950195
2017-09-07,47.49449920654297
2017-09-08,47.070499420166016
2017-09-11,47.16450119018555
2017-09-12,47.33250045776367
2017-09-13,47.52199935913086
2017-09-14,47.006500244140625
2017-09-15,46.76449966430664
2017-09-18,46.48749923706055
2017-09-19,46.84299850463867
2017-09-20,47.37699890136719
2017-09-21,47.377498626708984
2017-09-22,47.16299819946289
2017-09-25,46.7140007019043
2017-09-26,46.87149810791016
2017-09-27,47.994998931884766
2017-09-28,48.240501403808594
2017-09-29,48.68600082397461
2017-10-02,48.37350082397461
2017-10-03,48.604000091552734
2017-10-04,48.3390007019043
2017-10-05,49.259498596191406
2017-10-06,49.68199920654297
2017-10-09,49.615501403808594
2017-10-10,49.38999938964844
2017-10-11,50.282501220703125
2017-10-12,50.282501220703125
2017-10-13,50.39350128173828
2017-10-16,50.467498779296875
2017-10-17,50.54999923706055
2017-10-18,50.637001037597656
2017-10-19,50.09199905395508
2017-10-20,50.25350189208984
2017-10-23,49.277000427246094
2017-10-24,49.42449951171875
2017-10-25,49.573001861572266
2017-10-26,49.57099914550781
2017-10-27,51.68349838256836
2017-10-30,51.65650177001953
2017-10-31,51.652000427246094
2017-11-01,52.130001068115234
2017-11-02,52.14849853515625
2017-11-03,52.4995002746582
2017-11-06,52.13399887084961
2017-11-07,52.61949920654297
2017-11-08,52.91450119018555
2017-11-09,52.38600158691406
2017-11-10,52.20750045776367
2017-11-13,52.060001373291016
2017-11-14,52.082000732421875
2017-11-15,51.820499420166016
2017-11-16,52.42350006103515
2017-11-17,51.79449844360352
2017-11-20,51.733001708984375
2017-11-21,52.51499938964844
2017-11-22,52.59600067138672
2017-11-24,52.82600021362305
2017-11-27,53.60049819946289
2017-11-28,53.16450119018555
2017-11-29,51.86899948120117
2017-11-30,51.80849838256836
2017-12-01,51.25350189208984
2017-12-04,50.59349822998047
2017-12-05,50.97999954223633
2017-12-06,51.63600158691406
2017-12-07,52.22850036621094
2017-12-08,52.46900177001953
2017-12-11,52.5984992980957
2017-12-12,52.438499450683594
2017-12-13,52.56949996948242
2017-12-14,52.87350082397461
2017-12-15,53.599998474121094
2017-12-18,54.25450134277344
2017-12-19,53.98899841308594
2017-12-20,53.678001403808594
2017-12-21,53.54249954223633
2017-12-22,53.44300079345703
2017-12-26,53.29249954223633
2017-12-27,53.0099983215332
2017-12-28,52.79750061035156
2017-12-29,52.66999816894531
2018-01-02,53.660499572753906
2018-01-03,54.57600021362305
2018-01-04,54.78799819946289
2018-01-05,55.51449966430664
2018-01-08,55.71049880981445
2018-01-09,55.63949966430664
2018-01-10,55.50699996948242
2018-01-11,55.602500915527344
2018-01-12,56.532501220703125
2018-01-16,56.53499984741211
2018-01-17,56.95500183105469
2018-01-18,56.79850006103515
2018-01-19,57.17499923706055
2018-01-22,58.20800018310547
2018-01-23,58.80849838256836
2018-01-24,58.56449890136719
2018-01-25,59.10699844360352
2018-01-26,59.37799835205078
2018-01-29,59.32400131225586
2018-01-30,58.868499755859375
2018-01-31,59.11100006103515
2018-02-01,59.079498291015625
2018-02-02,55.959999084472656
2018-02-05,53.11949920654297
2018-02-06,54.22150039672851
2018-02-07,52.77050018310547
2018-02-08,50.385501861572266
2018-02-09,52.313499450683594
2018-02-12,52.72800064086914
2018-02-13,52.707000732421875
2018-02-14,53.6349983215332
2018-02-15,54.56800079345703
2018-02-16,54.775001525878906
2018-02-20,55.179500579833984
2018-02-21,55.6875
2018-02-22,55.494998931884766
2018-02-23,56.40449905395508
2018-02-26,57.185001373291016
2018-02-27,55.8754997253418
2018-02-28,55.19599914550781
2018-03-01,53.570499420166016
2018-03-02,54.207000732421875
2018-03-05,54.737998962402344
2018-03-06,55.04499816894531
2018-03-07,55.75199890136719
2018-03-08,56.46900177001953
2018-03-09,58.04199981689453
2018-03-12,58.29650115966797
2018-03-13,56.99549865722656
2018-03-14,57.44449996948242
2018-03-15,57.53049850463867
2018-03-16,56.72100067138672
2018-03-19,55.00350189208984
2018-03-20,54.790000915527344
2018-03-21,54.70000076293945
2018-03-22,52.657501220703125
2018-03-23,51.32749938964844
2018-03-26,52.704498291015625
2018-03-27,50.34700012207031
2018-03-28,50.25899887084961
2018-03-29,51.85699844360352
2018-04-02,50.631500244140625
2018-04-03,50.93399810791016
2018-04-04,51.48550033569336
2018-04-05,51.63199996948242
2018-04-06,50.497501373291016
2018-04-09,51.00450134277344
2018-04-10,51.82500076293945
2018-04-11,51.25299835205078
2018-04-12,51.864498138427734
2018-04-13,51.801998138427734
2018-04-16,52.30500030517578
2018-04-17,53.96799850463867
2018-04-18,53.769500732421875
2018-04-19,54.47249984741211
2018-04-20,53.86600112915039
2018-04-23,53.69049835205078
2018-04-24,51.13199996948242
2018-04-25,51.14950180053711
2018-04-26,52.16550064086914
2018-04-27,51.5724983215332
2018-04-30,50.92900085449219
2018-05-01,52.037498474121094
2018-05-02,51.3025016784668
2018-05-03,51.314998626708984
2018-05-04,52.54999923706055
2018-05-07,52.972999572753906
2018-05-08,52.929500579833984
2018-05-09,54.4474983215332
2018-05-10,55.27349853515625
2018-05-11,55.16899871826172
2018-05-14,55.33000183105469
2018-05-15,54.243499755859375
2018-05-16,54.204498291015625
2018-05-17,54.0629997253418
2018-05-18,53.48199844360352
2018-05-21,54.20050048828125
2018-05-22,53.765499114990234
2018-05-23,54.29800033569336
2018-05-24,54.272499084472656
2018-05-25,54.20399856567383
2018-05-29,53.40349960327149
2018-05-30,53.87350082397461
2018-05-31,55.0
2018-06-01,56.75
2018-06-04,57.652000427246094
2018-06-05,57.55099868774414
2018-06-06,57.34749984741211
2018-06-07,56.72100067138672
2018-06-08,56.635501861572266
2018-06-11,57.04499816894531
2018-06-12,57.40950012207031
2018-06-13,57.21149826049805
2018-06-14,58.00550079345703
2018-06-15,57.9635009765625
2018-06-18,59.17900085449219
2018-06-19,58.93450164794922
2018-06-20,59.20349884033203
2018-06-21,58.47200012207031
2018-06-22,58.464500427246094
2018-06-25,56.9640007019043
2018-06-26,56.63100051879883
2018-06-27,55.84700012207031
2018-06-28,56.3390007019043
2018-06-29,56.45949935913086
2018-07-02,57.105499267578125
2018-07-03,55.81399917602539
2018-07-05,57.06449890136719
2018-07-06,57.75400161743164
2018-07-09,58.36399841308594
2018-07-10,58.35699844360352
2018-07-11,58.573001861572266
2018-07-12,60.0629997253418
2018-07-13,60.22100067138672
2018-07-16,59.82550048828125
2018-07-17,60.65399932861328
2018-07-18,60.64550018310547
2018-07-19,59.95500183105469
2018-07-20,59.89400100708008
2018-07-23,60.54999923706055
2018-07-24,62.907501220703125
2018-07-25,63.797000885009766
2018-07-26,64.2750015258789
2018-07-27,62.644500732421875
2018-07-30,61.50199890136719
2018-07-31,61.36100006103515
2018-08-01,61.64950180053711
2018-08-02,62.05649948120117
2018-08-03,61.90800094604492
2018-08-06,61.88349914550781
2018-08-07,62.79199981689453
2018-08-08,63.06650161743164
2018-08-09,63.222999572753906
2018-08-10,62.6254997253418
2018-08-13,62.43199920654297
2018-08-14,62.90700149536133
2018-08-15,61.61100006103515
2018-08-16,61.202999114990234
2018-08-17,60.79249954223633
2018-08-20,61.09749984741211
2018-08-21,60.87049865722656
2018-08-22,61.087501525878906
2018-08-23,61.05799865722656
2018-08-24,61.837501525878906
2018-08-27,62.813499450683594
2018-08-28,62.292999267578125
2018-08-29,63.23249816894531
2018-08-30,62.72200012207031
2018-08-31,61.59000015258789
2018-09-04,60.56549835205078
2018-09-05,59.95500183105469
2018-09-06,59.199501037597656
2018-09-07,58.87950134277344
2018-09-10,58.75299835205078
2018-09-11,59.4995002746582
2018-09-12,58.58000183105469
2018-09-13,59.10699844360352
2018-09-14,58.89899826049805
2018-09-17,57.99150085449219
2018-09-18,58.355499267578125
2018-09-19,58.7135009765625
2018-09-20,59.57849884033203
2018-09-21,58.60599899291992
2018-09-24,58.97800064086914
2018-09-25,59.69449996948242
2018-09-26,59.702999114990234
2018-09-27,60.36800003051758
2018-09-28,60.354000091552734
2018-10-01,60.42649841308594
2018-10-02,60.38199996948242
2018-10-03,60.57649993896485
2018-10-04,58.85350036621094
2018-10-05,58.39149856567383
2018-10-08,57.79600143432617
2018-10-09,57.25849914550781
2018-10-10,54.608001708984375
2018-10-11,54.5369987487793
2018-10-12,56.027000427246094
2018-10-15,55.12200164794922
2018-10-16,56.65399932861328
2018-10-17,56.37950134277344
2018-10-18,54.89550018310547
2018-10-19,55.25899887084961
2018-10-22,55.56850051879883
2018-10-23,55.74549865722656
2018-10-24,52.85599899291992
2018-10-25,55.179500579833984
2018-10-26,54.1875
2018-10-29,51.73649978637695
2018-10-30,52.47549819946289
2018-10-31,54.52899932861328
2018-11-01,54.29899978637695
2018-11-02,53.574501037597656
2018-11-05,52.7864990234375
2018-11-06,53.47850036621094
2018-11-07,55.4119987487793
2018-11-08,54.73149871826172
2018-11-09,53.85100173950195
2018-11-12,52.46799850463867
2018-11-13,52.39849853515625
2018-11-14,52.729000091552734
2018-11-15,53.5525016784668
2018-11-16,53.41350173950195
2018-11-19,51.37099838256836
2018-11-20,51.522499084472656
2018-11-21,52.17150115966797
2018-11-23,51.505001068115234
2018-11-26,52.797000885009766
2018-11-27,52.61399841308594
2018-11-28,54.589500427246094
2018-11-29,54.729000091552734
2018-11-30,55.48249816894531
2018-12-03,55.81800079345703
2018-12-04,53.12350082397461
2018-12-06,53.90399932861328
2018-12-07,52.32899856567383
2018-12-10,52.65900039672851
2018-12-11,53.08250045776367
2018-12-12,53.686500549316406
2018-12-13,53.676998138427734
2018-12-14,52.58549880981445
2018-12-17,51.282501220703125
2018-12-18,52.170501708984375
2018-12-19,51.77299880981445
2018-12-20,51.17900085449219
2018-12-21,49.5625
2018-12-24,49.23350143432617
2018-12-26,52.39250183105469
2018-12-27,52.64500045776367
2018-12-28,52.33399963378906
2018-12-31,52.24800109863281
2019-01-02,52.73400115966797
2019-01-03,51.27349853515625
2019-01-04,53.90349960327149
2019-01-07,53.79600143432617
2019-01-08,54.26850128173828
2019-01-09,54.08250045776367
2019-01-10,53.94150161743164
2019-01-11,53.2234992980957
2019-01-14,52.57550048828125
2019-01-15,54.32550048828125
2019-01-16,54.47549819946289
2019-01-17,54.95600128173828
2019-01-18,55.3650016784668
2019-01-22,53.93149948120117
2019-01-23,54.22050094604492
2019-01-24,54.20000076293945
2019-01-25,55.07550048828125
2019-01-28,53.99300003051758
2019-01-29,53.50299835205078
2019-01-30,54.89950180053711
2019-01-31,56.29449844360352
2019-02-01,55.930999755859375
2019-02-04,57.07099914550781
2019-02-05,57.59349822998047
2019-02-06,56.144500732421875
2019-02-07,55.295501708984375
2019-02-08,55.11899948120117
2019-02-11,55.10599899291992
2019-02-12,56.37900161743164
2019-02-13,56.43149948120117
2019-02-14,56.459999084472656
2019-02-15,55.98149871826172
2019-02-19,56.32550048828125
2019-02-20,56.02949905395508
2019-02-21,55.21049880981445
2019-02-22,55.827999114990234
2019-02-25,55.86650085449219
2019-02-26,56.10049819946289
2019-02-27,56.144500732421875
2019-02-28,56.32749938964844
2019-03-01,57.42599868774414
2019-03-04,57.67100143432617
2019-03-05,58.45949935913086
2019-03-06,58.24700164794922
2019-03-07,57.54249954223633
2019-03-08,57.49850082397461
2019-03-11,58.9630012512207
2019-03-12,59.86249923706055
2019-03-13,59.952999114990234
2019-03-14,59.62649917602539
2019-03-15,59.51499938964844
2019-03-18,59.4275016784668
2019-03-19,60.12300109863281
2019-03-20,61.32149887084961
2019-03-21,61.80649948120117
2019-03-22,60.38249969482422
2019-03-25,59.86899948120117
2019-03-26,59.492000579833984
2019-03-27,58.9005012512207
2019-03-28,58.61349868774414
2019-03-29,58.84450149536133
2019-04-01,59.94900131225586
2019-04-02,60.277000427246094
2019-04-03,60.54050064086914
2019-04-04,60.97249984741211
2019-04-05,60.5724983215332
2019-04-08,60.41400146484375
2019-04-09,60.134498596191406
2019-04-10,60.3224983215332
2019-04-11,60.47949981689453
2019-04-12,61.13650131225586
2019-04-15,61.32649993896485
2019-04-16,61.59550094604492
2019-04-17,62.00699996948242
2019-04-18,62.07350158691406
2019-04-22,62.6879997253418
2019-04-23,63.52949905395508
2019-04-24,63.002498626708984
2019-04-25,63.367000579833984
2019-04-26,63.87099838256836
2019-04-29,64.80999755859375
2019-04-30,59.948001861572266
2019-05-01,58.66600036621094
2019-05-02,58.32550048828125
2019-05-03,59.477500915527344
2019-05-06,59.67300033569336
2019-05-07,58.94300079345703
2019-05-08,58.53900146484375
2019-05-09,58.39849853515625
2019-05-10,58.38199996948242
2019-05-13,56.829498291015625
2019-05-14,56.24300003051758
2019-05-15,58.540000915527344
2019-05-16,59.224998474121094
2019-05-17,58.43899917602539
2019-05-20,57.233001708984375
2019-05-21,57.72200012207031
2019-05-22,57.79249954223633
2019-05-23,57.266998291015625
2019-05-24,56.93050003051758
2019-05-28,56.97800064086914
2019-05-29,55.99700164794922
2019-05-30,56.070499420166016
2019-05-31,55.32500076293945
2019-06-03,51.9370002746582
2019-06-04,52.7244987487793
2019-06-05,52.23199844360352
2019-06-06,52.38800048828125
2019-06-07,53.41849899291992
2019-06-10,54.13800048828125
2019-06-11,54.051998138427734
2019-06-12,53.95500183105469
2019-06-13,54.550498962402344
2019-06-14,54.314998626708984
2019-06-17,54.69449996948242
2019-06-18,55.262001037597656
2019-06-19,55.22549819946289
2019-06-20,55.65999984741211
2019-06-21,56.26850128173828
2019-06-24,55.834999084472656
2019-06-25,54.37900161743164
2019-06-26,54.01599884033203
2019-06-27,53.83150100708008
2019-06-28,54.13999938964844
2019-07-01,55.0
2019-07-02,55.630001068115234
2019-07-03,56.14950180053711
2019-07-05,56.63349914550781
2019-07-08,55.839500427246094
2019-07-09,56.214500427246094
2019-07-10,57.045501708984375
2019-07-11,57.20399856567383
2019-07-12,57.266998291015625
2019-07-15,57.5255012512207
2019-07-16,57.67300033569336
2019-07-17,57.33700180053711
2019-07-18,57.36199951171875
2019-07-19,56.57749938964844
2019-07-22,56.96049880981445
2019-07-23,57.40250015258789
2019-07-24,56.98649978637695
2019-07-25,56.797000885009766
2019-07-26,62.26100158691406
2019-07-29,62.09199905395508
2019-07-30,61.400001525878906
2019-07-31,60.90999984741211
2019-08-01,60.5890007019043
2019-08-02,59.81600189208984
2019-08-05,57.73749923706055
2019-08-06,58.55400085449219
2019-08-07,58.795501708984375
2019-08-08,60.30950164794922
2019-08-09,59.44499969482422
2019-08-12,58.724998474121094
2019-08-13,59.83649826049805
2019-08-14,58.212501525878906
2019-08-15,58.46599960327149
2019-08-16,58.96049880981445
2019-08-19,60.02199935913086
2019-08-20,59.17649841308594
2019-08-21,59.57899856567383
2019-08-22,59.57600021362305
2019-08-23,57.67900085449219
2019-08-26,58.55899810791016
2019-08-27,58.54100036621094
2019-08-28,58.6875
2019-08-29,59.71200180053711
2019-08-30,59.5265007019043
2019-09-03,58.477500915527344
2019-09-04,59.11349868774414
2019-09-05,60.609500885009766
2019-09-06,60.31600189208984
2019-09-09,60.26350021362305
2019-09-10,60.28499984741211
2019-09-11,61.0
2019-09-12,61.74850082397461
2019-09-13,62.00149917602539
2019-09-16,61.58150100708008
2019-09-17,61.49399948120117
2019-09-18,61.63249969482422
2019-09-19,61.9375
2019-09-20,61.492000579833984
2019-09-23,61.734500885009766
2019-09-24,60.916500091552734
2019-09-25,62.297000885009766
2019-09-26,62.114498138427734
2019-09-27,61.29750061035156
2019-09-30,61.05699920654297
2019-10-01,60.29999923706055
2019-10-02,58.895999908447266
2019-10-03,59.47150039672851
2019-10-04,60.54800033569336
2019-10-07,60.412498474121094
2019-10-08,59.506500244140625
2019-10-09,60.119998931884766
2019-10-10,60.4734992980957
2019-10-11,60.785499572753906
2019-10-14,60.88850021362305
2019-10-15,62.11199951171875
2019-10-16,62.150001525878906
2019-10-17,62.63999938964844
2019-10-18,62.22050094604492
2019-10-21,62.2140007019043
2019-10-22,62.060001373291016
2019-10-23,62.881500244140625
2019-10-24,62.95550155639648
2019-10-25,63.21500015258789
2019-10-28,64.4489974975586
2019-10-29,63.03300094604492
2019-10-30,63.03499984741211
2019-10-31,62.939998626708984
2019-11-01,63.61249923706055
2019-11-04,64.48049926757812
2019-11-05,64.5719985961914
2019-11-06,64.55049896240234
2019-11-07,65.34700012207031
2019-11-08,65.44999694824219
2019-11-11,64.91400146484375
2019-11-12,64.8604965209961
2019-11-13,64.80899810791016
2019-11-14,65.4574966430664
2019-11-15,66.677001953125
2019-11-18,65.99199676513672
2019-11-19,65.62950134277344
2019-11-20,65.09300231933594
2019-11-21,65.00700378417969
2019-11-22,64.68350219726562
2019-11-25,65.28199768066406
2019-11-26,65.6500015258789
2019-11-27,65.60649871826172
2019-11-29,65.20449829101562
2019-12-02,64.44300079345703
2019-12-03,64.73699951171875
2019-12-04,65.9469985961914
2019-12-05,66.3479995727539
2019-12-06,66.96949768066406
2019-12-09,67.14949798583984
2019-12-10,67.14450073242188
2019-12-11,67.2125015258789
2019-12-12,67.42449951171875
2019-12-13,67.34349822998047
2019-12-16,68.03500366210938
2019-12-17,67.74449920654297
2019-12-18,67.59549713134766
2019-12-19,67.8219985961914
2019-12-20,67.56099700927734
2019-12-23,67.53150177001953
2019-12-24,67.22149658203125
2019-12-26,68.12349700927734
2019-12-27,67.73200225830078
2019-12-30,66.9854965209961
2019-12-31,66.96949768066406
2020-01-02,68.43399810791016
2020-01-03,68.07599639892578
2020-01-06,69.8905029296875
2020-01-07,69.75550079345703
2020-01-08,70.25199890136719
2020-01-09,70.989501953125
2020-01-10,71.447998046875
2020-01-13,72.00150299072266
2020-01-14,71.52950286865234
2020-01-15,71.95999908447266
2020-01-16,72.50800323486328
2020-01-17,73.97599792480469
2020-01-21,74.11250305175781
2020-01-22,74.19349670410156
2020-01-23,74.2344970703125
2020-01-24,73.30850219726562
2020-01-27,71.58650207519531
2020-01-28,72.5250015258789
2020-01-29,72.83499908447266
2020-01-30,72.7125015258789
2020-01-31,71.63899993896484
2020-02-03,74.12999725341797
2020-02-04,72.27050018310547
2020-02-05,72.30249786376953
2020-02-06,73.79850006103516
2020-02-07,73.95549774169922
2020-02-10,75.43299865722656
2020-02-11,75.50299835205078
2020-02-12,75.93150329589844
2020-02-13,75.66950225830078
2020-02-14,75.9365005493164
2020-02-18,75.97200012207031
2020-02-19,76.24349975585938
2020-02-20,75.84950256347656
2020-02-21,74.1729965209961
2020-02-24,70.99299621582031
2020-02-25,69.31600189208984
2020-02-26,69.52349853515625
2020-02-27,65.74749755859375
2020-02-28,66.9625015258789
2020-03-02,69.31600189208984
2020-03-03,66.88600158691406
2020-03-04,69.08000183105469
2020-03-05,65.73799896240234
2020-03-06,64.78700256347656
2020-03-09,60.78950119018555
2020-03-10,63.75849914550781
2020-03-11,60.54499816894531
2020-03-12,55.57749938964844
2020-03-13,60.7135009765625
2020-03-16,53.650001525878906
2020-03-17,55.90299987792969
2020-03-18,54.55950164794922
2020-03-19,55.583499908447266
2020-03-20,53.410499572753906
2020-03-23,52.70650100708008
2020-03-24,56.5004997253418
2020-03-25,55.08100128173828
2020-03-26,58.145999908447266
2020-03-27,55.51300048828125
2020-03-30,57.31549835205078
2020-03-31,58.09749984741211
2020-04-01,55.10499954223633
2020-04-02,55.85150146484375
2020-04-03,54.6349983215332
2020-04-06,59.15950012207031
2020-04-07,59.12799835205078
2020-04-08,60.349998474121094
2020-04-09,60.32849884033203
2020-04-13,60.52050018310547
2020-04-14,63.26150131225586
2020-04-15,62.8650016784668
2020-04-16,62.87149810791016
2020-04-17,63.95000076293945
2020-04-20,63.057498931884766
2020-04-21,60.608001708984375
2020-04-22,62.920501708984375
2020-04-23,63.55849838256836
2020-04-24,63.83000183105469
2020-04-27,63.542999267578125
2020-04-28,61.62950134277344
2020-04-29,67.10900115966797
2020-04-30,67.33499908447266
2020-05-01,65.86599731445312
2020-05-04,66.1449966430664
2020-05-05,67.45099639892578
2020-05-06,67.27149963378906
2020-05-07,68.46399688720703
2020-05-08,69.21700286865234
2020-05-11,70.17949676513672
2020-05-12,68.75900268554688
2020-05-13,67.41649627685547
2020-05-14,67.84300231933594
2020-05-15,68.65299987792969
2020-05-18,69.25900268554688
2020-05-19,68.72000122070312
2020-05-20,70.45800018310547
2020-05-21,70.3375015258789
2020-05-22,70.66200256347656
2020-05-26,71.06849670410156
2020-05-27,71.01399993896484
2020-05-28,70.91200256347656
2020-05-29,71.6760025024414
2020-06-01,71.74349975585938
2020-06-02,72.1155014038086
2020-06-03,71.9625015258789
2020-06-04,70.71499633789062
2020-06-05,72.0009994506836
2020-06-08,72.4020004272461
2020-06-09,72.60399627685547
2020-06-10,73.23500061035156
2020-06-11,70.09500122070312
2020-06-12,70.64600372314453
2020-06-15,71.03700256347656
2020-06-16,72.32350158691406
2020-06-17,72.62699890136719
2020-06-18,71.70600128173828
2020-06-19,71.23200225830078
2020-06-22,72.53299713134766
2020-06-23,73.1989974975586
2020-06-24,71.63500213623047
2020-06-25,72.05500030517578
2020-06-26,68.12699890136719
2020-06-29,69.8584976196289
2020-06-30,70.90249633789062
2020-07-01,72.0999984741211
2020-07-02,73.49649810791016
2020-07-06,74.98249816894531
2020-07-07,74.49600219726562
2020-07-08,75.18000030517578
2020-07-09,75.93299865722656
2020-07-10,76.95050048828125
2020-07-13,75.61150360107422
2020-07-14,76.04299926757812
2020-07-15,75.84400177001953
2020-07-16,75.74600219726562
2020-07-17,75.84249877929688
2020-07-20,78.19200134277344
2020-07-21,77.7959976196289
2020-07-22,78.24250030517578
2020-07-23,75.8375015258789
2020-07-24,75.4104995727539
2020-07-27,76.47149658203125
2020-07-28,75.18250274658203
2020-07-29,76.17549896240234
2020-07-30,76.91850280761719
2020-07-31,74.39749908447266
2020-08-03,74.13800048828125
2020-08-04,73.66500091552734
2020-08-05,73.95449829101562
2020-08-06,75.24749755859375
2020-08-07,74.91850280761719
2020-08-10,74.84100341796875
2020-08-11,74.0270004272461
2020-08-12,75.36199951171875
2020-08-13,75.8324966430664
2020-08-14,75.23149871826172
2020-08-17,75.81199645996094
2020-08-18,77.78900146484375
2020-08-19,77.23049926757812
2020-08-20,78.8125
2020-08-21,78.77850341796875
2020-08-24,79.25749969482422
2020-08-25,80.2925033569336
2020-08-26,82.20649719238281
2020-08-27,81.4260025024414
2020-08-28,81.97149658203125
2020-08-31,81.47650146484375
2020-09-01,82.75399780273438
2020-09-02,85.86949920654297
2020-09-03,81.47550201416016
2020-09-04,79.06050109863281
2020-09-08,76.18000030517578
2020-09-09,77.36150360107422
2020-09-10,76.30249786376953
2020-09-11,75.78800201416016
2020-09-14,75.44149780273438
2020-09-15,76.75599670410156
2020-09-16,75.60449981689453
2020-09-17,74.35199737548828
2020-09-18,72.55449676513672
2020-09-21,71.50700378417969
2020-09-22,72.99099731445312
2020-09-23,70.46949768066406
2020-09-24,71.14299774169922
2020-09-25,71.9530029296875
2020-09-28,72.93299865722656
2020-09-29,73.3010025024414
2020-09-30,73.27999877929688
2020-10-01,74.3949966430664
2020-10-02,72.77999877929688
2020-10-05,74.1415023803711
2020-10-06,72.5510025024414
2020-10-07,72.95700073242188
2020-10-08,74.17150115966797
2020-10-09,75.52249908447266
2020-10-12,78.22949981689453
2020-10-13,78.35350036621094
2020-10-14,78.1719970703125
2020-10-15,77.77349853515625
2020-10-16,78.38500213623047
2020-10-19,76.49749755859375
2020-10-20,77.55400085449219
2020-10-21,79.29949951171875
2020-10-22,80.33300018310547
2020-10-23,81.64900207519531
2020-10-26,79.2145004272461
2020-10-27,79.94400024414062
2020-10-28,75.54000091552734
2020-10-29,77.84400177001953
2020-10-30,80.80549621582031
2020-11-02,81.21600341796875
2020-11-03,82.28299713134766
2020-11-04,87.2925033569336
2020-11-05,88.125
2020-11-06,87.98650360107422
2020-11-09,88.07099914550781
2020-11-10,86.88600158691406
2020-11-11,87.36150360107422
2020-11-12,87.14099884033203
2020-11-13,88.61299896240234
2020-11-16,88.70149993896484
2020-11-17,88.08300018310547
2020-11-18,87.03199768066406
2020-11-19,87.92849731445312
2020-11-20,86.81900024414062
2020-11-23,86.37799835205078
2020-11-24,88.19499969482422
2020-11-25,88.20649719238281
2020-11-27,89.35099792480469
2020-11-30,87.72000122070312
2020-12-01,89.76799774169922
2020-12-02,91.24849700927734
2020-12-03,91.09200286865234
2020-12-04,91.18800354003906
2020-12-07,90.85150146484376
2020-12-08,90.56649780273438
2020-12-09,88.89299774169922
2020-12-10,88.38249969482422
2020-12-11,88.73999786376953
2020-12-14,87.61299896240234
2020-12-15,88.05400085449219
2020-12-16,87.8594970703125
2020-12-17,87.02549743652344
2020-12-18,86.31099700927734
2020-12-21,86.72799682617188
2020-12-22,86.01100158691406
2020-12-23,86.4114990234375
2020-12-24,86.70800018310547
2020-12-28,88.697998046875
2020-12-29,87.88800048828125
2020-12-30,86.8125
2020-12-31,87.63200378417969
2021-01-04,86.30650329589844
2021-01-05,87.00250244140625
2021-01-06,86.14399719238281
2021-01-07,88.71700286865234
2021-01-08,89.8915023803711
2021-01-11,87.81449890136719
2021-01-12,86.87149810791016
2021-01-13,87.36250305175781
2021-01-14,86.5459976196289
2021-01-15,86.38099670410156
2021-01-19,89.22350311279297
2021-01-20,94.00350189208984
2021-01-21,94.2074966430664
2021-01-22,94.62799835205078
2021-01-25,94.71399688720705
2021-01-26,95.39749908447266
2021-01-27,90.9469985961914
2021-01-28,92.66000366210938
2021-01-29,91.36799621582033
2021-02-01,94.65350341796876
2021-02-02,95.95600128173828
2021-02-03,102.94400024414062
2021-02-04,102.68150329589844
2021-02-05,104.44149780273438
2021-02-08,104.22599792480467
2021-02-09,103.76950073242188
2021-02-10,104.3239974975586
2021-02-11,104.4375
2021-02-12,104.75150299072266
2021-02-16,105.53500366210938
2021-02-17,105.93099975585938
2021-02-18,105.29049682617188
2021-02-19,104.44049835205078
2021-02-22,102.71299743652344
2021-02-23,103.00599670410156
2021-02-24,104.19049835205078
2021-02-25,100.79750061035156
2021-02-26,101.09549713134766
2021-03-01,103.48300170898438
2021-03-02,103.2239990234375
2021-03-03,100.57050323486328
2021-03-04,101.69650268554688
2021-03-05,104.85350036621094
2021-03-08,100.375
2021-03-09,102.01799774169922
2021-03-10,101.80950164794922
2021-03-11,105.0270004272461
2021-03-12,102.5
2021-03-15,102.72200012207033
2021-03-16,104.19450378417967
2021-03-17,104.11100006103516
2021-03-18,101.06700134277344
2021-03-19,101.3479995727539
2021-03-22,101.53450012207033
2021-03-23,102.06649780273438
2021-03-24,101.62650299072266
2021-03-25,101.6230010986328
2021-03-26,101.23650360107422
2021-03-29,102.28949737548828
2021-03-30,102.32350158691406
2021-03-31,103.1259994506836
2021-04-01,106.48899841308594
2021-04-05,110.947998046875
2021-04-06,110.46299743652344
2021-04-07,111.95149993896484
2021-04-08,112.52149963378906
2021-04-09,113.53350067138672
2021-04-12,112.2310028076172
2021-04-13,112.72149658203124
2021-04-14,112.09549713134766
2021-04-15,114.2624969482422
2021-04-16,114.1374969482422
2021-04-19,114.48799896240234
2021-04-20,113.95050048828124
2021-04-21,113.9175033569336
2021-04-22,112.6259994506836
2021-04-23,114.99649810791016
2021-04-26,115.49649810791016
2021-04-27,114.54900360107422
2021-04-28,117.9520034790039
2021-04-29,119.63800048828124
2021-04-30,117.6750030517578
2021-05-03,117.15399932861328
2021-05-04,115.34149932861328
2021-05-05,115.7385025024414
2021-05-06,116.86750030517578
2021-05-07,117.59649658203124
2021-05-10,114.5875015258789
2021-05-11,113.50299835205078
2021-05-12,110.0124969482422
2021-05-13,111.4520034790039
2021-05-14,113.91899871826172
2021-05-17,114.4459991455078
2021-05-18,113.12349700927734
2021-05-19,113.5749969482422
2021-05-20,115.34750366210938
2021-05-21,114.7064971923828
2021-05-24,118.052001953125
2021-05-25,118.14350128173828
2021-05-26,119.0155029296875
2021-05-27,118.13400268554688
2021-05-28,117.84249877929688
2021-06-01,119.05899810791016
2021-06-02,118.52950286865234
2021-06-03,117.37899780273438
2021-06-04,119.67849731445312
2021-06-07,120.11499786376952
2021-06-08,119.9219970703125
2021-06-09,120.39700317382812
2021-06-10,121.75650024414062
2021-06-11,121.51000213623048
2021-06-14,122.44550323486328
2021-06-15,121.41950225830078
2021-06-16,120.77249908447266
2021-06-17,121.74349975585938
2021-06-18,120.11100006103516
2021-06-21,121.8125
2021-06-22,122.33049774169922
2021-06-23,122.1269989013672
2021-06-24,122.5
2021-06-25,122.5084991455078
2021-06-28,122.53600311279295
2021-06-29,122.27249908447266
2021-06-30,122.0895004272461
2021-07-01,122.44450378417967
2021-07-02,125.25749969482422
2021-07-06,126.19000244140624
2021-07-07,126.4739990234375
2021-07-08,125.04399871826172
2021-07-09,125.51850128173828
2021-07-12,126.97550201416016
2021-07-13,127.34149932861328
2021-07-14,128.23699951171875
2021-07-15,127.00499725341795
2021-07-16,126.97000122070312
2021-07-19,124.5780029296875
2021-07-20,126.20950317382812
2021-07-21,127.54900360107422
2021-07-22,128.42149353027344
2021-07-23,133.01499938964844
2021-07-26,134.03500366210938
2021-07-27,131.89999389648438
2021-07-28,136.093994140625
2021-07-29,135.77749633789062
2021-07-30,134.72650146484375
2021-08-02,134.85450744628906
2021-08-03,135.6300048828125
2021-08-04,135.12550354003906
2021-08-05,136.25149536132812
2021-08-06,135.73849487304688
2021-08-09,136.91299438476562
2021-08-10,136.8070068359375
2021-08-11,136.2790069580078
2021-08-12,137.19400024414062
2021-08-13,137.7274932861328
2021-08-16,138.3094940185547
2021-08-17,136.6614990234375
2021-08-18,135.44900512695312
2021-08-19,135.67999267578125
2021-08-20,137.42950439453125
2021-08-23,140.04150390625
2021-08-24,141.26150512695312
2021-08-25,142.07899475097656
2021-08-26,141.4405059814453
2021-08-27,144.00399780273438
2021-08-30,144.5904998779297
2021-08-31,144.69749450683594
2021-09-01,145.2154998779297
2021-09-02,143.28700256347656
2021-09-03,143.739501953125
2021-09-07,144.28050231933594
2021-09-08,143.6909942626953
2021-09-09,143.54100036621094
2021-09-10,140.87600708007812
2021-09-13,142.33250427246094
2021-09-14,142.54449462890625
2021-09-15,144.42950439453125
2021-09-16,143.61000061035156
2021-09-17,140.8000030517578
2021-09-20,138.71949768066406
2021-09-21,139.0330047607422
2021-09-22,140.2834930419922
2021-09-23,141.21600341796875
2021-09-24,142.21499633789062
2021-09-27,141.07200622558594
2021-09-28,135.8300018310547
2021-09-29,134.35350036621094
2021-09-30,133.67599487304688
2021-10-01,136.54299926757812
2021-10-04,133.6595001220703
2021-10-05,136.0229949951172
2021-10-06,137.56500244140625
2021-10-07,139.22500610351562
2021-10-08,139.78550720214844
2021-10-11,138.91400146484375
2021-10-12,136.44900512695312
2021-10-13,137.58200073242188
2021-10-14,141.1510009765625
2021-10-15,141.3679962158203
2021-10-18,142.7779998779297
2021-10-19,143.23699951171875
2021-10-20,141.7689971923828
2021-10-21,141.88600158691406
2021-10-22,137.56649780273438
2021-10-25,137.44700622558594
2021-10-26,139.30850219726562
2021-10-27,146.21749877929688
2021-10-28,145.8489990234375
2021-10-29,148.04600524902344
2021-11-01,143.4969940185547
2021-11-02,145.4324951171875
2021-11-03,146.59800720214844
2021-11-04,148.2675018310547
2021-11-05,148.8520050048828
2021-11-08,149.031005859375
2021-11-09,148.9185028076172
2021-11-10,145.89349365234375
2021-11-11,145.76649475097656
2021-11-12,148.67799377441406
2021-11-15,148.45199584960938
2021-11-16,147.87600708007812
2021-11-17,148.0469970703125
2021-11-18,149.8385009765625
2021-11-19,148.92649841308594
2021-11-22,146.302001953125
2021-11-23,145.78199768066406
2021-11-24,146.1199951171875
2021-11-26,142.18299865722656
2021-11-29,145.53050231933594
2021-11-30,141.8975067138672
2021-12-01,141.05149841308594
2021-12-02,142.96600341796875
2021-12-03,142.00149536132812
2021-12-06,143.15499877929688
2021-12-07,147.26950073242188
2021-12-08,148.18649291992188
2021-12-09,147.6385040283203
2021-12-10,148.00149536132812
2021-12-13,145.82650756835938
2021-12-14,143.90699768066406
2021-12-15,146.4409942626953
2021-12-16,144.44500732421875
2021-12-17,141.72500610351562
2021-12-20,141.60699462890625
2021-12-21,143.47250366210938
2021-12-22,146.4149932861328
2021-12-23,146.91650390625
2021-12-27,147.906494140625
2021-12-28,146.68699645996094
2021-12-29,146.65499877929688
2021-12-30,146.20050048828125
2021-12-31,144.8520050048828
2022-01-03,144.9915008544922
2022-01-04,144.39950561523438
2022-01-05,137.77499389648438
2022-01-06,137.74749755859375
2022-01-07,137.01699829101562
2022-01-10,138.66949462890625
2022-01-11,139.73599243164062
2022-01-12,141.4304962158203
2022-01-13,138.58700561523438
2022-01-14,139.48049926757812
2022-01-18,135.9980010986328
2022-01-19,135.1165008544922
2022-01-20,133.3074951171875
2022-01-21,130.35150146484375
2022-01-24,130.8040008544922
2022-01-25,126.93499755859376
2022-01-26,129.23300170898438
2022-01-27,129.0050048828125
2022-01-28,133.3509979248047
2022-01-31,135.30349731445312
2022-02-01,137.6439971923828
2022-02-02,148.0
2022-02-03,143.08999633789062
2022-02-04,143.29299926757812
2022-02-07,139.2010040283203
2022-02-08,139.3990020751953
2022-02-09,141.5919952392578
2022-02-10,138.6199951171875
2022-02-11,134.28250122070312
2022-02-14,135.5260009765625
2022-02-15,136.60850524902344
2022-02-16,137.73800659179688
2022-02-17,132.53900146484375
2022-02-18,130.4029998779297
2022-02-22,129.81350708007812
2022-02-23,127.58799743652344
2022-02-24,132.6909942626953
2022-02-25,134.45950317382812
2022-02-28,135.0570068359375
2022-03-01,134.06149291992188
2022-03-02,134.57150268554688
2022-03-03,133.89950561523438
2022-03-04,131.906494140625
2022-03-07,126.37850189208984
2022-03-08,127.10449981689452
2022-03-09,133.4199981689453
2022-03-10,132.42950439453125
2022-03-11,129.87049865722656
2022-03-14,125.95099639892578
2022-03-15,129.197998046875
2022-03-16,133.28050231933594
2022-03-17,133.83900451660156
2022-03-18,136.12550354003906
2022-03-21,136.10150146484375
2022-03-22,139.8679962158203
2022-03-23,138.27549743652344
2022-03-24,141.57200622558594
2022-03-25,141.67300415039062
2022-03-28,141.45550537109375
2022-03-29,142.5054931640625
2022-03-30,141.93850708007812
2022-03-31,139.0675048828125
2022-04-01,140.15049743652344
2022-04-04,142.97149658203125
2022-04-05,140.59100341796875
2022-04-06,136.54800415039062
2022-04-07,135.8885040283203
2022-04-08,133.28750610351562
2022-04-11,128.82350158691406
2022-04-12,127.7145004272461
2022-04-13,129.8939971923828
2022-04-14,126.7300033569336
2022-04-18,127.67649841308594
2022-04-19,130.00900268554688
2022-04-20,128.0399932861328
2022-04-21,124.8144989013672
2022-04-22,119.635498046875
2022-04-25,123.0739974975586
2022-04-26,118.6500015258789
2022-04-27,114.29450225830078
2022-04-28,118.52249908447266
2022-04-29,114.1094970703125
2022-05-02,116.58300018310548
2022-05-03,117.33399963378906
2022-05-04,122.26100158691406
2022-05-05,116.50550079345705
2022-05-06,115.74649810791016
2022-05-09,112.51100158691406
2022-05-10,114.3949966430664
2022-05-11,113.60250091552734
2022-05-12,112.84400177001952
2022-05-13,116.05049896240234
2022-05-16,114.44499969482422
2022-05-17,116.4729995727539
2022-05-18,111.89949798583984
2022-05-19,110.38400268554688
2022-05-20,108.90799713134766
2022-05-23,111.48799896240234
2022-05-24,105.97000122070312
2022-05-25,105.80500030517578
2022-05-26,107.7925033569336
2022-05-27,112.31649780273438
2022-05-31,113.76200103759766
2022-06-01,113.89199829101562
2022-06-02,117.62249755859376
2022-06-03,114.54100036621094
2022-06-06,116.82050323486328
2022-06-07,117.14949798583984
2022-06-08,117.19400024414062
2022-06-09,114.83550262451172
2022-06-10,111.1614990234375
2022-06-13,106.39250183105467
2022-06-14,106.71549987792967
2022-06-15,109.7645034790039
2022-06-16,106.03350067138672
2022-06-17,107.14350128173828
2022-06-21,111.54399871826172
2022-06-22,111.4875030517578
2022-06-23,112.24199676513672
2022-06-24,117.9749984741211
2022-06-27,115.83350372314452
2022-06-28,112.00749969482422
2022-06-29,111.70149993896484
2022-06-30,108.96299743652344
2022-07-01,108.7375030517578
2022-07-05,113.26300048828124
2022-07-06,114.5719985961914
2022-07-07,118.78299713134766
2022-07-08,119.35350036621094
2022-07-11,115.67649841308594
2022-07-12,114.02050018310548
2022-07-13,111.35350036621094
2022-07-14,110.36750030517578
2022-07-15,111.77749633789062
2022-07-18,109.02999877929688
2022-07-19,113.80999755859376
2022-07-20,113.9000015258789
2022-07-21,114.33999633789062
2022-07-22,107.9000015258789
2022-07-25,107.51000213623048
2022-07-26,105.0199966430664
2022-07-27,113.05999755859376
2022-07-28,114.22000122070312
2022-07-29,116.31999969482422
2022-08-01,114.86000061035156
2022-08-02,115.12999725341795
2022-08-03,118.08000183105467
2022-08-04,118.19000244140624
2022-08-05,117.47000122070312
2022-08-08,117.3000030517578
2022-08-09,116.62999725341795
2022-08-10,119.6999969482422
2022-08-11,118.83999633789062
2022-08-12,121.68000030517578
2022-08-15,122.08000183105467
2022-08-16,121.6999969482422
2022-08-17,119.5500030517578
2022-08-18,120.16999816894533
2022-08-19,117.20999908447266
2022-08-22,114.23999786376952
2022-08-23,113.86000061035156
2022-08-24,113.69000244140624
2022-08-25,116.6500015258789
2022-08-26,110.33999633789062
2022-08-29,109.41999816894533
2022-08-30,108.94000244140624
2022-08-31,108.22000122070312
2022-09-01,109.73999786376952
2022-09-02,107.8499984741211
2022-09-06,106.80999755859376
2022-09-07,109.4499969482422
2022-09-08,108.37999725341795
2022-09-09,110.6500015258789
2022-09-12,110.86000061035156
2022-09-13,104.31999969482422
2022-09-14,105.0
2022-09-15,102.91000366210938
2022-09-16,102.8000030517578
2022-09-19,103.06999969482422
2022-09-20,101.13999938964844
2022-09-21,99.27999877929688
2022-09-22,100.13999938964844
2022-09-23,98.73999786376952
2022-09-26,98.16999816894533
2022-09-27,97.5
2022-09-28,100.0500030517578
2022-09-29,97.41999816894533
2022-09-30,95.6500015258789
2022-10-03,98.63999938964844
2022-10-04,101.63999938964844
2022-10-05,101.43000030517578
2022-10-06,101.41999816894533
2022-10-07,98.68000030517578
2022-10-10,97.86000061035156
2022-10-11,97.18000030517578
2022-10-12,97.55999755859376
2022-10-13,99.05999755859376
2022-10-14,96.55999755859376
2022-10-17,99.97000122070312
2022-10-18,100.7699966430664
2022-10-19,99.62999725341795
2022-10-20,99.97000122070312
2022-10-21,101.12999725341795
2022-10-24,102.5199966430664
2022-10-25,104.4800033569336
2022-10-26,94.93000030517578
2022-10-27,92.22000122070312
2022-10-28,96.29000091552734
2022-10-31,94.51000213623048
2022-11-01,90.47000122070312
2022-11-02,86.97000122070312
2022-11-03,83.43000030517578
2022-11-04,86.58000183105469
2022-11-07,88.48999786376953
2022-11-08,88.9000015258789
2022-11-09,87.31999969482422
2022-11-10,93.94000244140624
2022-11-11,96.41000366210938
2022-11-14,95.6999969482422
2022-11-15,98.44000244140624
2022-11-16,98.8499984741211
2022-11-17,98.36000061035156
2022-11-18,97.43000030517578
2022-11-21,95.5999984741211
2022-11-22,97.0500030517578
2022-11-23,98.45999908447266
2022-11-25,97.45999908447266
2022-11-28,96.0500030517578
2022-11-29,95.19000244140624
2022-11-30,100.98999786376952
2022-12-01,100.98999786376952
2022-12-02,100.44000244140624
2022-12-05,99.4800033569336
2022-12-06,96.9800033569336
2022-12-07,94.94000244140624
2022-12-08,93.70999908447266
2022-12-09,92.83000183105467
2022-12-12,93.30999755859376
2022-12-13,95.62999725341795
2022-12-14,95.06999969482422
2022-12-15,90.86000061035156
2022-12-16,90.26000213623048
2022-12-19,88.44000244140625
2022-12-20,89.0199966430664
2022-12-21,89.58000183105469
2022-12-22,87.76000213623047
2022-12-23,89.2300033569336
2022-12-27,87.38999938964844
2022-12-28,86.0199966430664
2022-12-29,88.44999694824219
2022-12-30,88.2300033569336
2023-01-03,89.12000274658203
2023-01-04,88.08000183105469
2023-01-05,86.19999694824219
2023-01-06,87.33999633789062
2023-01-09,88.0199966430664
2023-01-10,88.41999816894531
2023-01-11,91.5199966430664
2023-01-12,91.12999725341795
2023-01-13,92.12000274658205
2023-01-17,91.29000091552734
2023-01-18,91.12000274658205
2023-01-19,93.0500030517578
2023-01-20,98.0199966430664
2023-01-23,99.79000091552734
2023-01-24,97.6999969482422
2023-01-25,95.22000122070312
2023-01-26,97.5199966430664
2023-01-27,99.37000274658205
2023-01-30,96.94000244140624
2023-01-31,98.83999633789062
2023-02-01,100.43000030517578
2023-02-02,107.73999786376952
2023-02-03,104.77999877929688
2023-02-06,102.9000015258789
2023-02-07,107.63999938964844
2023-02-08,99.37000274658205
2023-02-09,95.01000213623048
2023-02-10,94.56999969482422
2023-02-13,94.61000061035156
2023-02-14,94.68000030517578
2023-02-15,96.94000244140624
2023-02-16,95.51000213623048
2023-02-17,94.3499984741211
2023-02-21,91.79000091552734
2023-02-22,91.6500015258789
2023-02-23,90.88999938964844
2023-02-24,89.12999725341797
2023-02-27,89.87000274658203
2023-02-28,90.05999755859375
2023-03-01,90.36000061035156
2023-03-02,92.0
2023-03-03,93.6500015258789
2023-03-06,95.12999725341795
2023-03-07,93.86000061035156
2023-03-08,94.25
2023-03-09,92.31999969482422
2023-03-10,90.62999725341795
2023-03-13,91.11000061035156
2023-03-14,93.97000122070312
2023-03-15,96.11000061035156
2023-03-16,100.31999969482422
2023-03-17,101.62000274658205
2023-03-20,101.22000122070312
2023-03-21,104.91999816894533
2023-03-22,103.37000274658205
2023-03-23,105.5999984741211
2023-03-24,105.44000244140624
2023-03-27,102.45999908447266
2023-03-28,101.02999877929688
2023-03-29,101.38999938964844
2023-03-30,100.88999938964844
2023-03-31,103.7300033569336
2023-04-03,104.36000061035156
2023-04-04,104.72000122070312
2023-04-05,104.47000122070312
2023-04-06,108.41999816894533
2023-04-10,106.44000244140624
2023-04-11,105.3499984741211
2023-04-12,104.63999938964844
2023-04-13,107.43000030517578
2023-04-14,108.87000274658205
2023-04-17,105.97000122070312
2023-04-18,104.5
2023-04-19,104.18000030517578
2023-04-20,105.29000091552734
2023-04-21,105.41000366210938
2023-04-24,105.97000122070312
2023-04-25,103.8499984741211
2023-04-26,103.70999908447266
2023-04-27,107.58999633789062
2023-04-28,107.33999633789062
2023-05-01,107.1999969482422
2023-05-02,105.31999969482422
2023-05-03,105.41000366210938
2023-05-04,104.69000244140624
2023-05-05,105.56999969482422
2023-05-08,107.7699966430664
2023-05-09,107.3499984741211
2023-05-10,111.75
2023-05-11,116.56999969482422
2023-05-12,117.51000213623048
2023-05-15,116.51000213623048
2023-05-16,119.51000213623048
2023-05-17,120.83999633789062
2023-05-18,122.83000183105467
2023-05-19,122.76000213623048
2023-05-22,125.0500030517578
2023-05-23,122.55999755859376
2023-05-24,120.9000015258789
2023-05-25,123.4800033569336
2023-05-26,124.61000061035156
2023-05-30,123.66999816894533
2023-05-31,122.87000274658205
2023-06-01,123.72000122070312
2023-06-02,124.66999816894533
2023-06-05,126.01000213623048
2023-06-06,127.30999755859376
2023-06-07,122.5
2023-06-08,122.13999938964844
2023-06-09,122.2300033569336
2023-06-12,123.63999938964844
2023-06-13,123.83000183105467
2023-06-14,123.66999816894533
2023-06-15,125.08999633789062
2023-06-16,123.52999877929688
2023-06-20,123.0999984741211
2023-06-21,120.5500030517578
2023-06-22,123.1500015258789
2023-06-23,122.33999633789062
2023-06-26,118.33999633789062
2023-06-27,118.33000183105467
2023-06-28,120.18000030517578
2023-06-29,119.0999984741211
2023-06-30,119.6999969482422
2023-07-03,119.9000015258789
2023-07-05,121.75
2023-07-06,120.11000061035156
2023-07-07,119.4800033569336
2023-07-10,116.4499969482422
2023-07-11,117.13999938964844
2023-07-12,118.93000030517578
2023-07-13,124.54000091552734
2023-07-14,125.41999816894533
2023-07-17,124.6500015258789
2023-07-18,123.76000213623048
2023-07-19,122.02999877929688
2023-07-20,119.1999969482422
2023-07-21,120.0199966430664
2023-07-24,121.52999877929688
2023-07-25,122.20999908447266
2023-07-26,129.27000427246094
2023-07-27,129.39999389648438
2023-07-28,132.5800018310547
2023-07-31,132.72000122070312
2023-08-01,131.5500030517578
2023-08-02,128.3800048828125
2023-08-03,128.4499969482422
2023-08-04,128.11000061035156
2023-08-07,131.52999877929688
2023-08-08,131.39999389648438
2023-08-09,129.66000366210938
2023-08-10,129.69000244140625
2023-08-11,129.55999755859375
2023-08-14,131.3300018310547
2023-08-15,129.77999877929688
2023-08-16,128.6999969482422
2023-08-17,129.9199981689453
2023-08-18,127.45999908447266
2023-08-21,128.3699951171875
2023-08-22,129.0800018310547
2023-08-23,132.3699951171875
2023-08-24,129.77999877929688
2023-08-25,129.8800048828125
2023-08-28,131.00999450683594
2023-08-29,134.57000732421875
2023-08-30,135.8800048828125
2023-08-31,136.1699981689453
2023-09-01,135.66000366210938
2023-09-05,135.77000427246094
2023-09-06,134.4600067138672
2023-09-07,135.25999450683594
2023-09-08,136.3800048828125
2023-09-11,136.9199981689453
2023-09-12,135.33999633789062
2023-09-13,136.7100067138672
2023-09-14,138.10000610351562
2023-09-15,137.39999389648438
2023-09-18,138.2100067138672
2023-09-19,138.0399932861328
2023-09-20,133.74000549316406
2023-09-21,130.44000244140625
2023-09-22,130.25
2023-09-25,131.11000061035156
2023-09-26,128.57000732421875
2023-09-27,130.5399932861328
2023-09-28,132.30999755859375
2023-09-29,130.86000061035156
2023-10-02,134.1699981689453
2023-10-03,132.42999267578125
2023-10-04,135.24000549316406
2023-10-05,135.07000732421875
2023-10-06,137.5800018310547
2023-10-09,138.4199981689453
2023-10-10,138.05999755859375
2023-10-11,140.5500030517578
2023-10-12,138.97000122070312
2023-10-13,137.36000061035156
2023-10-16,139.10000610351562
2023-10-17,139.72000122070312
2023-10-18,137.9600067138672
2023-10-19,137.75
2023-10-20,135.60000610351562
2023-10-23,136.5
2023-10-24,138.80999755859375
2023-10-25,125.61000061035156
2023-10-26,122.27999877929688
2023-10-27,122.16999816894533
2023-10-30,124.45999908447266
2023-10-31,124.08000183105467
2023-11-01,126.4499969482422
2023-11-02,127.48999786376952
2023-11-03,129.10000610351562
2023-11-06,130.25
2023-11-07,130.97000122070312
2023-11-08,131.83999633789062
2023-11-09,130.24000549316406
2023-11-10,132.58999633789062
2023-11-13,132.08999633789062
2023-11-14,133.6199951171875
2023-11-15,134.6199951171875
2023-11-16,136.92999267578125
2023-11-17,135.30999755859375
2023-11-20,136.25
2023-11-21,136.97000122070312
2023-11-22,138.49000549316406
2023-11-24,136.69000244140625
2023-11-27,136.41000366210938
2023-11-28,137.1999969482422
2023-11-29,134.99000549316406
2023-11-30,132.52999877929688
2023-12-01,131.86000061035156
2023-12-04,129.27000427246094
2023-12-05,130.99000549316406
2023-12-06,130.02000427246094
2023-12-07,136.92999267578125
2023-12-08,134.99000549316406
2023-12-11,133.2899932861328
2023-12-12,132.52000427246094
2023-12-13,132.57000732421875
2023-12-14,131.94000244140625
2023-12-15,132.60000610351562
2023-12-18,135.8000030517578
2023-12-19,136.64999389648438
2023-12-20,138.33999633789062
2023-12-21,140.4199981689453
2023-12-22,141.49000549316406
2023-12-26,141.52000427246094
2023-12-27,140.3699951171875
2023-12-28,140.22999572753906
2023-12-29,139.69000244140625
2024-01-02,138.1699981689453
2024-01-03,138.9199981689453
2024-01-04,136.38999938964844
2024-01-05,135.72999572753906
2024-01-08,138.83999633789062
2024-01-09,140.9499969482422
2024-01-10,142.27999877929688
2024-01-11,142.0800018310547
2024-01-12,142.64999389648438
2024-01-16,142.49000549316406
2024-01-17,141.47000122070312
2024-01-18,143.47999572753906
2024-01-19,146.3800048828125
2024-01-22,145.99000549316406
2024-01-23,147.0399932861328
2024-01-24,148.6999969482422
2024-01-25,151.8699951171875
2024-01-26,152.19000244140625
2024-01-29,153.50999450683594
2024-01-30,151.4600067138672
2024-01-31,140.10000610351562
2024-02-01,141.16000366210938
2024-02-02,142.3800048828125
2024-02-05,143.67999267578125
2024-02-06,144.10000610351562
2024-02-07,145.5399932861328
2024-02-08,145.91000366210938
2024-02-09,149.0
2024-02-12,147.52999877929688
2024-02-13,145.13999938964844
2024-02-14,145.94000244140625
2024-02-15,142.77000427246094
2024-02-16,140.52000427246094
2024-02-20,141.1199951171875
2024-02-21,142.5500030517578
2024-02-22,144.08999633789062
2024-02-23,143.9600067138672
2024-02-26,137.57000732421875
2024-02-27,138.8800048828125
2024-02-28,136.3800048828125
2024-02-29,138.4600067138672
2024-03-01,137.13999938964844
2024-03-04,133.35000610351562
2024-03-05,132.6699981689453
2024-03-06,131.39999389648438
2024-03-07,134.3800048828125
2024-03-08,135.41000366210938
2024-03-11,137.6699981689453
2024-03-12,138.5
2024-03-13,139.7899932861328
2024-03-14,143.10000610351562
2024-03-15,141.17999267578125
2024-03-18,147.67999267578125
2024-03-19,147.02999877929688
2024-03-20,148.74000549316406
2024-03-21,147.60000610351562
2024-03-22,150.77000427246094
2024-03-25,150.07000732421875
2024-03-26,150.6699981689453
2024-03-27,150.8699951171875
2024-03-28,150.92999267578125
2024-04-01,155.49000549316406
2024-04-02,154.55999755859375
2024-04-03,154.9199981689453
2024-04-04,150.52999877929688
2024-04-05,152.5
2024-04-08,154.85000610351562
2024-04-09,156.60000610351562
2024-04-10,156.13999938964844
2024-04-11,159.41000366210938
2024-04-12,157.72999572753906
2024-04-15,154.86000061035156
2024-04-16,154.39999389648438
2024-04-17,155.47000122070312
2024-04-18,156.00999450683594
2024-04-19,154.08999633789062
2024-04-22,156.27999877929688
2024-04-23,158.25999450683594
2024-04-24,159.1300048828125
2024-04-25,156.0
2024-04-26,171.9499969482422
2024-04-29,166.14999389648438
2024-04-30,162.77999877929688
2024-05-01,163.86000061035156
2024-05-02,166.6199951171875
2024-05-03,167.24000549316406
2024-05-06,168.10000610351562
2024-05-07,171.25
2024-05-08,169.3800048828125
2024-05-09,169.9600067138672
2024-05-10,168.64999389648438
2024-05-13,169.13999938964844
2024-05-14,170.33999633789062
2024-05-15,172.50999450683594
2024-05-16,174.17999267578125
2024-05-17,176.05999755859375
2024-05-20,176.9199981689453
2024-05-21,177.85000610351562
2024-05-22,176.3800048828125
2024-05-23,173.5500030517578
2024-05-24,174.99000549316406
2024-05-28,176.39999389648438
2024-05-29,175.89999389648438
2024-05-30,172.11000061035156
2024-05-31,172.5
2024-06-03,173.1699981689453
2024-06-04,173.7899932861328
2024-06-05,175.41000366210938
2024-06-06,176.72999572753906
2024-06-07,174.4600067138672
2024-06-10,175.00999450683594
2024-06-11,176.6199951171875
2024-06-12,177.7899932861328
2024-06-13,175.16000366210938
2024-06-14,176.7899932861328
2024-06-17,177.24000549316406
2024-06-18,175.08999633789062
2024-06-20,176.3000030517578
2024-06-21,179.6300048828125
2024-06-24,179.22000122070312
2024-06-25,184.02999877929688
2024-06-26,183.8800048828125
2024-06-27,185.41000366210935
2024-06-28,182.1499938964844
