Date,MSFT_Close
2014-06-30,41.70000076293945
2014-07-01,41.869998931884766
2014-07-02,41.900001525878906
2014-07-03,41.79999923706055
2014-07-07,41.9900016784668
2014-07-08,41.779998779296875
2014-07-09,41.66999816894531
2014-07-10,41.689998626708984
2014-07-11,42.09000015258789
2014-07-14,42.13999938964844
2014-07-15,42.45000076293945
2014-07-16,44.08000183105469
2014-07-17,44.529998779296875
2014-07-18,44.689998626708984
2014-07-21,44.84000015258789
2014-07-22,44.83000183105469
2014-07-23,44.869998931884766
2014-07-24,44.400001525878906
2014-07-25,44.5
2014-07-28,43.970001220703125
2014-07-29,43.88999938964844
2014-07-30,43.58000183105469
2014-07-31,43.15999984741211
2014-08-01,42.86000061035156
2014-08-04,43.369998931884766
2014-08-05,43.08000183105469
2014-08-06,42.7400016784668
2014-08-07,43.22999954223633
2014-08-08,43.20000076293945
2014-08-11,43.20000076293945
2014-08-12,43.52000045776367
2014-08-13,44.08000183105469
2014-08-14,44.27000045776367
2014-08-15,44.790000915527344
2014-08-18,45.11000061035156
2014-08-19,45.33000183105469
2014-08-20,44.95000076293945
2014-08-21,45.220001220703125
2014-08-22,45.150001525878906
2014-08-25,45.16999816894531
2014-08-26,45.0099983215332
2014-08-27,44.869998931884766
2014-08-28,44.880001068115234
2014-08-29,45.43000030517578
2014-09-02,45.09000015258789
2014-09-03,44.959999084472656
2014-09-04,45.2599983215332
2014-09-05,45.90999984741211
2014-09-08,46.470001220703125
2014-09-09,46.7599983215332
2014-09-10,46.84000015258789
2014-09-11,47.0
2014-09-12,46.70000076293945
2014-09-15,46.2400016784668
2014-09-16,46.7599983215332
2014-09-17,46.52000045776367
2014-09-18,46.68000030517578
2014-09-19,47.52000045776367
2014-09-22,47.060001373291016
2014-09-23,46.560001373291016
2014-09-24,47.08000183105469
2014-09-25,46.040000915527344
2014-09-26,46.40999984741211
2014-09-29,46.439998626708984
2014-09-30,46.36000061035156
2014-10-01,45.900001525878906
2014-10-02,45.7599983215332
2014-10-03,46.09000015258789
2014-10-06,46.09000015258789
2014-10-07,45.529998779296875
2014-10-08,46.779998779296875
2014-10-09,45.849998474121094
2014-10-10,44.029998779296875
2014-10-13,43.650001525878906
2014-10-14,43.72999954223633
2014-10-15,43.220001220703125
2014-10-16,42.7400016784668
2014-10-17,43.630001068115234
2014-10-20,44.08000183105469
2014-10-21,44.880001068115234
2014-10-22,44.380001068115234
2014-10-23,45.02000045776367
2014-10-24,46.130001068115234
2014-10-27,45.90999984741211
2014-10-28,46.4900016784668
2014-10-29,46.619998931884766
2014-10-30,46.04999923706055
2014-10-31,46.95000076293945
2014-11-03,47.439998626708984
2014-11-04,47.56999969482422
2014-11-05,47.86000061035156
2014-11-06,48.70000076293945
2014-11-07,48.68000030517578
2014-11-10,48.88999938964844
2014-11-11,48.869998931884766
2014-11-12,48.779998779296875
2014-11-13,49.61000061035156
2014-11-14,49.58000183105469
2014-11-17,49.459999084472656
2014-11-18,48.7400016784668
2014-11-19,48.220001220703125
2014-11-20,48.70000076293945
2014-11-21,47.97999954223633
2014-11-24,47.59000015258789
2014-11-25,47.470001220703125
2014-11-26,47.75
2014-11-28,47.810001373291016
2014-12-01,48.619998931884766
2014-12-02,48.459999084472656
2014-12-03,48.08000183105469
2014-12-04,48.84000015258789
2014-12-05,48.41999816894531
2014-12-08,47.70000076293945
2014-12-09,47.59000015258789
2014-12-10,46.900001525878906
2014-12-11,47.16999816894531
2014-12-12,46.95000076293945
2014-12-15,46.66999816894531
2014-12-16,45.15999984741211
2014-12-17,45.7400016784668
2014-12-18,47.52000045776367
2014-12-19,47.65999984741211
2014-12-22,47.97999954223633
2014-12-23,48.45000076293945
2014-12-24,48.13999938964844
2014-12-26,47.880001068115234
2014-12-29,47.45000076293945
2014-12-30,47.02000045776367
2014-12-31,46.45000076293945
2015-01-02,46.7599983215332
2015-01-05,46.33000183105469
2015-01-06,45.650001525878906
2015-01-07,46.22999954223633
2015-01-08,47.59000015258789
2015-01-09,47.189998626708984
2015-01-12,46.599998474121094
2015-01-13,46.36000061035156
2015-01-14,45.959999084472656
2015-01-15,45.47999954223633
2015-01-16,46.2400016784668
2015-01-20,46.38999938964844
2015-01-21,45.91999816894531
2015-01-22,47.130001068115234
2015-01-23,47.18000030517578
2015-01-26,47.0099983215332
2015-01-27,42.65999984741211
2015-01-28,41.189998626708984
2015-01-29,42.0099983215332
2015-01-30,40.400001525878906
2015-02-02,41.279998779296875
2015-02-03,41.599998474121094
2015-02-04,41.84000015258789
2015-02-05,42.45000076293945
2015-02-06,42.40999984741211
2015-02-09,42.36000061035156
2015-02-10,42.599998474121094
2015-02-11,42.380001068115234
2015-02-12,43.09000015258789
2015-02-13,43.869998931884766
2015-02-17,43.58000183105469
2015-02-18,43.529998779296875
2015-02-19,43.5
2015-02-20,43.86000061035156
2015-02-23,44.150001525878906
2015-02-24,44.09000015258789
2015-02-25,43.9900016784668
2015-02-26,44.060001373291016
2015-02-27,43.849998474121094
2015-03-02,43.880001068115234
2015-03-03,43.279998779296875
2015-03-04,43.060001373291016
2015-03-05,43.11000061035156
2015-03-06,42.36000061035156
2015-03-09,42.849998474121094
2015-03-10,42.029998779296875
2015-03-11,41.97999954223633
2015-03-12,41.02000045776367
2015-03-13,41.380001068115234
2015-03-16,41.560001373291016
2015-03-17,41.70000076293945
2015-03-18,42.5
2015-03-19,42.290000915527344
2015-03-20,42.880001068115234
2015-03-23,42.86000061035156
2015-03-24,42.900001525878906
2015-03-25,41.459999084472656
2015-03-26,41.209999084472656
2015-03-27,40.970001220703125
2015-03-30,40.959999084472656
2015-03-31,40.65999984741211
2015-04-01,40.720001220703125
2015-04-02,40.290000915527344
2015-04-06,41.54999923706055
2015-04-07,41.529998779296875
2015-04-08,41.41999816894531
2015-04-09,41.47999954223633
2015-04-10,41.720001220703125
2015-04-13,41.7599983215332
2015-04-14,41.650001525878906
2015-04-15,42.2599983215332
2015-04-16,42.15999984741211
2015-04-17,41.619998931884766
2015-04-20,42.90999984741211
2015-04-21,42.63999938964844
2015-04-22,42.9900016784668
2015-04-23,43.34000015258789
2015-04-24,47.869998931884766
2015-04-27,48.029998779296875
2015-04-28,49.15999984741211
2015-04-29,49.060001373291016
2015-04-30,48.63999938964844
2015-05-01,48.65999984741211
2015-05-04,48.2400016784668
2015-05-05,47.599998474121094
2015-05-06,46.279998779296875
2015-05-07,46.70000076293945
2015-05-08,47.75
2015-05-11,47.369998931884766
2015-05-12,47.349998474121094
2015-05-13,47.630001068115234
2015-05-14,48.720001220703125
2015-05-15,48.29999923706055
2015-05-18,48.0099983215332
2015-05-19,47.58000183105469
2015-05-20,47.58000183105469
2015-05-21,47.41999816894531
2015-05-22,46.900001525878906
2015-05-26,46.59000015258789
2015-05-27,47.61000061035156
2015-05-28,47.45000076293945
2015-05-29,46.86000061035156
2015-06-01,47.22999954223633
2015-06-02,46.91999816894531
2015-06-03,46.849998474121094
2015-06-04,46.36000061035156
2015-06-05,46.13999938964844
2015-06-08,45.72999954223633
2015-06-09,45.650001525878906
2015-06-10,46.61000061035156
2015-06-11,46.439998626708984
2015-06-12,45.970001220703125
2015-06-15,45.47999954223633
2015-06-16,45.83000183105469
2015-06-17,45.970001220703125
2015-06-18,46.720001220703125
2015-06-19,46.099998474121094
2015-06-22,46.22999954223633
2015-06-23,45.90999984741211
2015-06-24,45.63999938964844
2015-06-25,45.650001525878906
2015-06-26,45.2599983215332
2015-06-29,44.369998931884766
2015-06-30,44.150001525878906
2015-07-01,44.45000076293945
2015-07-02,44.400001525878906
2015-07-06,44.38999938964844
2015-07-07,44.29999923706055
2015-07-08,44.2400016784668
2015-07-09,44.52000045776367
2015-07-10,44.61000061035156
2015-07-13,45.540000915527344
2015-07-14,45.619998931884766
2015-07-15,45.7599983215332
2015-07-16,46.65999984741211
2015-07-17,46.619998931884766
2015-07-20,46.91999816894531
2015-07-21,47.279998779296875
2015-07-22,45.540000915527344
2015-07-23,46.11000061035156
2015-07-24,45.939998626708984
2015-07-27,45.349998474121094
2015-07-28,45.34000015258789
2015-07-29,46.290000915527344
2015-07-30,46.880001068115234
2015-07-31,46.70000076293945
2015-08-03,46.810001373291016
2015-08-04,47.540000915527344
2015-08-05,47.58000183105469
2015-08-06,46.619998931884766
2015-08-07,46.7400016784668
2015-08-10,47.33000183105469
2015-08-11,46.40999984741211
2015-08-12,46.7400016784668
2015-08-13,46.72999954223633
2015-08-14,47.0
2015-08-17,47.31999969482422
2015-08-18,47.27000045776367
2015-08-19,46.61000061035156
2015-08-20,45.65999984741211
2015-08-21,43.06999969482422
2015-08-24,41.68000030517578
2015-08-25,40.470001220703125
2015-08-26,42.709999084472656
2015-08-27,43.900001525878906
2015-08-28,43.93000030517578
2015-08-31,43.52000045776367
2015-09-01,41.81999969482422
2015-09-02,43.36000061035156
2015-09-03,43.5
2015-09-04,42.61000061035156
2015-09-08,43.88999938964844
2015-09-09,43.06999969482422
2015-09-10,43.290000915527344
2015-09-11,43.47999954223633
2015-09-14,43.040000915527344
2015-09-15,43.97999954223633
2015-09-16,44.29999923706055
2015-09-17,44.25
2015-09-18,43.47999954223633
2015-09-21,44.11000061035156
2015-09-22,43.900001525878906
2015-09-23,43.869998931884766
2015-09-24,43.90999984741211
2015-09-25,43.939998626708984
2015-09-28,43.290000915527344
2015-09-29,43.439998626708984
2015-09-30,44.2599983215332
2015-10-01,44.61000061035156
2015-10-02,45.56999969482422
2015-10-05,46.630001068115234
2015-10-06,46.75
2015-10-07,46.79999923706055
2015-10-08,47.45000076293945
2015-10-09,47.11000061035156
2015-10-12,47.0
2015-10-13,46.88999938964844
2015-10-14,46.68000030517578
2015-10-15,47.0099983215332
2015-10-16,47.5099983215332
2015-10-19,47.619998931884766
2015-10-20,47.77000045776367
2015-10-21,47.20000076293945
2015-10-22,48.029998779296875
2015-10-23,52.869998931884766
2015-10-26,54.25
2015-10-27,53.689998626708984
2015-10-28,53.97999954223633
2015-10-29,53.36000061035156
2015-10-30,52.63999938964844
2015-11-02,53.2400016784668
2015-11-03,54.150001525878906
2015-11-04,54.400001525878906
2015-11-05,54.380001068115234
2015-11-06,54.91999816894531
2015-11-09,54.15999984741211
2015-11-10,53.5099983215332
2015-11-11,53.650001525878906
2015-11-12,53.31999969482422
2015-11-13,52.84000015258789
2015-11-16,53.77000045776367
2015-11-17,52.970001220703125
2015-11-18,53.849998474121094
2015-11-19,53.939998626708984
2015-11-20,54.189998626708984
2015-11-23,54.189998626708984
2015-11-24,54.25
2015-11-25,53.689998626708984
2015-11-27,53.93000030517578
2015-11-30,54.349998474121094
2015-12-01,55.220001220703125
2015-12-02,55.209999084472656
2015-12-03,54.20000076293945
2015-12-04,55.90999984741211
2015-12-07,55.810001373291016
2015-12-08,55.790000915527344
2015-12-09,54.97999954223633
2015-12-10,55.27000045776367
2015-12-11,54.060001373291016
2015-12-14,55.13999938964844
2015-12-15,55.20000076293945
2015-12-16,56.130001068115234
2015-12-17,55.70000076293945
2015-12-18,54.130001068115234
2015-12-21,54.83000183105469
2015-12-22,55.349998474121094
2015-12-23,55.81999969482422
2015-12-24,55.66999816894531
2015-12-28,55.95000076293945
2015-12-29,56.54999923706055
2015-12-30,56.310001373291016
2015-12-31,55.47999954223633
2016-01-04,54.79999923706055
2016-01-05,55.04999923706055
2016-01-06,54.04999923706055
2016-01-07,52.16999816894531
2016-01-08,52.33000183105469
2016-01-11,52.29999923706055
2016-01-12,52.779998779296875
2016-01-13,51.63999938964844
2016-01-14,53.11000061035156
2016-01-15,50.9900016784668
2016-01-19,50.560001373291016
2016-01-20,50.790000915527344
2016-01-21,50.47999954223633
2016-01-22,52.290000915527344
2016-01-25,51.790000915527344
2016-01-26,52.16999816894531
2016-01-27,51.220001220703125
2016-01-28,52.060001373291016
2016-01-29,55.09000015258789
2016-02-01,54.709999084472656
2016-02-02,53.0
2016-02-03,52.15999984741211
2016-02-04,52.0
2016-02-05,50.15999984741211
2016-02-08,49.40999984741211
2016-02-09,49.279998779296875
2016-02-10,49.709999084472656
2016-02-11,49.689998626708984
2016-02-12,50.5
2016-02-16,51.09000015258789
2016-02-17,52.41999816894531
2016-02-18,52.189998626708984
2016-02-19,51.81999969482422
2016-02-22,52.650001525878906
2016-02-23,51.18000030517578
2016-02-24,51.36000061035156
2016-02-25,52.099998474121094
2016-02-26,51.29999923706055
2016-02-29,50.880001068115234
2016-03-01,52.58000183105469
2016-03-02,52.95000076293945
2016-03-03,52.349998474121094
2016-03-04,52.029998779296875
2016-03-07,51.029998779296875
2016-03-08,51.650001525878906
2016-03-09,52.84000015258789
2016-03-10,52.04999923706055
2016-03-11,53.06999969482422
2016-03-14,53.16999816894531
2016-03-15,53.59000015258789
2016-03-16,54.349998474121094
2016-03-17,54.65999984741211
2016-03-18,53.4900016784668
2016-03-21,53.86000061035156
2016-03-22,54.06999969482422
2016-03-23,53.970001220703125
2016-03-24,54.209999084472656
2016-03-28,53.540000915527344
2016-03-29,54.709999084472656
2016-03-30,55.04999923706055
2016-03-31,55.22999954223633
2016-04-01,55.56999969482422
2016-04-04,55.43000030517578
2016-04-05,54.560001373291016
2016-04-06,55.119998931884766
2016-04-07,54.459999084472656
2016-04-08,54.41999816894531
2016-04-11,54.310001373291016
2016-04-12,54.650001525878906
2016-04-13,55.349998474121094
2016-04-14,55.36000061035156
2016-04-15,55.650001525878906
2016-04-18,56.459999084472656
2016-04-19,56.38999938964844
2016-04-20,55.59000015258789
2016-04-21,55.779998779296875
2016-04-22,51.779998779296875
2016-04-25,52.11000061035156
2016-04-26,51.439998626708984
2016-04-27,50.939998626708984
2016-04-28,49.900001525878906
2016-04-29,49.869998931884766
2016-05-02,50.61000061035156
2016-05-03,49.779998779296875
2016-05-04,49.869998931884766
2016-05-05,49.939998626708984
2016-05-06,50.38999938964844
2016-05-09,50.06999969482422
2016-05-10,51.02000045776367
2016-05-11,51.04999923706055
2016-05-12,51.5099983215332
2016-05-13,51.08000183105469
2016-05-16,51.83000183105469
2016-05-17,50.5099983215332
2016-05-18,50.810001373291016
2016-05-19,50.31999969482422
2016-05-20,50.619998931884766
2016-05-23,50.029998779296875
2016-05-24,51.59000015258789
2016-05-25,52.119998931884766
2016-05-26,51.88999938964844
2016-05-27,52.31999969482422
2016-05-31,53.0
2016-06-01,52.849998474121094
2016-06-02,52.47999954223633
2016-06-03,51.790000915527344
2016-06-06,52.130001068115234
2016-06-07,52.099998474121094
2016-06-08,52.040000915527344
2016-06-09,51.619998931884766
2016-06-10,51.47999954223633
2016-06-13,50.13999938964844
2016-06-14,49.83000183105469
2016-06-15,49.689998626708984
2016-06-16,50.38999938964844
2016-06-17,50.130001068115234
2016-06-20,50.06999969482422
2016-06-21,51.189998626708984
2016-06-22,50.9900016784668
2016-06-23,51.90999984741211
2016-06-24,49.83000183105469
2016-06-27,48.43000030517578
2016-06-28,49.439998626708984
2016-06-29,50.540000915527344
2016-06-30,51.16999816894531
2016-07-01,51.15999984741211
2016-07-05,51.16999816894531
2016-07-06,51.380001068115234
2016-07-07,51.380001068115234
2016-07-08,52.29999923706055
2016-07-11,52.59000015258789
2016-07-12,53.209999084472656
2016-07-13,53.5099983215332
2016-07-14,53.7400016784668
2016-07-15,53.70000076293945
2016-07-18,53.959999084472656
2016-07-19,53.09000015258789
2016-07-20,55.90999984741211
2016-07-21,55.79999923706055
2016-07-22,56.56999969482422
2016-07-25,56.72999954223633
2016-07-26,56.7599983215332
2016-07-27,56.189998626708984
2016-07-28,56.209999084472656
2016-07-29,56.68000030517578
2016-08-01,56.58000183105469
2016-08-02,56.58000183105469
2016-08-03,56.970001220703125
2016-08-04,57.38999938964844
2016-08-05,57.959999084472656
2016-08-08,58.060001373291016
2016-08-09,58.20000076293945
2016-08-10,58.02000045776367
2016-08-11,58.29999923706055
2016-08-12,57.939998626708984
2016-08-15,58.119998931884766
2016-08-16,57.439998626708984
2016-08-17,57.560001373291016
2016-08-18,57.599998474121094
2016-08-19,57.619998931884766
2016-08-22,57.66999816894531
2016-08-23,57.88999938964844
2016-08-24,57.95000076293945
2016-08-25,58.16999816894531
2016-08-26,58.029998779296875
2016-08-29,58.099998474121094
2016-08-30,57.88999938964844
2016-08-31,57.459999084472656
2016-09-01,57.59000015258789
2016-09-02,57.66999816894531
2016-09-06,57.61000061035156
2016-09-07,57.65999984741211
2016-09-08,57.43000030517578
2016-09-09,56.209999084472656
2016-09-12,57.04999923706055
2016-09-13,56.529998779296875
2016-09-14,56.2599983215332
2016-09-15,57.189998626708984
2016-09-16,57.25
2016-09-19,56.93000030517578
2016-09-20,56.810001373291016
2016-09-21,57.7599983215332
2016-09-22,57.81999969482422
2016-09-23,57.43000030517578
2016-09-26,56.900001525878906
2016-09-27,57.95000076293945
2016-09-28,58.029998779296875
2016-09-29,57.400001525878906
2016-09-30,57.599998474121094
2016-10-03,57.41999816894531
2016-10-04,57.2400016784668
2016-10-05,57.63999938964844
2016-10-06,57.7400016784668
2016-10-07,57.79999923706055
2016-10-10,58.040000915527344
2016-10-11,57.189998626708984
2016-10-12,57.11000061035156
2016-10-13,56.91999816894531
2016-10-14,57.41999816894531
2016-10-17,57.220001220703125
2016-10-18,57.65999984741211
2016-10-19,57.529998779296875
2016-10-20,57.25
2016-10-21,59.65999984741211
2016-10-24,61.0
2016-10-25,60.9900016784668
2016-10-26,60.630001068115234
2016-10-27,60.099998474121094
2016-10-28,59.869998931884766
2016-10-31,59.91999816894531
2016-11-01,59.79999923706055
2016-11-02,59.43000030517578
2016-11-03,59.209999084472656
2016-11-04,58.709999084472656
2016-11-07,60.41999816894531
2016-11-08,60.470001220703125
2016-11-09,60.16999816894531
2016-11-10,58.70000076293945
2016-11-11,59.02000045776367
2016-11-14,58.119998931884766
2016-11-15,58.869998931884766
2016-11-16,59.650001525878906
2016-11-17,60.63999938964844
2016-11-18,60.349998474121094
2016-11-21,60.86000061035156
2016-11-22,61.119998931884766
2016-11-23,60.400001525878906
2016-11-25,60.529998779296875
2016-11-28,60.61000061035156
2016-11-29,61.09000015258789
2016-11-30,60.2599983215332
2016-12-01,59.20000076293945
2016-12-02,59.25
2016-12-05,60.220001220703125
2016-12-06,59.95000076293945
2016-12-07,61.369998931884766
2016-12-08,61.0099983215332
2016-12-09,61.970001220703125
2016-12-12,62.16999816894531
2016-12-13,62.97999954223633
2016-12-14,62.68000030517578
2016-12-15,62.58000183105469
2016-12-16,62.29999923706055
2016-12-19,63.619998931884766
2016-12-20,63.540000915527344
2016-12-21,63.540000915527344
2016-12-22,63.54999923706055
2016-12-23,63.2400016784668
2016-12-27,63.279998779296875
2016-12-28,62.9900016784668
2016-12-29,62.900001525878906
2016-12-30,62.13999938964844
2017-01-03,62.58000183105469
2017-01-04,62.29999923706055
2017-01-05,62.29999923706055
2017-01-06,62.84000015258789
2017-01-09,62.63999938964844
2017-01-10,62.619998931884766
2017-01-11,63.189998626708984
2017-01-12,62.61000061035156
2017-01-13,62.70000076293945
2017-01-17,62.529998779296875
2017-01-18,62.5
2017-01-19,62.29999923706055
2017-01-20,62.7400016784668
2017-01-23,62.959999084472656
2017-01-24,63.52000045776367
2017-01-25,63.68000030517578
2017-01-26,64.2699966430664
2017-01-27,65.77999877929688
2017-01-30,65.12999725341797
2017-01-31,64.6500015258789
2017-02-01,63.58000183105469
2017-02-02,63.16999816894531
2017-02-03,63.68000030517578
2017-02-06,63.63999938964844
2017-02-07,63.43000030517578
2017-02-08,63.34000015258789
2017-02-09,64.05999755859375
2017-02-10,64.0
2017-02-13,64.72000122070312
2017-02-14,64.56999969482422
2017-02-15,64.52999877929688
2017-02-16,64.5199966430664
2017-02-17,64.62000274658203
2017-02-21,64.48999786376953
2017-02-22,64.36000061035156
2017-02-23,64.62000274658203
2017-02-24,64.62000274658203
2017-02-27,64.2300033569336
2017-02-28,63.97999954223633
2017-03-01,64.94000244140625
2017-03-02,64.01000213623047
2017-03-03,64.25
2017-03-06,64.2699966430664
2017-03-07,64.4000015258789
2017-03-08,64.98999786376953
2017-03-09,64.7300033569336
2017-03-10,64.93000030517578
2017-03-13,64.70999908447266
2017-03-14,64.41000366210938
2017-03-15,64.75
2017-03-16,64.63999938964844
2017-03-17,64.87000274658203
2017-03-20,64.93000030517578
2017-03-21,64.20999908447266
2017-03-22,65.02999877929688
2017-03-23,64.87000274658203
2017-03-24,64.9800033569336
2017-03-27,65.0999984741211
2017-03-28,65.29000091552734
2017-03-29,65.47000122070312
2017-03-30,65.70999908447266
2017-03-31,65.86000061035156
2017-04-03,65.55000305175781
2017-04-04,65.7300033569336
2017-04-05,65.55999755859375
2017-04-06,65.7300033569336
2017-04-07,65.68000030517578
2017-04-10,65.52999877929688
2017-04-11,65.4800033569336
2017-04-12,65.2300033569336
2017-04-13,64.94999694824219
2017-04-17,65.4800033569336
2017-04-18,65.38999938964844
2017-04-19,65.04000091552734
2017-04-20,65.5
2017-04-21,66.4000015258789
2017-04-24,67.52999877929688
2017-04-25,67.91999816894531
2017-04-26,67.83000183105469
2017-04-27,68.2699966430664
2017-04-28,68.45999908447266
2017-05-01,69.41000366210938
2017-05-02,69.30000305175781
2017-05-03,69.08000183105469
2017-05-04,68.80999755859375
2017-05-05,69.0
2017-05-08,68.94000244140625
2017-05-09,69.04000091552734
2017-05-10,69.30999755859375
2017-05-11,68.45999908447266
2017-05-12,68.37999725341797
2017-05-15,68.43000030517578
2017-05-16,69.41000366210938
2017-05-17,67.4800033569336
2017-05-18,67.70999908447266
2017-05-19,67.69000244140625
2017-05-22,68.44999694824219
2017-05-23,68.68000030517578
2017-05-24,68.7699966430664
2017-05-25,69.62000274658203
2017-05-26,69.95999908447266
2017-05-30,70.41000366210938
2017-05-31,69.83999633789062
2017-06-01,70.0999984741211
2017-06-02,71.76000213623047
2017-06-05,72.27999877929688
2017-06-06,72.5199966430664
2017-06-07,72.38999938964844
2017-06-08,71.94999694824219
2017-06-09,70.31999969482422
2017-06-12,69.77999877929688
2017-06-13,70.6500015258789
2017-06-14,70.2699966430664
2017-06-15,69.9000015258789
2017-06-16,70.0
2017-06-19,70.87000274658203
2017-06-20,69.91000366210938
2017-06-21,70.2699966430664
2017-06-22,70.26000213623047
2017-06-23,71.20999908447266
2017-06-26,70.52999877929688
2017-06-27,69.20999908447266
2017-06-28,69.80000305175781
2017-06-29,68.48999786376953
2017-06-30,68.93000030517578
2017-07-03,68.16999816894531
2017-07-05,69.08000183105469
2017-07-06,68.56999969482422
2017-07-07,69.45999908447266
2017-07-10,69.9800033569336
2017-07-11,69.98999786376953
2017-07-12,71.1500015258789
2017-07-13,71.7699966430664
2017-07-14,72.77999877929688
2017-07-17,73.3499984741211
2017-07-18,73.30000305175781
2017-07-19,73.86000061035156
2017-07-20,74.22000122070312
2017-07-21,73.79000091552734
2017-07-24,73.5999984741211
2017-07-25,74.19000244140625
2017-07-26,74.05000305175781
2017-07-27,73.16000366210938
2017-07-28,73.04000091552734
2017-07-31,72.69999694824219
2017-08-01,72.58000183105469
2017-08-02,72.26000213623047
2017-08-03,72.1500015258789
2017-08-04,72.68000030517578
2017-08-07,72.4000015258789
2017-08-08,72.79000091552734
2017-08-09,72.47000122070312
2017-08-10,71.41000366210938
2017-08-11,72.5
2017-08-14,73.58999633789062
2017-08-15,73.22000122070312
2017-08-16,73.6500015258789
2017-08-17,72.4000015258789
2017-08-18,72.48999786376953
2017-08-21,72.1500015258789
2017-08-22,73.16000366210938
2017-08-23,72.72000122070312
2017-08-24,72.69000244140625
2017-08-25,72.81999969482422
2017-08-28,72.83000183105469
2017-08-29,73.05000305175781
2017-08-30,74.01000213623047
2017-08-31,74.7699966430664
2017-09-01,73.94000244140625
2017-09-05,73.61000061035156
2017-09-06,73.4000015258789
2017-09-07,74.33999633789062
2017-09-08,73.9800033569336
2017-09-11,74.76000213623047
2017-09-12,74.68000030517578
2017-09-13,75.20999908447266
2017-09-14,74.7699966430664
2017-09-15,75.30999755859375
2017-09-18,75.16000366210938
2017-09-19,75.44000244140625
2017-09-20,74.94000244140625
2017-09-21,74.20999908447266
2017-09-22,74.41000366210938
2017-09-25,73.26000213623047
2017-09-26,73.26000213623047
2017-09-27,73.8499984741211
2017-09-28,73.87000274658203
2017-09-29,74.48999786376953
2017-10-02,74.61000061035156
2017-10-03,74.26000213623047
2017-10-04,74.69000244140625
2017-10-05,75.97000122070312
2017-10-06,76.0
2017-10-09,76.29000091552734
2017-10-10,76.29000091552734
2017-10-11,76.41999816894531
2017-10-12,77.12000274658203
2017-10-13,77.48999786376953
2017-10-16,77.6500015258789
2017-10-17,77.58999633789062
2017-10-18,77.61000061035156
2017-10-19,77.91000366210938
2017-10-20,78.80999755859375
2017-10-23,78.83000183105469
2017-10-24,78.86000061035156
2017-10-25,78.62999725341797
2017-10-26,78.76000213623047
2017-10-27,83.80999755859375
2017-10-30,83.88999938964844
2017-10-31,83.18000030517578
2017-11-01,83.18000030517578
2017-11-02,84.05000305175781
2017-11-03,84.13999938964844
2017-11-06,84.47000122070312
2017-11-07,84.2699966430664
2017-11-08,84.55999755859375
2017-11-09,84.08999633789062
2017-11-10,83.87000274658203
2017-11-13,83.93000030517578
2017-11-14,84.05000305175781
2017-11-15,82.9800033569336
2017-11-16,83.19999694824219
2017-11-17,82.4000015258789
2017-11-20,82.52999877929688
2017-11-21,83.72000122070312
2017-11-22,83.11000061035156
2017-11-24,83.26000213623047
2017-11-27,83.87000274658203
2017-11-28,84.87999725341797
2017-11-29,83.33999633789062
2017-11-30,84.16999816894531
2017-12-01,84.26000213623047
2017-12-04,81.08000183105469
2017-12-05,81.58999633789062
2017-12-06,82.77999877929688
2017-12-07,82.48999786376953
2017-12-08,84.16000366210938
2017-12-11,85.2300033569336
2017-12-12,85.58000183105469
2017-12-13,85.3499984741211
2017-12-14,84.69000244140625
2017-12-15,86.8499984741211
2017-12-18,86.37999725341797
2017-12-19,85.83000183105469
2017-12-20,85.5199966430664
2017-12-21,85.5
2017-12-22,85.51000213623047
2017-12-26,85.4000015258789
2017-12-27,85.70999908447266
2017-12-28,85.72000122070312
2017-12-29,85.54000091552734
2018-01-02,85.94999694824219
2018-01-03,86.3499984741211
2018-01-04,87.11000061035156
2018-01-05,88.19000244140625
2018-01-08,88.27999877929688
2018-01-09,88.22000122070312
2018-01-10,87.81999969482422
2018-01-11,88.08000183105469
2018-01-12,89.5999984741211
2018-01-16,88.3499984741211
2018-01-17,90.13999938964844
2018-01-18,90.0999984741211
2018-01-19,90.0
2018-01-22,91.61000061035156
2018-01-23,91.9000015258789
2018-01-24,91.81999969482422
2018-01-25,92.33000183105467
2018-01-26,94.05999755859376
2018-01-29,93.91999816894533
2018-01-30,92.73999786376952
2018-01-31,95.01000213623048
2018-02-01,94.26000213623048
2018-02-02,91.77999877929688
2018-02-05,88.0
2018-02-06,91.33000183105467
2018-02-07,89.61000061035156
2018-02-08,85.01000213623047
2018-02-09,88.18000030517578
2018-02-12,89.12999725341797
2018-02-13,89.83000183105469
2018-02-14,90.80999755859376
2018-02-15,92.66000366210938
2018-02-16,92.0
2018-02-20,92.72000122070312
2018-02-21,91.48999786376952
2018-02-22,91.7300033569336
2018-02-23,94.05999755859376
2018-02-26,95.41999816894533
2018-02-27,94.1999969482422
2018-02-28,93.7699966430664
2018-03-01,92.8499984741211
2018-03-02,93.0500030517578
2018-03-05,93.63999938964844
2018-03-06,93.31999969482422
2018-03-07,93.86000061035156
2018-03-08,94.43000030517578
2018-03-09,96.54000091552734
2018-03-12,96.7699966430664
2018-03-13,94.41000366210938
2018-03-14,93.8499984741211
2018-03-15,94.18000030517578
2018-03-16,94.5999984741211
2018-03-19,92.88999938964844
2018-03-20,93.12999725341795
2018-03-21,92.4800033569336
2018-03-22,89.79000091552734
2018-03-23,87.18000030517578
2018-03-26,93.77999877929688
2018-03-27,89.47000122070312
2018-03-28,89.38999938964844
2018-03-29,91.2699966430664
2018-04-02,88.5199966430664
2018-04-03,89.70999908447266
2018-04-04,92.33000183105467
2018-04-05,92.37999725341795
2018-04-06,90.2300033569336
2018-04-09,90.7699966430664
2018-04-10,92.87999725341795
2018-04-11,91.86000061035156
2018-04-12,93.58000183105467
2018-04-13,93.08000183105467
2018-04-16,94.16999816894533
2018-04-17,96.06999969482422
2018-04-18,96.44000244140624
2018-04-19,96.11000061035156
2018-04-20,95.0
2018-04-23,95.3499984741211
2018-04-24,93.12000274658205
2018-04-25,92.30999755859376
2018-04-26,94.26000213623048
2018-04-27,95.81999969482422
2018-04-30,93.5199966430664
2018-05-01,95.0
2018-05-02,93.51000213623048
2018-05-03,94.06999969482422
2018-05-04,95.16000366210938
2018-05-07,96.22000122070312
2018-05-08,95.80999755859376
2018-05-09,96.94000244140624
2018-05-10,97.91000366210938
2018-05-11,97.6999969482422
2018-05-14,98.02999877929688
2018-05-15,97.31999969482422
2018-05-16,97.1500015258789
2018-05-17,96.18000030517578
2018-05-18,96.36000061035156
2018-05-21,97.5999984741211
2018-05-22,97.5
2018-05-23,98.66000366210938
2018-05-24,98.30999755859376
2018-05-25,98.36000061035156
2018-05-29,98.01000213623048
2018-05-30,98.9499969482422
2018-05-31,98.83999633789062
2018-06-01,100.79000091552734
2018-06-04,101.66999816894533
2018-06-05,102.19000244140624
2018-06-06,102.48999786376952
2018-06-07,100.87999725341795
2018-06-08,101.62999725341795
2018-06-11,101.0500030517578
2018-06-12,101.30999755859376
2018-06-13,100.8499984741211
2018-06-14,101.41999816894533
2018-06-15,100.12999725341795
2018-06-18,100.86000061035156
2018-06-19,100.86000061035156
2018-06-20,101.87000274658205
2018-06-21,101.13999938964844
2018-06-22,100.41000366210938
2018-06-25,98.38999938964844
2018-06-26,99.08000183105467
2018-06-27,97.54000091552734
2018-06-28,98.62999725341795
2018-06-29,98.61000061035156
2018-07-02,100.01000213623048
2018-07-03,99.0500030517578
2018-07-05,99.76000213623048
2018-07-06,101.16000366210938
2018-07-09,101.8499984741211
2018-07-10,102.12000274658205
2018-07-11,101.9800033569336
2018-07-12,104.19000244140624
2018-07-13,105.43000030517578
2018-07-16,104.91000366210938
2018-07-17,105.9499969482422
2018-07-18,105.12000274658205
2018-07-19,104.4000015258789
2018-07-20,106.2699966430664
2018-07-23,107.97000122070312
2018-07-24,107.66000366210938
2018-07-25,110.83000183105467
2018-07-26,109.62000274658205
2018-07-27,107.68000030517578
2018-07-30,105.37000274658205
2018-07-31,106.08000183105467
2018-08-01,106.27999877929688
2018-08-02,107.56999969482422
2018-08-03,108.04000091552734
2018-08-06,108.12999725341795
2018-08-07,108.87999725341795
2018-08-08,109.48999786376952
2018-08-09,109.66999816894533
2018-08-10,109.0
2018-08-13,108.20999908447266
2018-08-14,109.55999755859376
2018-08-15,107.66000366210938
2018-08-16,107.63999938964844
2018-08-17,107.58000183105467
2018-08-20,106.87000274658205
2018-08-21,105.9800033569336
2018-08-22,107.05999755859376
2018-08-23,107.55999755859376
2018-08-24,108.4000015258789
2018-08-27,109.5999984741211
2018-08-28,110.26000213623048
2018-08-29,112.0199966430664
2018-08-30,111.9499969482422
2018-08-31,112.33000183105467
2018-09-04,111.70999908447266
2018-09-05,108.48999786376952
2018-09-06,108.73999786376952
2018-09-07,108.20999908447266
2018-09-10,109.37999725341795
2018-09-11,111.23999786376952
2018-09-12,111.70999908447266
2018-09-13,112.91000366210938
2018-09-14,113.37000274658205
2018-09-17,112.13999938964844
2018-09-18,113.20999908447266
2018-09-19,111.6999969482422
2018-09-20,113.56999969482422
2018-09-21,114.26000213623048
2018-09-24,114.66999816894533
2018-09-25,114.4499969482422
2018-09-26,113.9800033569336
2018-09-27,114.41000366210938
2018-09-28,114.37000274658205
2018-10-01,115.61000061035156
2018-10-02,115.1500015258789
2018-10-03,115.16999816894533
2018-10-04,112.79000091552734
2018-10-05,112.12999725341795
2018-10-08,110.8499984741211
2018-10-09,112.26000213623048
2018-10-10,106.16000366210938
2018-10-11,105.91000366210938
2018-10-12,109.56999969482422
2018-10-15,107.5999984741211
2018-10-16,111.0
2018-10-17,110.70999908447266
2018-10-18,108.5
2018-10-19,108.66000366210938
2018-10-22,109.62999725341795
2018-10-23,108.0999984741211
2018-10-24,102.31999969482422
2018-10-25,108.3000030517578
2018-10-26,106.95999908447266
2018-10-29,103.8499984741211
2018-10-30,103.7300033569336
2018-10-31,106.80999755859376
2018-11-01,105.91999816894533
2018-11-02,106.16000366210938
2018-11-05,107.51000213623048
2018-11-06,107.72000122070312
2018-11-07,111.95999908447266
2018-11-08,111.75
2018-11-09,109.56999969482422
2018-11-12,106.87000274658205
2018-11-13,106.94000244140624
2018-11-14,104.97000122070312
2018-11-15,107.27999877929688
2018-11-16,108.29000091552734
2018-11-19,104.62000274658205
2018-11-20,101.70999908447266
2018-11-21,103.11000061035156
2018-11-23,103.06999969482422
2018-11-26,106.47000122070312
2018-11-27,107.13999938964844
2018-11-28,111.12000274658205
2018-11-29,110.19000244140624
2018-11-30,110.88999938964844
2018-12-03,112.08999633789062
2018-12-04,108.5199966430664
2018-12-06,109.19000244140624
2018-12-07,104.81999969482422
2018-12-10,107.58999633789062
2018-12-11,108.58999633789062
2018-12-12,109.08000183105467
2018-12-13,109.4499969482422
2018-12-14,106.02999877929688
2018-12-17,102.88999938964844
2018-12-18,103.97000122070312
2018-12-19,103.69000244140624
2018-12-20,101.51000213623048
2018-12-21,98.2300033569336
2018-12-24,94.12999725341795
2018-12-26,100.55999755859376
2018-12-27,101.18000030517578
2018-12-28,100.38999938964844
2018-12-31,101.56999969482422
2019-01-02,101.12000274658205
2019-01-03,97.4000015258789
2019-01-04,101.93000030517578
2019-01-07,102.05999755859376
2019-01-08,102.8000030517578
2019-01-09,104.2699966430664
2019-01-10,103.5999984741211
2019-01-11,102.8000030517578
2019-01-14,102.0500030517578
2019-01-15,105.01000213623048
2019-01-16,105.37999725341795
2019-01-17,106.12000274658205
2019-01-18,107.70999908447266
2019-01-22,105.68000030517578
2019-01-23,106.70999908447266
2019-01-24,106.1999969482422
2019-01-25,107.16999816894533
2019-01-28,105.08000183105467
2019-01-29,102.94000244140624
2019-01-30,106.37999725341795
2019-01-31,104.43000030517578
2019-02-01,102.77999877929688
2019-02-04,105.73999786376952
2019-02-05,107.22000122070312
2019-02-06,106.02999877929688
2019-02-07,105.2699966430664
2019-02-08,105.66999816894533
2019-02-11,105.25
2019-02-12,106.88999938964844
2019-02-13,106.80999755859376
2019-02-14,106.9000015258789
2019-02-15,108.22000122070312
2019-02-19,108.16999816894533
2019-02-20,107.1500015258789
2019-02-21,109.41000366210938
2019-02-22,110.97000122070312
2019-02-25,111.58999633789062
2019-02-26,112.36000061035156
2019-02-27,112.16999816894533
2019-02-28,112.02999877929688
2019-03-01,112.52999877929688
2019-03-04,112.26000213623048
2019-03-05,111.6999969482422
2019-03-06,111.75
2019-03-07,110.38999938964844
2019-03-08,110.51000213623048
2019-03-11,112.83000183105467
2019-03-12,113.62000274658205
2019-03-13,114.5
2019-03-14,114.58999633789062
2019-03-15,115.91000366210938
2019-03-18,117.56999969482422
2019-03-19,117.6500015258789
2019-03-20,117.5199966430664
2019-03-21,120.22000122070312
2019-03-22,117.0500030517578
2019-03-25,117.66000366210938
2019-03-26,117.91000366210938
2019-03-27,116.7699966430664
2019-03-28,116.93000030517578
2019-03-29,117.94000244140624
2019-04-01,119.0199966430664
2019-04-02,119.19000244140624
2019-04-03,119.97000122070312
2019-04-04,119.36000061035156
2019-04-05,119.88999938964844
2019-04-08,119.93000030517578
2019-04-09,119.27999877929688
2019-04-10,120.19000244140624
2019-04-11,120.33000183105467
2019-04-12,120.9499969482422
2019-04-15,121.0500030517578
2019-04-16,120.7699966430664
2019-04-17,121.7699966430664
2019-04-18,123.37000274658205
2019-04-22,123.76000213623048
2019-04-23,125.44000244140624
2019-04-24,125.01000213623048
2019-04-25,129.14999389648438
2019-04-26,129.88999938964844
2019-04-29,129.77000427246094
2019-04-30,130.60000610351562
2019-05-01,127.87999725341795
2019-05-02,126.20999908447266
2019-05-03,128.89999389648438
2019-05-06,128.14999389648438
2019-05-07,125.5199966430664
2019-05-08,125.51000213623048
2019-05-09,125.5
2019-05-10,127.12999725341795
2019-05-13,123.3499984741211
2019-05-14,124.7300033569336
2019-05-15,126.0199966430664
2019-05-16,128.92999267578125
2019-05-17,128.07000732421875
2019-05-20,126.22000122070312
2019-05-21,126.9000015258789
2019-05-22,127.66999816894533
2019-05-23,126.18000030517578
2019-05-24,126.23999786376952
2019-05-28,126.16000366210938
2019-05-29,124.94000244140624
2019-05-30,125.7300033569336
2019-05-31,123.68000030517578
2019-06-03,119.83999633789062
2019-06-04,123.16000366210938
2019-06-05,125.83000183105467
2019-06-06,127.81999969482422
2019-06-07,131.39999389648438
2019-06-10,132.60000610351562
2019-06-11,132.10000610351562
2019-06-12,131.49000549316406
2019-06-13,132.32000732421875
2019-06-14,132.4499969482422
2019-06-17,132.85000610351562
2019-06-18,135.16000366210938
2019-06-19,135.69000244140625
2019-06-20,136.9499969482422
2019-06-21,136.97000122070312
2019-06-24,137.77999877929688
2019-06-25,133.42999267578125
2019-06-26,133.92999267578125
2019-06-27,134.14999389648438
2019-06-28,133.9600067138672
2019-07-01,135.67999267578125
2019-07-02,136.5800018310547
2019-07-03,137.4600067138672
2019-07-05,137.05999755859375
2019-07-08,136.9600067138672
2019-07-09,136.4600067138672
2019-07-10,137.85000610351562
2019-07-11,138.39999389648438
2019-07-12,138.89999389648438
2019-07-15,138.89999389648438
2019-07-16,137.0800018310547
2019-07-17,136.27000427246094
2019-07-18,136.4199981689453
2019-07-19,136.6199951171875
2019-07-22,138.42999267578125
2019-07-23,139.2899932861328
2019-07-24,140.72000122070312
2019-07-25,140.19000244140625
2019-07-26,141.33999633789062
2019-07-29,141.02999877929688
2019-07-30,140.35000610351562
2019-07-31,136.27000427246094
2019-08-01,138.05999755859375
2019-08-02,136.89999389648438
2019-08-05,132.2100067138672
2019-08-06,134.69000244140625
2019-08-07,135.27999877929688
2019-08-08,138.88999938964844
2019-08-09,137.7100067138672
2019-08-12,135.7899932861328
2019-08-13,138.60000610351562
2019-08-14,133.97999572753906
2019-08-15,133.67999267578125
2019-08-16,136.1300048828125
2019-08-19,138.41000366210938
2019-08-20,137.25999450683594
2019-08-21,138.7899932861328
2019-08-22,137.77999877929688
2019-08-23,133.38999938964844
2019-08-26,135.4499969482422
2019-08-27,135.74000549316406
2019-08-28,135.55999755859375
2019-08-29,138.1199951171875
2019-08-30,137.86000061035156
2019-09-03,136.0399932861328
2019-09-04,137.6300048828125
2019-09-05,140.0500030517578
2019-09-06,139.10000610351562
2019-09-09,137.52000427246094
2019-09-10,136.0800018310547
2019-09-11,136.1199951171875
2019-09-12,137.52000427246094
2019-09-13,137.32000732421875
2019-09-16,136.3300018310547
2019-09-17,137.38999938964844
2019-09-18,138.52000427246094
2019-09-19,141.07000732421875
2019-09-20,139.44000244140625
2019-09-23,139.13999938964844
2019-09-24,137.3800048828125
2019-09-25,139.36000061035156
2019-09-26,139.5399932861328
2019-09-27,137.72999572753906
2019-09-30,139.02999877929688
2019-10-01,137.07000732421875
2019-10-02,134.64999389648438
2019-10-03,136.27999877929688
2019-10-04,138.1199951171875
2019-10-07,137.1199951171875
2019-10-08,135.6699981689453
2019-10-09,138.24000549316406
2019-10-10,139.10000610351562
2019-10-11,139.67999267578125
2019-10-14,139.5500030517578
2019-10-15,141.57000732421875
2019-10-16,140.41000366210938
2019-10-17,139.69000244140625
2019-10-18,137.41000366210938
2019-10-21,138.42999267578125
2019-10-22,136.3699951171875
2019-10-23,137.24000549316406
2019-10-24,139.94000244140625
2019-10-25,140.72999572753906
2019-10-28,144.19000244140625
2019-10-29,142.8300018310547
2019-10-30,144.61000061035156
2019-10-31,143.3699951171875
2019-11-01,143.72000122070312
2019-11-04,144.5500030517578
2019-11-05,144.4600067138672
2019-11-06,144.05999755859375
2019-11-07,144.25999450683594
2019-11-08,145.9600067138672
2019-11-11,146.11000061035156
2019-11-12,147.07000732421875
2019-11-13,147.30999755859375
2019-11-14,148.05999755859375
2019-11-15,149.97000122070312
2019-11-18,150.33999633789062
2019-11-19,150.38999938964844
2019-11-20,149.6199951171875
2019-11-21,149.47999572753906
2019-11-22,149.58999633789062
2019-11-25,151.22999572753906
2019-11-26,152.02999877929688
2019-11-27,152.32000732421875
2019-11-29,151.3800048828125
2019-12-02,149.5500030517578
2019-12-03,149.30999755859375
2019-12-04,149.85000610351562
2019-12-05,149.92999267578125
2019-12-06,151.75
2019-12-09,151.36000061035156
2019-12-10,151.1300048828125
2019-12-11,151.6999969482422
2019-12-12,153.24000549316406
2019-12-13,154.52999877929688
2019-12-16,155.52999877929688
2019-12-17,154.69000244140625
2019-12-18,154.3699951171875
2019-12-19,155.7100067138672
2019-12-20,157.41000366210938
2019-12-23,157.41000366210938
2019-12-24,157.3800048828125
2019-12-26,158.6699981689453
2019-12-27,158.9600067138672
2019-12-30,157.58999633789062
2019-12-31,157.6999969482422
2020-01-02,160.6199951171875
2020-01-03,158.6199951171875
2020-01-06,159.02999877929688
2020-01-07,157.5800018310547
2020-01-08,160.08999633789062
2020-01-09,162.08999633789062
2020-01-10,161.33999633789062
2020-01-13,163.27999877929688
2020-01-14,162.1300048828125
2020-01-15,163.17999267578125
2020-01-16,166.1699981689453
2020-01-17,167.10000610351562
2020-01-21,166.5
2020-01-22,165.6999969482422
2020-01-23,166.72000122070312
2020-01-24,165.0399932861328
2020-01-27,162.27999877929688
2020-01-28,165.4600067138672
2020-01-29,168.0399932861328
2020-01-30,172.77999877929688
2020-01-31,170.22999572753906
2020-02-03,174.3800048828125
2020-02-04,180.1199951171875
2020-02-05,179.89999389648438
2020-02-06,183.6300048828125
2020-02-07,183.88999938964844
2020-02-10,188.6999969482422
2020-02-11,184.44000244140625
2020-02-12,184.7100067138672
2020-02-13,183.7100067138672
2020-02-14,185.3500061035156
2020-02-18,187.22999572753903
2020-02-19,187.27999877929688
2020-02-20,184.4199981689453
2020-02-21,178.58999633789062
2020-02-24,170.88999938964844
2020-02-25,168.07000732421875
2020-02-26,170.1699981689453
2020-02-27,158.17999267578125
2020-02-28,162.00999450683594
2020-03-02,172.7899932861328
2020-03-03,164.50999450683594
2020-03-04,170.5500030517578
2020-03-05,166.27000427246094
2020-03-06,161.57000732421875
2020-03-09,150.6199951171875
2020-03-10,160.9199981689453
2020-03-11,153.6300048828125
2020-03-12,139.05999755859375
2020-03-13,158.8300018310547
2020-03-16,135.4199981689453
2020-03-17,146.57000732421875
2020-03-18,140.39999389648438
2020-03-19,142.7100067138672
2020-03-20,137.35000610351562
2020-03-23,135.97999572753906
2020-03-24,148.33999633789062
2020-03-25,146.9199981689453
2020-03-26,156.11000061035156
2020-03-27,149.6999969482422
2020-03-30,160.22999572753906
2020-03-31,157.7100067138672
2020-04-01,152.11000061035156
2020-04-02,155.25999450683594
2020-04-03,153.8300018310547
2020-04-06,165.27000427246094
2020-04-07,163.49000549316406
2020-04-08,165.1300048828125
2020-04-09,165.13999938964844
2020-04-13,165.50999450683594
2020-04-14,173.6999969482422
2020-04-15,171.8800048828125
2020-04-16,177.0399932861328
2020-04-17,178.60000610351562
2020-04-20,175.05999755859375
2020-04-21,167.82000732421875
2020-04-22,173.52000427246094
2020-04-23,171.4199981689453
2020-04-24,174.5500030517578
2020-04-27,174.0500030517578
2020-04-28,169.80999755859375
2020-04-29,177.42999267578125
2020-04-30,179.2100067138672
2020-05-01,174.57000732421875
2020-05-04,178.83999633789062
2020-05-05,180.7599945068359
2020-05-06,182.5399932861328
2020-05-07,183.6000061035156
2020-05-08,184.67999267578125
2020-05-11,186.7400054931641
2020-05-12,182.5099945068359
2020-05-13,179.75
2020-05-14,180.52999877929688
2020-05-15,183.16000366210935
2020-05-18,184.91000366210935
2020-05-19,183.6300048828125
2020-05-20,185.66000366210935
2020-05-21,183.42999267578125
2020-05-22,183.5099945068359
2020-05-26,181.57000732421875
2020-05-27,181.80999755859375
2020-05-28,181.3999938964844
2020-05-29,183.25
2020-06-01,182.8300018310547
2020-06-02,184.91000366210935
2020-06-03,185.36000061035156
2020-06-04,182.9199981689453
2020-06-05,187.1999969482422
2020-06-08,188.36000061035156
2020-06-09,189.8000030517578
2020-06-10,196.83999633789065
2020-06-11,186.27000427246097
2020-06-12,187.7400054931641
2020-06-15,188.94000244140625
2020-06-16,193.57000732421875
2020-06-17,194.2400054931641
2020-06-18,196.32000732421875
2020-06-19,195.1499938964844
2020-06-22,200.57000732421875
2020-06-23,201.91000366210935
2020-06-24,197.83999633789065
2020-06-25,200.33999633789065
2020-06-26,196.3300018310547
2020-06-29,198.44000244140625
2020-06-30,203.5099945068359
2020-07-01,204.6999969482422
2020-07-02,206.2599945068359
2020-07-06,210.6999969482422
2020-07-07,208.25
2020-07-08,212.8300018310547
2020-07-09,214.32000732421875
2020-07-10,213.6699981689453
2020-07-13,207.07000732421875
2020-07-14,208.3500061035156
2020-07-15,208.0399932861328
2020-07-16,203.9199981689453
2020-07-17,202.8800048828125
2020-07-20,211.6000061035156
2020-07-21,208.75
2020-07-22,211.75
2020-07-23,202.5399932861328
2020-07-24,201.3000030517578
2020-07-27,203.8500061035156
2020-07-28,202.02000427246097
2020-07-29,204.05999755859375
2020-07-30,203.8999938964844
2020-07-31,205.0099945068359
2020-08-03,216.5399932861328
2020-08-04,213.2899932861328
2020-08-05,212.94000244140625
2020-08-06,216.3500061035156
2020-08-07,212.47999572753903
2020-08-10,208.25
2020-08-11,203.3800048828125
2020-08-12,209.19000244140625
2020-08-13,208.6999969482422
2020-08-14,208.8999938964844
2020-08-17,210.27999877929688
2020-08-18,211.4900054931641
2020-08-19,209.6999969482422
2020-08-20,214.5800018310547
2020-08-21,213.02000427246097
2020-08-24,213.69000244140625
2020-08-25,216.47000122070312
2020-08-26,221.1499938964844
2020-08-27,226.5800018310547
2020-08-28,228.91000366210935
2020-08-31,225.52999877929688
2020-09-01,227.27000427246097
2020-09-02,231.6499938964844
2020-09-03,217.3000030517578
2020-09-04,214.25
2020-09-08,202.66000366210935
2020-09-09,211.2899932861328
2020-09-10,205.3699951171875
2020-09-11,204.02999877929688
2020-09-14,205.41000366210935
2020-09-15,208.77999877929688
2020-09-16,205.0500030517578
2020-09-17,202.91000366210935
2020-09-18,200.38999938964844
2020-09-21,202.5399932861328
2020-09-22,207.4199981689453
2020-09-23,200.58999633789065
2020-09-24,203.19000244140625
2020-09-25,207.82000732421875
2020-09-28,209.44000244140625
2020-09-29,207.2599945068359
2020-09-30,210.3300018310547
2020-10-01,212.4600067138672
2020-10-02,206.19000244140625
2020-10-05,210.3800048828125
2020-10-06,205.91000366210935
2020-10-07,209.8300018310547
2020-10-08,210.5800018310547
2020-10-09,215.80999755859375
2020-10-12,221.3999938964844
2020-10-13,222.86000061035156
2020-10-14,220.86000061035156
2020-10-15,219.66000366210935
2020-10-16,219.66000366210935
2020-10-19,214.22000122070312
2020-10-20,214.6499938964844
2020-10-21,214.8000030517578
2020-10-22,214.88999938964844
2020-10-23,216.22999572753903
2020-10-26,210.0800018310547
2020-10-27,213.25
2020-10-28,202.67999267578125
2020-10-29,204.72000122070312
2020-10-30,202.47000122070312
2020-11-02,202.3300018310547
2020-11-03,206.42999267578125
2020-11-04,216.38999938964844
2020-11-05,223.2899932861328
2020-11-06,223.72000122070312
2020-11-09,218.38999938964844
2020-11-10,211.0099945068359
2020-11-11,216.5500030517578
2020-11-12,215.44000244140625
2020-11-13,216.5099945068359
2020-11-16,217.22999572753903
2020-11-17,214.4600067138672
2020-11-18,211.0800018310547
2020-11-19,212.4199981689453
2020-11-20,210.38999938964844
2020-11-23,210.11000061035156
2020-11-24,213.86000061035156
2020-11-25,213.8699951171875
2020-11-27,215.22999572753903
2020-11-30,214.07000732421875
2020-12-01,216.2100067138672
2020-12-02,215.3699951171875
2020-12-03,214.2400054931641
2020-12-04,214.36000061035156
2020-12-07,214.2899932861328
2020-12-08,216.0099945068359
2020-12-09,211.8000030517578
2020-12-10,210.52000427246097
2020-12-11,213.2599945068359
2020-12-14,214.1999969482422
2020-12-15,214.1300048828125
2020-12-16,219.27999877929688
2020-12-17,219.4199981689453
2020-12-18,218.58999633789065
2020-12-21,222.58999633789065
2020-12-22,223.94000244140625
2020-12-23,221.02000427246097
2020-12-24,222.75
2020-12-28,224.9600067138672
2020-12-29,224.1499938964844
2020-12-30,221.67999267578125
2020-12-31,222.4199981689453
2021-01-04,217.69000244140625
2021-01-05,217.8999938964844
2021-01-06,212.25
2021-01-07,218.2899932861328
2021-01-08,219.6199951171875
2021-01-11,217.4900054931641
2021-01-12,214.92999267578125
2021-01-13,216.33999633789065
2021-01-14,213.02000427246097
2021-01-15,212.6499938964844
2021-01-19,216.44000244140625
2021-01-20,224.33999633789065
2021-01-21,224.97000122070312
2021-01-22,225.9499969482422
2021-01-25,229.52999877929688
2021-01-26,232.3300018310547
2021-01-27,232.8999938964844
2021-01-28,238.92999267578125
2021-01-29,231.9600067138672
2021-02-01,239.6499938964844
2021-02-02,239.5099945068359
2021-02-03,243.0
2021-02-04,242.0099945068359
2021-02-05,242.1999969482422
2021-02-08,242.47000122070312
2021-02-09,243.77000427246097
2021-02-10,242.82000732421875
2021-02-11,244.4900054931641
2021-02-12,244.9900054931641
2021-02-16,243.6999969482422
2021-02-17,244.1999969482422
2021-02-18,243.7899932861328
2021-02-19,240.97000122070312
2021-02-22,234.5099945068359
2021-02-23,233.27000427246097
2021-02-24,234.5500030517578
2021-02-25,228.9900054931641
2021-02-26,232.3800048828125
2021-03-01,236.94000244140625
2021-03-02,233.8699951171875
2021-03-03,227.55999755859375
2021-03-04,226.72999572753903
2021-03-05,231.6000061035156
2021-03-08,227.38999938964844
2021-03-09,233.77999877929688
2021-03-10,232.4199981689453
2021-03-11,237.1300048828125
2021-03-12,235.75
2021-03-15,234.80999755859375
2021-03-16,237.7100067138672
2021-03-17,237.0399932861328
2021-03-18,230.72000122070312
2021-03-19,230.3500061035156
2021-03-22,235.9900054931641
2021-03-23,237.5800018310547
2021-03-24,235.4600067138672
2021-03-25,232.33999633789065
2021-03-26,236.47999572753903
2021-03-29,235.2400054931641
2021-03-30,231.8500061035156
2021-03-31,235.77000427246097
2021-04-01,242.3500061035156
2021-04-05,249.07000732421875
2021-04-06,247.86000061035156
2021-04-07,249.8999938964844
2021-04-08,253.25
2021-04-09,255.8500061035156
2021-04-12,255.91000366210935
2021-04-13,258.489990234375
2021-04-14,255.58999633789065
2021-04-15,259.5
2021-04-16,260.739990234375
2021-04-19,258.739990234375
2021-04-20,258.260009765625
2021-04-21,260.5799865722656
2021-04-22,257.1700134277344
2021-04-23,261.1499938964844
2021-04-26,261.54998779296875
2021-04-27,261.9700012207031
2021-04-28,254.55999755859375
2021-04-29,252.5099945068359
2021-04-30,252.17999267578125
2021-05-03,251.86000061035156
2021-05-04,247.7899932861328
2021-05-05,246.47000122070312
2021-05-06,249.72999572753903
2021-05-07,252.4600067138672
2021-05-10,247.17999267578125
2021-05-11,246.22999572753903
2021-05-12,239.0
2021-05-13,243.02999877929688
2021-05-14,248.1499938964844
2021-05-17,245.17999267578125
2021-05-18,243.0800018310547
2021-05-19,243.1199951171875
2021-05-20,246.47999572753903
2021-05-21,245.1699981689453
2021-05-24,250.77999877929688
2021-05-25,251.72000122070312
2021-05-26,251.4900054931641
2021-05-27,249.30999755859375
2021-05-28,249.67999267578125
2021-06-01,247.3999938964844
2021-06-02,247.3000030517578
2021-06-03,245.7100067138672
2021-06-04,250.7899932861328
2021-06-07,253.80999755859375
2021-06-08,252.57000732421875
2021-06-09,253.58999633789065
2021-06-10,257.239990234375
2021-06-11,257.8900146484375
2021-06-14,259.8900146484375
2021-06-15,258.3599853515625
2021-06-16,257.3800048828125
2021-06-17,260.8999938964844
2021-06-18,259.42999267578125
2021-06-21,262.6300048828125
2021-06-22,265.510009765625
2021-06-23,265.2699890136719
2021-06-24,266.69000244140625
2021-06-25,265.0199890136719
2021-06-28,268.7200012207031
2021-06-29,271.3999938964844
2021-06-30,270.8999938964844
2021-07-01,271.6000061035156
2021-07-02,277.6499938964844
2021-07-06,277.6600036621094
2021-07-07,279.92999267578125
2021-07-08,277.4200134277344
2021-07-09,277.94000244140625
2021-07-12,277.32000732421875
2021-07-13,280.9800109863281
2021-07-14,282.510009765625
2021-07-15,281.0299987792969
2021-07-16,280.75
2021-07-19,277.010009765625
2021-07-20,279.32000732421875
2021-07-21,281.3999938964844
2021-07-22,286.1400146484375
2021-07-23,289.6700134277344
2021-07-26,289.04998779296875
2021-07-27,286.5400085449219
2021-07-28,286.2200012207031
2021-07-29,286.5
2021-07-30,284.9100036621094
2021-08-02,284.82000732421875
2021-08-03,287.1199951171875
2021-08-04,286.510009765625
2021-08-05,289.5199890136719
2021-08-06,289.4599914550781
2021-08-09,288.3299865722656
2021-08-10,286.44000244140625
2021-08-11,286.95001220703125
2021-08-12,289.80999755859375
2021-08-13,292.8500061035156
2021-08-16,294.6000061035156
2021-08-17,293.0799865722656
2021-08-18,290.7300109863281
2021-08-19,296.7699890136719
2021-08-20,304.3599853515625
2021-08-23,304.6499938964844
2021-08-24,302.6199951171875
2021-08-25,302.010009765625
2021-08-26,299.0899963378906
2021-08-27,299.7200012207031
2021-08-30,303.5899963378906
2021-08-31,301.8800048828125
2021-09-01,301.8299865722656
2021-09-02,301.1499938964844
2021-09-03,301.1400146484375
2021-09-07,300.17999267578125
2021-09-08,300.2099914550781
2021-09-09,297.25
2021-09-10,295.7099914550781
2021-09-13,296.989990234375
2021-09-14,299.7900085449219
2021-09-15,304.82000732421875
2021-09-16,305.2200012207031
2021-09-17,299.8699951171875
2021-09-20,294.29998779296875
2021-09-21,294.79998779296875
2021-09-22,298.5799865722656
2021-09-23,299.55999755859375
2021-09-24,299.3500061035156
2021-09-27,294.1700134277344
2021-09-28,283.5199890136719
2021-09-29,284.0
2021-09-30,281.9200134277344
2021-10-01,289.1000061035156
2021-10-04,283.1099853515625
2021-10-05,288.760009765625
2021-10-06,293.1099853515625
2021-10-07,294.8500061035156
2021-10-08,294.8500061035156
2021-10-11,294.2300109863281
2021-10-12,292.8800048828125
2021-10-13,296.30999755859375
2021-10-14,302.75
2021-10-15,304.2099914550781
2021-10-18,307.2900085449219
2021-10-19,308.2300109863281
2021-10-20,307.4100036621094
2021-10-21,310.760009765625
2021-10-22,309.1600036621094
2021-10-25,308.1300048828125
2021-10-26,310.1099853515625
2021-10-27,323.1700134277344
2021-10-28,324.3500061035156
2021-10-29,331.6199951171875
2021-11-01,329.3699951171875
2021-11-02,333.1300048828125
2021-11-03,334.0
2021-11-04,336.44000244140625
2021-11-05,336.05999755859375
2021-11-08,336.989990234375
2021-11-09,335.95001220703125
2021-11-10,330.79998779296875
2021-11-11,332.42999267578125
2021-11-12,336.7200012207031
2021-11-15,336.07000732421875
2021-11-16,339.510009765625
2021-11-17,339.1199951171875
2021-11-18,341.2699890136719
2021-11-19,343.1099853515625
2021-11-22,339.8299865722656
2021-11-23,337.67999267578125
2021-11-24,337.9100036621094
2021-11-26,329.67999267578125
2021-11-29,336.6300048828125
2021-11-30,330.5899963378906
2021-12-01,330.0799865722656
2021-12-02,329.489990234375
2021-12-03,323.010009765625
2021-12-06,326.19000244140625
2021-12-07,334.9200134277344
2021-12-08,334.9700012207031
2021-12-09,333.1000061035156
2021-12-10,342.5400085449219
2021-12-13,339.3999938964844
2021-12-14,328.3399963378906
2021-12-15,334.6499938964844
2021-12-16,324.8999938964844
2021-12-17,323.79998779296875
2021-12-20,319.9100036621094
2021-12-21,327.2900085449219
2021-12-22,333.20001220703125
2021-12-23,334.69000244140625
2021-12-27,342.45001220703125
2021-12-28,341.25
2021-12-29,341.95001220703125
2021-12-30,339.32000732421875
2021-12-31,336.32000732421875
2022-01-03,334.75
2022-01-04,329.010009765625
2022-01-05,316.3800048828125
2022-01-06,313.8800048828125
2022-01-07,314.0400085449219
2022-01-10,314.2699890136719
2022-01-11,314.9800109863281
2022-01-12,318.2699890136719
2022-01-13,304.79998779296875
2022-01-14,310.20001220703125
2022-01-18,302.6499938964844
2022-01-19,303.3299865722656
2022-01-20,301.6000061035156
2022-01-21,296.0299987792969
2022-01-24,296.3699951171875
2022-01-25,288.489990234375
2022-01-26,296.7099914550781
2022-01-27,299.8399963378906
2022-01-28,308.260009765625
2022-01-31,310.9800109863281
2022-02-01,308.760009765625
2022-02-02,313.4599914550781
2022-02-03,301.25
2022-02-04,305.94000244140625
2022-02-07,300.95001220703125
2022-02-08,304.55999755859375
2022-02-09,311.2099914550781
2022-02-10,302.3800048828125
2022-02-11,295.0400085449219
2022-02-14,295.0
2022-02-15,300.4700012207031
2022-02-16,299.5
2022-02-17,290.7300109863281
2022-02-18,287.92999267578125
2022-02-22,287.7200012207031
2022-02-23,280.2699890136719
2022-02-24,294.5899963378906
2022-02-25,297.30999755859375
2022-02-28,298.7900085449219
2022-03-01,294.95001220703125
2022-03-02,300.19000244140625
2022-03-03,295.9200134277344
2022-03-04,289.8599853515625
2022-03-07,278.9100036621094
2022-03-08,275.8500061035156
2022-03-09,288.5
2022-03-10,285.5899963378906
2022-03-11,280.07000732421875
2022-03-14,276.44000244140625
2022-03-15,287.1499938964844
2022-03-16,294.3900146484375
2022-03-17,295.2200012207031
2022-03-18,300.42999267578125
2022-03-21,299.1600036621094
2022-03-22,304.05999755859375
2022-03-23,299.489990234375
2022-03-24,304.1000061035156
2022-03-25,303.67999267578125
2022-03-28,310.70001220703125
2022-03-29,315.4100036621094
2022-03-30,313.8599853515625
2022-03-31,308.30999755859375
2022-04-01,309.4200134277344
2022-04-04,314.9700012207031
2022-04-05,310.8800048828125
2022-04-06,299.5
2022-04-07,301.3699951171875
2022-04-08,296.9700012207031
2022-04-11,285.260009765625
2022-04-12,282.05999755859375
2022-04-13,287.6199951171875
2022-04-14,279.8299865722656
2022-04-18,280.5199890136719
2022-04-19,285.29998779296875
2022-04-20,286.3599853515625
2022-04-21,280.80999755859375
2022-04-22,274.0299987792969
2022-04-25,280.7200012207031
2022-04-26,270.2200012207031
2022-04-27,283.2200012207031
2022-04-28,289.6300048828125
2022-04-29,277.5199890136719
2022-05-02,284.4700012207031
2022-05-03,281.7799987792969
2022-05-04,289.9800109863281
2022-05-05,277.3500061035156
2022-05-06,274.7300109863281
2022-05-09,264.5799865722656
2022-05-10,269.5
2022-05-11,260.54998779296875
2022-05-12,255.3500061035156
2022-05-13,261.1199951171875
2022-05-16,261.5
2022-05-17,266.82000732421875
2022-05-18,254.0800018310547
2022-05-19,253.13999938964844
2022-05-20,252.55999755859375
2022-05-23,260.6499938964844
2022-05-24,259.6199951171875
2022-05-25,262.5199890136719
2022-05-26,265.8999938964844
2022-05-27,273.239990234375
2022-05-31,271.8699951171875
2022-06-01,272.4200134277344
2022-06-02,274.5799865722656
2022-06-03,270.0199890136719
2022-06-06,268.75
2022-06-07,272.5
2022-06-08,270.4100036621094
2022-06-09,264.7900085449219
2022-06-10,252.9900054931641
2022-06-13,242.2599945068359
2022-06-14,244.4900054931641
2022-06-15,251.7599945068359
2022-06-16,244.97000122070312
2022-06-17,247.6499938964844
2022-06-21,253.7400054931641
2022-06-22,253.1300048828125
2022-06-23,258.8599853515625
2022-06-24,267.70001220703125
2022-06-27,264.8900146484375
2022-06-28,256.4800109863281
2022-06-29,260.260009765625
2022-06-30,256.8299865722656
2022-07-01,259.5799865722656
2022-07-05,262.8500061035156
2022-07-06,266.2099914550781
2022-07-07,268.3999938964844
2022-07-08,267.6600036621094
2022-07-11,264.510009765625
2022-07-12,253.6699981689453
2022-07-13,252.72000122070312
2022-07-14,254.0800018310547
2022-07-15,256.7200012207031
2022-07-18,254.25
2022-07-19,259.5299987792969
2022-07-20,262.2699890136719
2022-07-21,264.8399963378906
2022-07-22,260.3599853515625
2022-07-25,258.8299865722656
2022-07-26,251.8999938964844
2022-07-27,268.739990234375
2022-07-28,276.4100036621094
2022-07-29,280.739990234375
2022-08-01,278.010009765625
2022-08-02,274.82000732421875
2022-08-03,282.4700012207031
2022-08-04,283.6499938964844
2022-08-05,282.9100036621094
2022-08-08,280.32000732421875
2022-08-09,282.29998779296875
2022-08-10,289.1600036621094
2022-08-11,287.0199890136719
2022-08-12,291.9100036621094
2022-08-15,293.4700012207031
2022-08-16,292.7099914550781
2022-08-17,291.32000732421875
2022-08-18,290.1700134277344
2022-08-19,286.1499938964844
2022-08-22,277.75
2022-08-23,276.44000244140625
2022-08-24,275.7900085449219
2022-08-25,278.8500061035156
2022-08-26,268.0899963378906
2022-08-29,265.2300109863281
2022-08-30,262.9700012207031
2022-08-31,261.4700012207031
2022-09-01,260.3999938964844
2022-09-02,256.05999755859375
2022-09-06,253.25
2022-09-07,258.0899963378906
2022-09-08,258.5199890136719
2022-09-09,264.4599914550781
2022-09-12,266.6499938964844
2022-09-13,251.9900054931641
2022-09-14,252.22000122070312
2022-09-15,245.3800048828125
2022-09-16,244.7400054931641
2022-09-19,244.52000427246097
2022-09-20,242.4499969482422
2022-09-21,238.9499969482422
2022-09-22,240.97999572753903
2022-09-23,237.9199981689453
2022-09-26,237.4499969482422
2022-09-27,236.41000366210935
2022-09-28,241.07000732421875
2022-09-29,237.5
2022-09-30,232.8999938964844
2022-10-03,240.7400054931641
2022-10-04,248.8800048828125
2022-10-05,249.1999969482422
2022-10-06,246.7899932861328
2022-10-07,234.2400054931641
2022-10-10,229.25
2022-10-11,225.41000366210935
2022-10-12,225.75
2022-10-13,234.2400054931641
2022-10-14,228.55999755859375
2022-10-17,237.52999877929688
2022-10-18,238.5
2022-10-19,236.47999572753903
2022-10-20,236.1499938964844
2022-10-21,242.1199951171875
2022-10-24,247.25
2022-10-25,250.66000366210935
2022-10-26,231.32000732421875
2022-10-27,226.75
2022-10-28,235.8699951171875
2022-10-31,232.1300048828125
2022-11-01,228.1699981689453
2022-11-02,220.1000061035156
2022-11-03,214.25
2022-11-04,221.38999938964844
2022-11-07,227.8699951171875
2022-11-08,228.8699951171875
2022-11-09,224.5099945068359
2022-11-10,242.97999572753903
2022-11-11,247.11000061035156
2022-11-14,241.5500030517578
2022-11-15,241.97000122070312
2022-11-16,241.72999572753903
2022-11-17,241.67999267578125
2022-11-18,241.22000122070312
2022-11-21,242.0500030517578
2022-11-22,245.02999877929688
2022-11-23,247.5800018310547
2022-11-25,247.4900054931641
2022-11-28,241.7599945068359
2022-11-29,240.3300018310547
2022-11-30,255.13999938964844
2022-12-01,254.69000244140625
2022-12-02,255.02000427246097
2022-12-05,250.1999969482422
2022-12-06,245.1199951171875
2022-12-07,244.3699951171875
2022-12-08,247.3999938964844
2022-12-09,245.4199981689453
2022-12-12,252.5099945068359
2022-12-13,256.9200134277344
2022-12-14,257.2200012207031
2022-12-15,249.0099945068359
2022-12-16,244.69000244140625
2022-12-19,240.4499969482422
2022-12-20,241.8000030517578
2022-12-21,244.42999267578125
2022-12-22,238.19000244140625
2022-12-23,238.72999572753903
2022-12-27,236.9600067138672
2022-12-28,234.52999877929688
2022-12-29,241.0099945068359
2022-12-30,239.82000732421875
2023-01-03,239.5800018310547
2023-01-04,229.1000061035156
2023-01-05,222.30999755859375
2023-01-06,224.92999267578125
2023-01-09,227.1199951171875
2023-01-10,228.8500061035156
2023-01-11,235.77000427246097
2023-01-12,238.5099945068359
2023-01-13,239.22999572753903
2023-01-17,240.3500061035156
2023-01-18,235.80999755859375
2023-01-19,231.92999267578125
2023-01-20,240.22000122070312
2023-01-23,242.5800018310547
2023-01-24,242.0399932861328
2023-01-25,240.61000061035156
2023-01-26,248.0
2023-01-27,248.16000366210935
2023-01-30,242.7100067138672
2023-01-31,247.80999755859375
2023-02-01,252.75
2023-02-02,264.6000061035156
2023-02-03,258.3500061035156
2023-02-06,256.7699890136719
2023-02-07,267.55999755859375
2023-02-08,266.7300109863281
2023-02-09,263.6199951171875
2023-02-10,263.1000061035156
2023-02-13,271.32000732421875
2023-02-14,272.1700134277344
2023-02-15,269.32000732421875
2023-02-16,262.1499938964844
2023-02-17,258.05999755859375
2023-02-21,252.6699981689453
2023-02-22,251.5099945068359
2023-02-23,254.77000427246097
2023-02-24,249.22000122070312
2023-02-27,250.16000366210935
2023-02-28,249.4199981689453
2023-03-01,246.27000427246097
2023-03-02,251.11000061035156
2023-03-03,255.2899932861328
2023-03-06,256.8699951171875
2023-03-07,254.1499938964844
2023-03-08,253.6999969482422
2023-03-09,252.32000732421875
2023-03-10,248.58999633789065
2023-03-13,253.9199981689453
2023-03-14,260.7900085449219
2023-03-15,265.44000244140625
2023-03-16,276.20001220703125
2023-03-17,279.42999267578125
2023-03-20,272.2300109863281
2023-03-21,273.7799987792969
2023-03-22,272.2900085449219
2023-03-23,277.6600036621094
2023-03-24,280.57000732421875
2023-03-27,276.3800048828125
2023-03-28,275.2300109863281
2023-03-29,280.510009765625
2023-03-30,284.04998779296875
2023-03-31,288.29998779296875
2023-04-03,287.2300109863281
2023-04-04,287.17999267578125
2023-04-05,284.3399963378906
2023-04-06,291.6000061035156
2023-04-10,289.3900146484375
2023-04-11,282.8299865722656
2023-04-12,283.489990234375
2023-04-13,289.8399963378906
2023-04-14,286.1400146484375
2023-04-17,288.79998779296875
2023-04-18,288.3699951171875
2023-04-19,288.45001220703125
2023-04-20,286.1099853515625
2023-04-21,285.760009765625
2023-04-24,281.7699890136719
2023-04-25,275.4200134277344
2023-04-26,295.3699951171875
2023-04-27,304.8299865722656
2023-04-28,307.260009765625
2023-05-01,305.55999755859375
2023-05-02,305.4100036621094
2023-05-03,304.3999938964844
2023-05-04,305.4100036621094
2023-05-05,310.6499938964844
2023-05-08,308.6499938964844
2023-05-09,307.0
2023-05-10,312.30999755859375
2023-05-11,310.1099853515625
2023-05-12,308.9700012207031
2023-05-15,309.4599914550781
2023-05-16,311.739990234375
2023-05-17,314.0
2023-05-18,318.5199890136719
2023-05-19,318.3399963378906
2023-05-22,321.17999267578125
2023-05-23,315.260009765625
2023-05-24,313.8500061035156
2023-05-25,325.9200134277344
2023-05-26,332.8900146484375
2023-05-30,331.2099914550781
2023-05-31,328.3900146484375
2023-06-01,332.5799865722656
2023-06-02,335.3999938964844
2023-06-05,335.94000244140625
2023-06-06,333.67999267578125
2023-06-07,323.3800048828125
2023-06-08,325.260009765625
2023-06-09,326.7900085449219
2023-06-12,331.8500061035156
2023-06-13,334.2900085449219
2023-06-14,337.3399963378906
2023-06-15,348.1000061035156
2023-06-16,342.3299865722656
2023-06-20,338.04998779296875
2023-06-21,333.55999755859375
2023-06-22,339.7099914550781
2023-06-23,335.0199890136719
2023-06-26,328.6000061035156
2023-06-27,334.57000732421875
2023-06-28,335.8500061035156
2023-06-29,335.04998779296875
2023-06-30,340.5400085449219
2023-07-03,337.989990234375
2023-07-05,338.1499938964844
2023-07-06,341.2699890136719
2023-07-07,337.2200012207031
2023-07-10,331.8299865722656
2023-07-11,332.4700012207031
2023-07-12,337.20001220703125
2023-07-13,342.6600036621094
2023-07-14,345.239990234375
2023-07-17,345.7300109863281
2023-07-18,359.489990234375
2023-07-19,355.0799865722656
2023-07-20,346.8699951171875
2023-07-21,343.7699890136719
2023-07-24,345.1099853515625
2023-07-25,350.9800109863281
2023-07-26,337.7699890136719
2023-07-27,330.7200012207031
2023-07-28,338.3699951171875
2023-07-31,335.9200134277344
2023-08-01,336.3399963378906
2023-08-02,327.5
2023-08-03,326.6600036621094
2023-08-04,327.7799987792969
2023-08-07,330.1099853515625
2023-08-08,326.04998779296875
2023-08-09,322.2300109863281
2023-08-10,322.92999267578125
2023-08-11,321.010009765625
2023-08-14,324.0400085449219
2023-08-15,321.8599853515625
2023-08-16,320.3999938964844
2023-08-17,316.8800048828125
2023-08-18,316.4800109863281
2023-08-21,321.8800048828125
2023-08-22,322.4599914550781
2023-08-23,327.0
2023-08-24,319.9700012207031
2023-08-25,322.9800109863281
2023-08-28,323.70001220703125
2023-08-29,328.4100036621094
2023-08-30,328.7900085449219
2023-08-31,327.760009765625
2023-09-01,328.6600036621094
2023-09-05,333.54998779296875
2023-09-06,332.8800048828125
2023-09-07,329.9100036621094
2023-09-08,334.2699890136719
2023-09-11,337.94000244140625
2023-09-12,331.7699890136719
2023-09-13,336.05999755859375
2023-09-14,338.70001220703125
2023-09-15,330.2200012207031
2023-09-18,329.05999755859375
2023-09-19,328.6499938964844
2023-09-20,320.7699890136719
2023-09-21,319.5299987792969
2023-09-22,317.010009765625
2023-09-25,317.5400085449219
2023-09-26,312.1400146484375
2023-09-27,312.7900085449219
2023-09-28,313.6400146484375
2023-09-29,315.75
2023-10-02,321.79998779296875
2023-10-03,313.3900146484375
2023-10-04,318.9599914550781
2023-10-05,319.3599853515625
2023-10-06,327.260009765625
2023-10-09,329.82000732421875
2023-10-10,328.3900146484375
2023-10-11,332.4200134277344
2023-10-12,331.1600036621094
2023-10-13,327.7300109863281
2023-10-16,332.6400146484375
2023-10-17,332.05999755859375
2023-10-18,330.1099853515625
2023-10-19,331.32000732421875
2023-10-20,326.6700134277344
2023-10-23,329.32000732421875
2023-10-24,330.5299987792969
2023-10-25,340.6700134277344
2023-10-26,327.8900146484375
2023-10-27,329.80999755859375
2023-10-30,337.30999755859375
2023-10-31,338.1099853515625
2023-11-01,346.07000732421875
2023-11-02,348.32000732421875
2023-11-03,352.79998779296875
2023-11-06,356.5299987792969
2023-11-07,360.5299987792969
2023-11-08,363.2000122070313
2023-11-09,360.69000244140625
2023-11-10,369.6700134277344
2023-11-13,366.6799926757813
2023-11-14,370.2699890136719
2023-11-15,369.6700134277344
2023-11-16,376.1700134277344
2023-11-17,369.8500061035156
2023-11-20,377.44000244140625
2023-11-21,373.0700073242187
2023-11-22,377.8500061035156
2023-11-24,377.4299926757813
2023-11-27,378.6099853515625
2023-11-28,382.7000122070313
2023-11-29,378.8500061035156
2023-11-30,378.9100036621094
2023-12-01,374.510009765625
2023-12-04,369.1400146484375
2023-12-05,372.5199890136719
2023-12-06,368.7999877929687
2023-12-07,370.9500122070313
2023-12-08,374.2300109863281
2023-12-11,371.2999877929687
2023-12-12,374.3800048828125
2023-12-13,374.3699951171875
2023-12-14,365.9299926757813
2023-12-15,370.7300109863281
2023-12-18,372.6499938964844
2023-12-19,373.260009765625
2023-12-20,370.6199951171875
2023-12-21,373.5400085449219
2023-12-22,374.5799865722656
2023-12-26,374.6600036621094
2023-12-27,374.0700073242187
2023-12-28,375.2799987792969
2023-12-29,376.0400085449219
2024-01-02,370.8699951171875
2024-01-03,370.6000061035156
2024-01-04,367.94000244140625
2024-01-05,367.75
2024-01-08,374.69000244140625
2024-01-09,375.7900085449219
2024-01-10,382.7699890136719
2024-01-11,384.6300048828125
2024-01-12,388.4700012207031
2024-01-16,390.2699890136719
2024-01-17,389.4700012207031
2024-01-18,393.8699951171875
2024-01-19,398.6700134277344
2024-01-22,396.510009765625
2024-01-23,398.8999938964844
2024-01-24,402.55999755859375
2024-01-25,404.8699951171875
2024-01-26,403.9299926757813
2024-01-29,409.7200012207031
2024-01-30,408.5899963378906
2024-01-31,397.5799865722656
2024-02-01,403.7799987792969
2024-02-02,411.2200012207031
2024-02-05,405.6499938964844
2024-02-06,405.489990234375
2024-02-07,414.0499877929687
2024-02-08,414.1099853515625
2024-02-09,420.5499877929687
2024-02-12,415.260009765625
2024-02-13,406.3200073242187
2024-02-14,409.489990234375
2024-02-15,406.55999755859375
2024-02-16,404.05999755859375
2024-02-20,402.7900085449219
2024-02-21,402.1799926757813
2024-02-22,411.6499938964844
2024-02-23,410.3399963378906
2024-02-26,407.5400085449219
2024-02-27,407.4800109863281
2024-02-28,407.7200012207031
2024-02-29,413.6400146484375
2024-03-01,415.5
2024-03-04,414.9200134277344
2024-03-05,402.6499938964844
2024-03-06,402.0899963378906
2024-03-07,409.1400146484375
2024-03-08,406.2200012207031
2024-03-11,404.5199890136719
2024-03-12,415.2799987792969
2024-03-13,415.1000061035156
2024-03-14,425.2200012207031
2024-03-15,416.4200134277344
2024-03-18,417.3200073242187
2024-03-19,421.4100036621094
2024-03-20,425.2300109863281
2024-03-21,429.3699951171875
2024-03-22,428.739990234375
2024-03-25,422.8599853515625
2024-03-26,421.6499938964844
2024-03-27,421.4299926757813
2024-03-28,420.7200012207031
2024-04-01,424.5700073242187
2024-04-02,421.44000244140625
2024-04-03,420.4500122070313
2024-04-04,417.8800048828125
2024-04-05,425.5199890136719
2024-04-08,424.5899963378906
2024-04-09,426.2799987792969
2024-04-10,423.260009765625
2024-04-11,427.9299926757813
2024-04-12,421.8999938964844
2024-04-15,413.6400146484375
2024-04-16,414.5799865722656
2024-04-17,411.8399963378906
2024-04-18,404.2699890136719
2024-04-19,399.1199951171875
2024-04-22,400.9599914550781
2024-04-23,407.5700073242187
2024-04-24,409.05999755859375
2024-04-25,399.0400085449219
2024-04-26,406.3200073242187
2024-04-29,402.25
2024-04-30,389.3299865722656
2024-05-01,394.94000244140625
2024-05-02,397.8399963378906
2024-05-03,406.6600036621094
2024-05-06,413.5400085449219
2024-05-07,409.3399963378906
2024-05-08,410.5400085449219
2024-05-09,412.3200073242187
2024-05-10,414.739990234375
2024-05-13,413.7200012207031
2024-05-14,416.55999755859375
2024-05-15,423.0799865722656
2024-05-16,420.989990234375
2024-05-17,420.2099914550781
2024-05-20,425.3399963378906
2024-05-21,429.0400085449219
2024-05-22,430.5199890136719
2024-05-23,427.0
2024-05-24,430.1600036621094
2024-05-28,430.3200073242187
2024-05-29,429.1700134277344
2024-05-30,414.6700134277344
2024-05-31,415.1300048828125
2024-06-03,413.5199890136719
2024-06-04,416.0700073242187
2024-06-05,424.010009765625
2024-06-06,424.5199890136719
2024-06-07,423.8500061035156
2024-06-10,427.8699951171875
2024-06-11,432.6799926757813
2024-06-12,441.05999755859375
2024-06-13,441.5799865722656
2024-06-14,442.5700073242187
2024-06-17,448.3699951171875
2024-06-18,446.3399963378906
2024-06-20,445.7000122070313
2024-06-21,449.7799987792969
2024-06-24,447.6700134277344
2024-06-25,450.9500122070313
2024-06-26,452.1600036621094
2024-06-27,452.8500061035156
2024-06-28,446.9500122070313
