Date,NVDA_Close
2014-06-30,0.4634999930858612
2014-07-01,0.46875
2014-07-02,0.4670000076293945
2014-07-03,0.4712499976158142
2014-07-07,0.4675000011920929
2014-07-08,0.4637500047683716
2014-07-09,0.4777500033378601
2014-07-10,0.4752500057220459
2014-07-11,0.4762499928474426
2014-07-14,0.4822500050067901
2014-07-15,0.484250009059906
2014-07-16,0.4837499856948852
2014-07-17,0.4824999868869781
2014-07-18,0.460999995470047
2014-07-21,0.4637500047683716
2014-07-22,0.4617500007152557
2014-07-23,0.4519999921321869
2014-07-24,0.4527499973773956
2014-07-25,0.4447500109672546
2014-07-28,0.4429999887943268
2014-07-29,0.4444999992847442
2014-07-30,0.4519999921321869
2014-07-31,0.4375
2014-08-01,0.4422500133514404
2014-08-04,0.4412499964237213
2014-08-05,0.4415000081062317
2014-08-06,0.4410000145435333
2014-08-07,0.4365000128746032
2014-08-08,0.4749999940395355
2014-08-11,0.4724999964237213
2014-08-12,0.4724999964237213
2014-08-13,0.4752500057220459
2014-08-14,0.4699999988079071
2014-08-15,0.4760000109672546
2014-08-18,0.4824999868869781
2014-08-19,0.484250009059906
2014-08-20,0.481249988079071
2014-08-21,0.476749986410141
2014-08-22,0.4769999980926513
2014-08-25,0.4777500033378601
2014-08-26,0.4862500131130218
2014-08-27,0.4807499945163727
2014-08-28,0.4847500026226043
2014-08-29,0.4862500131130218
2014-09-02,0.4875000119209289
2014-09-03,0.492000013589859
2014-09-04,0.5007500052452087
2014-09-05,0.4992499947547912
2014-09-08,0.4947499930858612
2014-09-09,0.4884999990463257
2014-09-10,0.4902499914169311
2014-09-11,0.4852499961853027
2014-09-12,0.4779999852180481
2014-09-15,0.4715000092983246
2014-09-16,0.4785000085830688
2014-09-17,0.4787499904632568
2014-09-18,0.4860000014305115
2014-09-19,0.4769999980926513
2014-09-22,0.4722500145435333
2014-09-23,0.4702500104904175
2014-09-24,0.4729999899864197
2014-09-25,0.4627499878406524
2014-09-26,0.4637500047683716
2014-09-29,0.4629999995231628
2014-09-30,0.4612500071525574
2014-10-01,0.4567500054836273
2014-10-02,0.4547500014305115
2014-10-03,0.4557499885559082
2014-10-06,0.453000009059906
2014-10-07,0.4482499957084656
2014-10-08,0.4564999938011169
2014-10-09,0.4477500021457672
2014-10-10,0.4212499856948852
2014-10-13,0.4197500050067901
2014-10-14,0.429500013589859
2014-10-15,0.4359999895095825
2014-10-16,0.4362500011920929
2014-10-17,0.4354999959468841
2014-10-20,0.4392499923706054
2014-10-21,0.4580000042915344
2014-10-22,0.4472500085830688
2014-10-23,0.4572499990463257
2014-10-24,0.4620000123977661
2014-10-27,0.4622499942779541
2014-10-28,0.47325000166893
2014-10-29,0.4702500104904175
2014-10-30,0.4672499895095825
2014-10-31,0.4884999990463257
2014-11-03,0.496749997138977
2014-11-04,0.503250002861023
2014-11-05,0.503250002861023
2014-11-06,0.5055000185966492
2014-11-07,0.4947499930858612
2014-11-10,0.5005000233650208
2014-11-11,0.4945000112056732
2014-11-12,0.4912500083446502
2014-11-13,0.488750010728836
2014-11-14,0.4947499930858612
2014-11-17,0.4925000071525574
2014-11-18,0.5042499899864197
2014-11-19,0.500249981880188
2014-11-20,0.5084999799728394
2014-11-21,0.5112500190734863
2014-11-24,0.5145000219345093
2014-11-25,0.5142499804496765
2014-11-26,0.5230000019073486
2014-11-28,0.5242499709129333
2014-12-01,0.5145000219345093
2014-12-02,0.515250027179718
2014-12-03,0.5285000205039978
2014-12-04,0.5237500071525574
2014-12-05,0.5267500281333923
2014-12-08,0.5199999809265137
2014-12-09,0.5182499885559082
2014-12-10,0.5067499876022339
2014-12-11,0.5065000057220459
2014-12-12,0.4907500147819519
2014-12-15,0.4892500042915344
2014-12-16,0.4837499856948852
2014-12-17,0.5034999847412109
2014-12-18,0.5055000185966492
2014-12-19,0.5105000138282776
2014-12-22,0.5195000171661377
2014-12-23,0.5162500143051147
2014-12-24,0.5142499804496765
2014-12-26,0.5147500038146973
2014-12-29,0.5139999985694885
2014-12-30,0.5092499852180481
2014-12-31,0.5012500286102295
2015-01-02,0.503250002861023
2015-01-05,0.4947499930858612
2015-01-06,0.4797500073909759
2015-01-07,0.4785000085830688
2015-01-08,0.4964999854564667
2015-01-09,0.4984999895095825
2015-01-12,0.492249995470047
2015-01-13,0.4914999902248382
2015-01-14,0.4934999942779541
2015-01-15,0.4900000095367431
2015-01-16,0.4990000128746032
2015-01-20,0.5005000233650208
2015-01-21,0.5074999928474426
2015-01-22,0.5162500143051147
2015-01-23,0.5177500247955322
2015-01-26,0.515500009059906
2015-01-27,0.4907500147819519
2015-01-28,0.4827499985694885
2015-01-29,0.4945000112056732
2015-01-30,0.4799999892711639
2015-02-02,0.4905000030994415
2015-02-03,0.5027499794960022
2015-02-04,0.5040000081062317
2015-02-05,0.5122500061988831
2015-02-06,0.5099999904632568
2015-02-09,0.5095000267028809
2015-02-10,0.5237500071525574
2015-02-11,0.5202500224113464
2015-02-12,0.5575000047683716
2015-02-13,0.5577499866485596
2015-02-17,0.559499979019165
2015-02-18,0.5529999732971191
2015-02-19,0.5544999837875366
2015-02-20,0.5584999918937683
2015-02-23,0.5540000200271606
2015-02-24,0.5577499866485596
2015-02-25,0.5534999966621399
2015-02-26,0.5550000071525574
2015-02-27,0.5515000224113464
2015-03-02,0.5649999976158142
2015-03-03,0.5544999837875366
2015-03-04,0.5607500076293945
2015-03-05,0.5715000033378601
2015-03-06,0.5637500286102295
2015-03-09,0.5652499794960022
2015-03-10,0.574999988079071
2015-03-11,0.5720000267028809
2015-03-12,0.5667499899864197
2015-03-13,0.5674999952316284
2015-03-16,0.5742499828338623
2015-03-17,0.581250011920929
2015-03-18,0.5717499852180481
2015-03-19,0.5805000066757202
2015-03-20,0.5867499709129333
2015-03-23,0.5677499771118164
2015-03-24,0.5600000023841858
2015-03-25,0.5260000228881836
2015-03-26,0.5242499709129333
2015-03-27,0.534500002861023
2015-03-30,0.5367500185966492
2015-03-31,0.5232499837875366
2015-04-01,0.5252500176429749
2015-04-02,0.5264999866485596
2015-04-06,0.5417500138282776
2015-04-07,0.546500027179718
2015-04-08,0.5504999756813049
2015-04-09,0.5632500052452087
2015-04-10,0.5690000057220459
2015-04-13,0.5637500286102295
2015-04-14,0.5590000152587891
2015-04-15,0.565750002861023
2015-04-16,0.562250018119812
2015-04-17,0.5550000071525574
2015-04-20,0.5522500276565552
2015-04-21,0.5515000224113464
2015-04-22,0.5577499866485596
2015-04-23,0.5554999709129333
2015-04-24,0.5507500171661377
2015-04-27,0.5550000071525574
2015-04-28,0.5577499866485596
2015-04-29,0.5534999966621399
2015-04-30,0.5550000071525574
2015-05-01,0.5687500238418579
2015-05-04,0.5652499794960022
2015-05-05,0.5507500171661377
2015-05-06,0.5525000095367432
2015-05-07,0.562250018119812
2015-05-08,0.5207499861717224
2015-05-11,0.515749990940094
2015-05-12,0.5207499861717224
2015-05-13,0.5237500071525574
2015-05-14,0.5322499871253967
2015-05-15,0.5325000286102295
2015-05-18,0.5317500233650208
2015-05-19,0.5260000228881836
2015-05-20,0.5260000228881836
2015-05-21,0.5222499966621399
2015-05-22,0.5214999914169312
2015-05-26,0.5182499885559082
2015-05-27,0.5460000038146973
2015-05-28,0.5534999966621399
2015-05-29,0.5532500147819519
2015-06-01,0.559499979019165
2015-06-02,0.5485000014305115
2015-06-03,0.5425000190734863
2015-06-04,0.5522500276565552
2015-06-05,0.5565000176429749
2015-06-08,0.543749988079071
2015-06-09,0.546500027179718
2015-06-10,0.5367500185966492
2015-06-11,0.5425000190734863
2015-06-12,0.5277500152587891
2015-06-15,0.5267500281333923
2015-06-16,0.5332499742507935
2015-06-17,0.5394999980926514
2015-06-18,0.5485000014305115
2015-06-19,0.546750009059906
2015-06-22,0.5444999933242798
2015-06-23,0.5304999947547913
2015-06-24,0.5252500176429749
2015-06-25,0.5292500257492065
2015-06-26,0.5184999704360962
2015-06-29,0.503000020980835
2015-06-30,0.5027499794960022
2015-07-01,0.5099999904632568
2015-07-02,0.5105000138282776
2015-07-06,0.5042499899864197
2015-07-07,0.4947499930858612
2015-07-08,0.4912500083446502
2015-07-09,0.4852499961853027
2015-07-10,0.4937500059604645
2015-07-13,0.4970000088214874
2015-07-14,0.4972499907016754
2015-07-15,0.4937500059604645
2015-07-16,0.5047500133514404
2015-07-17,0.5017499923706055
2015-07-20,0.4925000071525574
2015-07-21,0.4947499930858612
2015-07-22,0.4852499961853027
2015-07-23,0.4912500083446502
2015-07-24,0.4855000078678131
2015-07-27,0.4827499985694885
2015-07-28,0.4932500123977661
2015-07-29,0.4992499947547912
2015-07-30,0.5005000233650208
2015-07-31,0.4987500011920929
2015-08-03,0.5072500109672546
2015-08-04,0.5092499852180481
2015-08-05,0.5145000219345093
2015-08-06,0.5112500190734863
2015-08-07,0.5745000243186951
2015-08-10,0.5945000052452087
2015-08-11,0.5914999842643738
2015-08-12,0.5929999947547913
2015-08-13,0.5879999995231628
2015-08-14,0.5885000228881836
2015-08-17,0.5847499966621399
2015-08-18,0.5770000219345093
2015-08-19,0.5747500061988831
2015-08-20,0.5540000200271606
2015-08-21,0.5367500185966492
2015-08-24,0.5177500247955322
2015-08-25,0.5070000290870667
2015-08-26,0.5452499985694885
2015-08-27,0.565750002861023
2015-08-28,0.5682500004768372
2015-08-31,0.5619999766349792
2015-09-01,0.5389999747276306
2015-09-02,0.5552499890327454
2015-09-03,0.5567499995231628
2015-09-04,0.543749988079071
2015-09-08,0.5669999718666077
2015-09-09,0.5557500123977661
2015-09-10,0.5644999742507935
2015-09-11,0.5662500262260437
2015-09-14,0.5672500133514404
2015-09-15,0.5734999775886536
2015-09-16,0.5774999856948853
2015-09-17,0.5827500224113464
2015-09-18,0.5822499990463257
2015-09-21,0.5882499814033508
2015-09-22,0.5722500085830688
2015-09-23,0.574999988079071
2015-09-24,0.5860000252723694
2015-09-25,0.5902500152587891
2015-09-28,0.5824999809265137
2015-09-29,0.5927500128746033
2015-09-30,0.6162499785423279
2015-10-01,0.6042500138282776
2015-10-02,0.6200000047683716
2015-10-05,0.6355000138282776
2015-10-06,0.643750011920929
2015-10-07,0.6504999995231628
2015-10-08,0.6542500257492065
2015-10-09,0.6517500281333923
2015-10-12,0.6587499976158142
2015-10-13,0.6600000262260437
2015-10-14,0.6840000152587891
2015-10-15,0.6857500076293945
2015-10-16,0.6965000033378601
2015-10-19,0.6952499747276306
2015-10-20,0.6942499876022339
2015-10-21,0.6852499842643738
2015-10-22,0.7099999785423279
2015-10-23,0.7147499918937683
2015-10-26,0.7114999890327454
2015-10-27,0.7110000252723694
2015-10-28,0.7167500257492065
2015-10-29,0.6919999718666077
2015-10-30,0.7092499732971191
2015-11-02,0.7174999713897705
2015-11-03,0.7124999761581421
2015-11-04,0.7007499933242798
2015-11-05,0.6927499771118164
2015-11-06,0.7887499928474426
2015-11-09,0.7852500081062317
2015-11-10,0.7702500224113464
2015-11-11,0.7627500295639038
2015-11-12,0.7599999904632568
2015-11-13,0.7450000047683716
2015-11-16,0.7599999904632568
2015-11-17,0.7599999904632568
2015-11-18,0.7757499814033508
2015-11-19,0.777999997138977
2015-11-20,0.7847499847412109
2015-11-23,0.7730000019073486
2015-11-24,0.7792500257492065
2015-11-25,0.778249979019165
2015-11-27,0.7847499847412109
2015-11-30,0.7929999828338623
2015-12-01,0.8187500238418579
2015-12-02,0.8125
2015-12-03,0.8107500076293945
2015-12-04,0.84375
2015-12-07,0.827750027179718
2015-12-08,0.8389999866485596
2015-12-09,0.8177499771118164
2015-12-10,0.8245000243186951
2015-12-11,0.812250018119812
2015-12-14,0.8142499923706055
2015-12-15,0.8242499828338623
2015-12-16,0.8292499780654907
2015-12-17,0.8167499899864197
2015-12-18,0.8034999966621399
2015-12-21,0.8224999904632568
2015-12-22,0.8232499957084656
2015-12-23,0.8264999985694885
2015-12-24,0.8292499780654907
2015-12-28,0.828499972820282
2015-12-29,0.8420000076293945
2015-12-30,0.8347499966621399
2015-12-31,0.8240000009536743
2016-01-04,0.809249997138977
2016-01-05,0.8222500085830688
2016-01-06,0.7882500290870667
2016-01-07,0.7570000290870667
2016-01-08,0.7407500147819519
2016-01-11,0.7419999837875366
2016-01-12,0.7544999718666077
2016-01-13,0.7315000295639038
2016-01-14,0.7167500257492065
2016-01-15,0.6777499914169312
2016-01-19,0.6832500100135803
2016-01-20,0.6869999766349792
2016-01-21,0.6949999928474426
2016-01-22,0.7112500071525574
2016-01-25,0.7105000019073486
2016-01-26,0.7174999713897705
2016-01-27,0.7089999914169312
2016-01-28,0.7012500166893005
2016-01-29,0.7322499752044678
2016-02-01,0.7325000166893005
2016-02-02,0.7014999985694885
2016-02-03,0.7049999833106995
2016-02-04,0.7052500247955322
2016-02-05,0.6607499718666077
2016-02-08,0.6305000185966492
2016-02-09,0.6372500061988831
2016-02-10,0.6357499957084656
2016-02-11,0.6324999928474426
2016-02-12,0.6432499885559082
2016-02-16,0.6747499704360962
2016-02-17,0.6915000081062317
2016-02-18,0.7509999871253967
2016-02-19,0.7609999775886536
2016-02-22,0.7879999876022339
2016-02-23,0.7900000214576721
2016-02-24,0.7954999804496765
2016-02-25,0.797249972820282
2016-02-26,0.7919999957084656
2016-02-29,0.7839999794960022
2016-03-01,0.8187500238418579
2016-03-02,0.8234999775886536
2016-03-03,0.8162500262260437
2016-03-04,0.8137500286102295
2016-03-07,0.8084999918937683
2016-03-08,0.793749988079071
2016-03-09,0.7932500243186951
2016-03-10,0.7919999957084656
2016-03-11,0.8054999709129333
2016-03-14,0.8075000047683716
2016-03-15,0.8034999966621399
2016-03-16,0.8274999856948853
2016-03-17,0.8205000162124634
2016-03-18,0.8452500104904175
2016-03-21,0.8477500081062317
2016-03-22,0.8462499976158142
2016-03-23,0.8607500195503235
2016-03-24,0.8619999885559082
2016-03-28,0.8707500100135803
2016-03-29,0.8847500085830688
2016-03-30,0.8939999938011169
2016-03-31,0.890749990940094
2016-04-01,0.9037500023841858
2016-04-04,0.8949999809265137
2016-04-05,0.893750011920929
2016-04-06,0.8949999809265137
2016-04-07,0.8857499957084656
2016-04-08,0.8914999961853027
2016-04-11,0.8970000147819519
2016-04-12,0.8960000276565552
2016-04-13,0.9185000061988832
2016-04-14,0.9210000038146972
2016-04-15,0.928250014781952
2016-04-18,0.9242500066757202
2016-04-19,0.9077500104904176
2016-04-20,0.9112499952316284
2016-04-21,0.9102500081062316
2016-04-22,0.9067500233650208
2016-04-25,0.9112499952316284
2016-04-26,0.9120000004768372
2016-04-27,0.9327499866485596
2016-04-28,0.9049999713897704
2016-04-29,0.8882499933242798
2016-05-02,0.8999999761581421
2016-05-03,0.8892499804496765
2016-05-04,0.8690000176429749
2016-05-05,0.8742499947547913
2016-05-06,0.8832499980926514
2016-05-09,0.8820000290870667
2016-05-10,0.8989999890327454
2016-05-11,0.9014999866485596
2016-05-12,0.8892499804496765
2016-05-13,1.024500012397766
2016-05-16,1.0547499656677246
2016-05-17,1.0570000410079956
2016-05-18,1.0839999914169312
2016-05-19,1.0887500047683716
2016-05-20,1.1082500219345093
2016-05-23,1.1100000143051147
2016-05-24,1.133999943733215
2016-05-25,1.1292500495910645
2016-05-26,1.1412500143051147
2016-05-27,1.1475000381469729
2016-05-31,1.1679999828338623
2016-06-01,1.1702500581741333
2016-06-02,1.178500056266785
2016-06-03,1.1619999408721924
2016-06-06,1.156000018119812
2016-06-07,1.1582499742507937
2016-06-08,1.1545000076293943
2016-06-09,1.184499979019165
2016-06-10,1.1549999713897705
2016-06-13,1.1697499752044678
2016-06-14,1.1720000505447388
2016-06-15,1.184000015258789
2016-06-16,1.1887500286102295
2016-06-17,1.1679999828338623
2016-06-20,1.1890000104904177
2016-06-21,1.1817500591278076
2016-06-22,1.180750012397766
2016-06-23,1.212249994277954
2016-06-24,1.1432499885559082
2016-06-27,1.13100004196167
2016-06-28,1.1475000381469729
2016-06-29,1.1662499904632568
2016-06-30,1.1752500534057615
2016-07-01,1.1664999723434448
2016-07-05,1.183750033378601
2016-07-06,1.191249966621399
2016-07-07,1.222249984741211
2016-07-08,1.2712500095367432
2016-07-11,1.3005000352859497
2016-07-12,1.3200000524520874
2016-07-13,1.319499969482422
2016-07-14,1.3329999446868896
2016-07-15,1.3174999952316284
2016-07-18,1.3242499828338623
2016-07-19,1.3380000591278076
2016-07-20,1.3554999828338623
2016-07-21,1.3305000066757202
2016-07-22,1.3667500019073486
2016-07-25,1.3919999599456787
2016-07-26,1.4157500267028809
2016-07-27,1.4014999866485596
2016-07-28,1.4045000076293943
2016-07-29,1.4275000095367432
2016-08-01,1.4182499647140503
2016-08-02,1.4010000228881836
2016-08-03,1.4047499895095823
2016-08-04,1.430750012397766
2016-08-05,1.4550000429153442
2016-08-08,1.468500018119812
2016-08-09,1.472249984741211
2016-08-10,1.46274995803833
2016-08-11,1.4924999475479126
2016-08-12,1.5759999752044678
2016-08-15,1.5744999647140503
2016-08-16,1.565000057220459
2016-08-17,1.528749942779541
2016-08-18,1.5525000095367432
2016-08-19,1.55649995803833
2016-08-22,1.562999963760376
2016-08-23,1.5727499723434448
2016-08-24,1.5484999418258667
2016-08-25,1.538249969482422
2016-08-26,1.5507500171661377
2016-08-29,1.5497499704360962
2016-08-30,1.5407500267028809
2016-08-31,1.5334999561309814
2016-09-01,1.5787500143051147
2016-09-02,1.563249945640564
2016-09-06,1.5779999494552612
2016-09-07,1.5547499656677246
2016-09-08,1.565999984741211
2016-09-09,1.4880000352859497
2016-09-12,1.5187499523162842
2016-09-13,1.496749997138977
2016-09-14,1.5099999904632568
2016-09-15,1.5672500133514404
2016-09-16,1.5709999799728394
2016-09-19,1.5917500257492063
2016-09-20,1.5772500038146973
2016-09-21,1.621500015258789
2016-09-22,1.625499963760376
2016-09-23,1.6237499713897705
2016-09-26,1.6085000038146973
2016-09-27,1.66349995136261
2016-09-28,1.6694999933242798
2016-09-29,1.684999942779541
2016-09-30,1.7130000591278076
2016-10-03,1.7112499475479126
2016-10-04,1.7074999809265137
2016-10-05,1.7057499885559082
2016-10-06,1.683500051498413
2016-10-07,1.6712499856948853
2016-10-10,1.6775000095367432
2016-10-11,1.653249979019165
2016-10-12,1.6607500314712524
2016-10-13,1.6337499618530271
2016-10-14,1.649749994277954
2016-10-17,1.6402499675750732
2016-10-18,1.665249943733215
2016-10-19,1.6617499589920044
2016-10-20,1.6932499408721924
2016-10-21,1.6885000467300415
2016-10-24,1.7677500247955322
2016-10-25,1.7967499494552612
2016-10-26,1.8040000200271609
2016-10-27,1.7669999599456787
2016-10-28,1.7640000581741333
2016-10-31,1.7790000438690186
2016-11-01,1.7262500524520874
2016-11-02,1.718999981880188
2016-11-03,1.6990000009536743
2016-11-04,1.6892499923706057
2016-11-07,1.781749963760376
2016-11-08,1.7790000438690186
2016-11-09,1.7489999532699585
2016-11-10,1.694249987602234
2016-11-11,2.1992499828338623
2016-11-14,2.0910000801086426
2016-11-15,2.154750108718872
2016-11-16,2.290750026702881
2016-11-17,2.3097500801086426
2016-11-18,2.3340001106262207
2016-11-21,2.32450008392334
2016-11-22,2.341249942779541
2016-11-23,2.349250078201294
2016-11-25,2.3540000915527344
2016-11-28,2.352750062942505
2016-11-29,2.331249952316284
2016-11-30,2.305000066757202
2016-12-01,2.190999984741211
2016-12-02,2.211250066757202
2016-12-05,2.296999931335449
2016-12-06,2.334749937057495
2016-12-07,2.3767499923706055
2016-12-08,2.336999893188477
2016-12-09,2.2955000400543213
2016-12-12,2.2397499084472656
2016-12-13,2.279249906539917
2016-12-14,2.411250114440918
2016-12-15,2.467750072479248
2016-12-16,2.5102500915527344
2016-12-19,2.540750026702881
2016-12-20,2.6292500495910645
2016-12-21,2.645750045776367
2016-12-22,2.6777501106262207
2016-12-23,2.744499921798706
2016-12-27,2.933000087738037
2016-12-28,2.731250047683716
2016-12-29,2.785749912261963
2016-12-30,2.6684999465942383
2017-01-03,2.5502500534057617
2017-01-04,2.6097500324249268
2017-01-05,2.5434999465942383
2017-01-06,2.577500104904175
2017-01-09,2.681999921798706
2017-01-10,2.661750078201294
2017-01-11,2.628999948501587
2017-01-12,2.5859999656677246
2017-01-13,2.585750102996826
2017-01-17,2.527750015258789
2017-01-18,2.5737500190734863
2017-01-19,2.628999948501587
2017-01-20,2.600250005722046
2017-01-23,2.6272499561309814
2017-01-24,2.6832499504089355
2017-01-25,2.6947500705718994
2017-01-26,2.7412500381469727
2017-01-27,2.794250011444092
2017-01-30,2.750499963760376
2017-01-31,2.7295000553131104
2017-02-01,2.848750114440918
2017-02-02,2.8847498893737793
2017-02-03,2.859499931335449
2017-02-06,2.9327499866485596
2017-02-07,2.978250026702881
2017-02-08,2.965250015258789
2017-02-09,2.9094998836517334
2017-02-10,2.8405001163482666
2017-02-13,2.7095000743865967
2017-02-14,2.7195000648498535
2017-02-15,2.7249999046325684
2017-02-16,2.6812500953674316
2017-02-17,2.680749893188477
2017-02-21,2.776750087738037
2017-02-22,2.7690000534057617
2017-02-23,2.5122499465942383
2017-02-24,2.5364999771118164
2017-02-27,2.6102499961853027
2017-02-28,2.5369999408721924
2017-03-01,2.5697500705718994
2017-03-02,2.4749999046325684
2017-03-03,2.460750102996826
2017-03-06,2.4417500495910645
2017-03-07,2.4684998989105225
2017-03-08,2.4639999866485596
2017-03-09,2.4635000228881836
2017-03-10,2.4779999256134033
2017-03-13,2.546250104904175
2017-03-14,2.5445001125335693
2017-03-15,2.5637500286102295
2017-03-16,2.595249891281128
2017-03-17,2.651750087738037
2017-03-20,2.7362499237060547
2017-03-21,2.647749900817871
2017-03-22,2.7017500400543213
2017-03-23,2.6772499084472656
2017-03-24,2.6867499351501465
2017-03-27,2.706249952316284
2017-03-28,2.6922500133514404
2017-03-29,2.683500051498413
2017-03-30,2.734999895095825
2017-03-31,2.723249912261963
2017-04-03,2.7095000743865967
2017-04-04,2.5195000171661377
2017-04-05,2.5007500648498535
2017-04-06,2.5190000534057617
2017-04-07,2.5082499980926514
2017-04-10,2.444250106811523
2017-04-11,2.453000068664551
2017-04-12,2.4327499866485596
2017-04-13,2.3872499465942383
2017-04-17,2.48075008392334
2017-04-18,2.482249975204468
2017-04-19,2.492000102996826
2017-04-20,2.5315001010894775
2017-04-21,2.5420000553131104
2017-04-24,2.5737500190734863
2017-04-25,2.618499994277954
2017-04-26,2.600500106811523
2017-04-27,2.6410000324249268
2017-04-28,2.6075000762939453
2017-05-01,2.6659998893737793
2017-05-02,2.586999893188477
2017-05-03,2.606250047683716
2017-05-04,2.596250057220459
2017-05-05,2.5964999198913574
2017-05-08,2.569250106811523
2017-05-09,2.573499917984009
2017-05-10,3.032249927520752
2017-05-11,3.1624999046325684
2017-05-12,3.1972498893737793
2017-05-15,3.357749938964844
2017-05-16,3.420249938964844
2017-05-17,3.193000078201294
2017-05-18,3.3267500400543213
2017-05-19,3.4000000953674316
2017-05-22,3.4725000858306885
2017-05-23,3.4257500171661377
2017-05-24,3.464250087738037
2017-05-25,3.4565000534057617
2017-05-26,3.5460000038146973
2017-05-30,3.6217501163482666
2017-05-31,3.608750104904175
2017-06-01,3.6089999675750737
2017-06-02,3.5910000801086426
2017-06-05,3.7002499103546143
2017-06-06,3.683500051498413
2017-06-07,3.7279999256134033
2017-06-08,3.998500108718872
2017-06-09,3.740000009536743
2017-06-12,3.7492499351501465
2017-06-13,3.785000085830689
2017-06-14,3.7929999828338623
2017-06-15,3.8092501163482666
2017-06-16,3.7904999256134033
2017-06-19,3.933000087738037
2017-06-20,3.9272499084472656
2017-06-21,3.98674988746643
2017-06-22,3.959249973297119
2017-06-23,3.845750093460083
2017-06-26,3.8037500381469727
2017-06-27,3.6644999980926514
2017-06-28,3.793750047683716
2017-06-29,3.6670000553131104
2017-06-30,3.614000082015991
2017-07-03,3.4832499027252197
2017-07-05,3.5762500762939453
2017-07-06,3.586999893188477
2017-07-07,3.6689999103546143
2017-07-10,3.8424999713897705
2017-07-11,3.8970000743865967
2017-07-12,4.062749862670898
2017-07-13,4.015749931335449
2017-07-14,4.12375020980835
2017-07-17,4.106249809265137
2017-07-18,4.14900016784668
2017-07-19,4.127500057220459
2017-07-20,4.1875
2017-07-21,4.202499866485596
2017-07-24,4.153749942779541
2017-07-25,4.133749961853027
2017-07-26,4.18149995803833
2017-07-27,4.043499946594238
2017-07-28,4.109749794006348
2017-07-31,4.062749862670898
2017-08-01,4.112249851226807
2017-08-02,4.109749794006348
2017-08-03,4.1620001792907715
2017-08-04,4.18025016784668
2017-08-07,4.308750152587891
2017-08-08,4.257500171661377
2017-08-09,4.302750110626221
2017-08-10,4.118500232696533
2017-08-11,3.8989999294281006
2017-08-14,4.210000038146973
2017-08-15,4.174499988555908
2017-08-16,4.128749847412109
2017-08-17,4.036749839782715
2017-08-18,4.037499904632568
2017-08-21,3.978749990463257
2017-08-22,4.06374979019165
2017-08-23,4.144999980926514
2017-08-24,4.129749774932861
2017-08-25,4.095250129699707
2017-08-28,4.1242499351501465
2017-08-29,4.117499828338623
2017-08-30,4.142000198364258
2017-08-31,4.236000061035156
2017-09-01,4.261499881744385
2017-09-05,4.147749900817871
2017-09-06,4.145249843597412
2017-09-07,4.1645002365112305
2017-09-08,4.092249870300293
2017-09-11,4.224999904632568
2017-09-12,4.240250110626221
2017-09-13,4.259250164031982
2017-09-14,4.235000133514404
2017-09-15,4.502749919891357
2017-09-18,4.68874979019165
2017-09-19,4.683750152587891
2017-09-20,4.645999908447266
2017-09-21,4.519000053405762
2017-09-22,4.474999904632568
2017-09-25,4.275000095367432
2017-09-26,4.298999786376953
2017-09-27,4.393249988555908
2017-09-28,4.392000198364258
2017-09-29,4.469250202178955
2017-10-02,4.474999904632568
2017-10-03,4.484250068664551
2017-10-04,4.521749973297119
2017-10-05,4.51924991607666
2017-10-06,4.53249979019165
2017-10-09,4.634749889373779
2017-10-10,4.723249912261963
2017-10-11,4.773499965667725
2017-10-12,4.775750160217285
2017-10-13,4.864749908447266
2017-10-16,4.948249816894531
2017-10-17,4.943749904632568
2017-10-18,4.939499855041504
2017-10-19,4.945000171661377
2017-10-20,4.922500133514404
2017-10-23,4.915500164031982
2017-10-24,4.9670000076293945
2017-10-25,4.8414998054504395
2017-10-26,4.892250061035156
2017-10-27,5.046500205993652
2017-10-30,5.0960001945495605
2017-10-31,5.170249938964844
2017-11-01,5.179999828338623
2017-11-02,5.148499965667725
2017-11-03,5.217249870300293
2017-11-06,5.240749835968018
2017-11-07,5.300749778747559
2017-11-08,5.229000091552734
2017-11-09,5.132999897003174
2017-11-10,5.403500080108643
2017-11-13,5.3157501220703125
2017-11-14,5.354499816894531
2017-11-15,5.249499797821045
2017-11-16,5.290249824523926
2017-11-17,5.283999919891357
2017-11-20,5.3520002365112305
2017-11-21,5.401249885559082
2017-11-22,5.3732500076293945
2017-11-24,5.423999786376953
2017-11-27,5.353499889373779
2017-11-28,5.267749786376953
2017-11-29,4.9105000495910645
2017-11-30,5.017749786376953
2017-12-01,4.941999912261963
2017-12-04,4.666500091552734
2017-12-05,4.69350004196167
2017-12-06,4.731500148773193
2017-12-07,4.799749851226807
2017-12-08,4.78725004196167
2017-12-11,4.866499900817871
2017-12-12,4.770999908447266
2017-12-13,4.6545000076293945
2017-12-14,4.661749839782715
2017-12-15,4.789000034332275
2017-12-18,4.947500228881836
2017-12-19,4.902750015258789
2017-12-20,4.920000076293945
2017-12-21,4.897250175476074
2017-12-22,4.881750106811523
2017-12-26,4.935999870300293
2017-12-27,4.9292497634887695
2017-12-28,4.934999942779541
2017-12-29,4.837500095367432
2018-01-02,4.983749866485596
2018-01-03,5.3117499351501465
2018-01-04,5.339749813079834
2018-01-05,5.385000228881836
2018-01-08,5.550000190734863
2018-01-09,5.548500061035156
2018-01-10,5.5920000076293945
2018-01-11,5.6020002365112305
2018-01-12,5.57450008392334
2018-01-16,5.502749919891357
2018-01-17,5.618000030517578
2018-01-18,5.611000061035156
2018-01-19,5.752749919891357
2018-01-22,5.842249870300293
2018-01-23,5.972750186920166
2018-01-24,5.894999980926514
2018-01-25,5.908750057220459
2018-01-26,6.083250045776367
2018-01-29,6.171249866485596
2018-01-30,6.067999839782715
2018-01-31,6.144999980926514
2018-02-01,6.012499809265137
2018-02-02,5.8379998207092285
2018-02-05,5.34250020980835
2018-02-06,5.639500141143799
2018-02-07,5.71999979019165
2018-02-08,5.438000202178955
2018-02-09,5.802000045776367
2018-02-12,5.70074987411499
2018-02-13,5.8157501220703125
2018-02-14,6.0355000495910645
2018-02-15,6.162499904632568
2018-02-16,6.0960001945495605
2018-02-20,6.2270002365112305
2018-02-21,6.037749767303467
2018-02-22,6.053750038146973
2018-02-23,6.148250102996826
2018-02-26,6.1645002365112305
2018-02-27,6.151500225067139
2018-02-28,6.050000190734863
2018-03-01,5.80525016784668
2018-03-02,5.91349983215332
2018-03-05,5.891250133514404
2018-03-06,6.053999900817871
2018-03-07,6.046000003814697
2018-03-08,6.0295000076293945
2018-03-09,6.1332502365112305
2018-03-12,6.24399995803833
2018-03-13,6.192749977111816
2018-03-14,6.218500137329102
2018-03-15,6.233500003814697
2018-03-16,6.26200008392334
2018-03-19,6.025000095367432
2018-03-20,6.239500045776367
2018-03-21,6.214000225067139
2018-03-22,6.046249866485596
2018-03-23,5.824250221252441
2018-03-26,6.111999988555908
2018-03-27,5.638000011444092
2018-03-28,5.533750057220459
2018-03-29,5.789750099182129
2018-04-02,5.526249885559082
2018-04-03,5.633749961853027
2018-04-04,5.656000137329102
2018-04-05,5.5345001220703125
2018-04-06,5.356249809265137
2018-04-09,5.385250091552734
2018-04-10,5.697750091552734
2018-04-11,5.656000137329102
2018-04-12,5.864999771118164
2018-04-13,5.787499904632568
2018-04-16,5.78725004196167
2018-04-17,5.938499927520752
2018-04-18,5.909249782562256
2018-04-19,5.72599983215332
2018-04-20,5.717750072479248
2018-04-23,5.5970001220703125
2018-04-24,5.53000020980835
2018-04-25,5.416500091552734
2018-04-26,5.630499839782715
2018-04-27,5.658249855041504
2018-04-30,5.622499942779541
2018-05-01,5.678500175476074
2018-05-02,5.657750129699707
2018-05-03,5.824749946594238
2018-05-04,5.976500034332275
2018-05-07,6.2170000076293945
2018-05-08,6.260000228881836
2018-05-09,6.394499778747559
2018-05-10,6.5032501220703125
2018-05-11,6.363249778747559
2018-05-14,6.383999824523926
2018-05-15,6.138999938964844
2018-05-16,6.15024995803833
2018-05-17,6.192749977111816
2018-05-18,6.148499965667725
2018-05-21,6.105999946594238
2018-05-22,6.067500114440918
2018-05-23,6.188499927520752
2018-05-24,6.192249774932861
2018-05-25,6.23199987411499
2018-05-29,6.214749813079834
2018-05-30,6.324749946594238
2018-05-31,6.304749965667725
2018-06-01,6.440499782562256
2018-06-04,6.621250152587891
2018-06-05,6.6267499923706055
2018-06-06,6.628749847412109
2018-06-07,6.572500228881836
2018-06-08,6.557000160217285
2018-06-11,6.515500068664551
2018-06-12,6.564499855041504
2018-06-13,6.559999942779541
2018-06-14,6.672749996185303
2018-06-15,6.631499767303467
2018-06-18,6.6272501945495605
2018-06-19,6.5042500495910645
2018-06-20,6.557750225067139
2018-06-21,6.427750110626221
2018-06-22,6.273749828338623
2018-06-25,5.978000164031982
2018-06-26,6.049749851226807
2018-06-27,5.89300012588501
2018-06-28,6.021500110626221
2018-06-29,5.922500133514404
2018-07-02,6.056000232696533
2018-07-03,5.921000003814697
2018-07-05,6.0682501792907715
2018-07-06,6.1832499504089355
2018-07-09,6.231249809265137
2018-07-10,6.331250190734863
2018-07-11,6.1882500648498535
2018-07-12,6.280749797821045
2018-07-13,6.232999801635742
2018-07-16,6.204999923706055
2018-07-17,6.342249870300293
2018-07-18,6.292500019073486
2018-07-19,6.300749778747559
2018-07-20,6.272250175476074
2018-07-23,6.235249996185303
2018-07-24,6.217750072479248
2018-07-25,6.296750068664551
2018-07-26,6.370999813079834
2018-07-27,6.30049991607666
2018-07-30,6.103250026702881
2018-07-31,6.121500015258789
2018-08-01,6.161749839782715
2018-08-02,6.265500068664551
2018-08-03,6.302499771118164
2018-08-06,6.350749969482422
2018-08-07,6.423749923706055
2018-08-08,6.4604997634887695
2018-08-09,6.411499977111816
2018-08-10,6.369750022888184
2018-08-13,6.4029998779296875
2018-08-14,6.535749912261963
2018-08-15,6.4770002365112305
2018-08-16,6.435999870300293
2018-08-17,6.120500087738037
2018-08-20,6.196000099182129
2018-08-21,6.333000183105469
2018-08-22,6.570499897003174
2018-08-23,6.671000003814697
2018-08-24,6.805500030517578
2018-08-27,6.897500038146973
2018-08-28,6.859499931335449
2018-08-29,6.962250232696533
2018-08-30,6.945250034332275
2018-08-31,7.017000198364258
2018-09-04,7.09250020980835
2018-09-05,6.9604997634887695
2018-09-06,6.817999839782715
2018-09-07,6.796500205993652
2018-09-10,6.868249893188477
2018-09-11,6.820000171661377
2018-09-12,6.704999923706055
2018-09-13,6.7835001945495605
2018-09-14,6.910749912261963
2018-09-17,6.848249912261963
2018-09-18,6.7754998207092285
2018-09-19,6.799499988555908
2018-09-20,6.6570000648498535
2018-09-21,6.586249828338623
2018-09-24,6.642499923706055
2018-09-25,6.710249900817871
2018-09-26,6.672999858856201
2018-09-27,6.684999942779541
2018-09-28,7.0254998207092285
2018-10-01,7.234000205993652
2018-10-02,7.1620001792907715
2018-10-03,7.16825008392334
2018-10-04,6.982250213623047
2018-10-05,6.746500015258789
2018-10-08,6.64424991607666
2018-10-09,6.638500213623047
2018-10-10,6.142250061035156
2018-10-11,5.8782501220703125
2018-10-12,6.16349983215332
2018-10-15,5.884500026702881
2018-10-16,6.145750045776367
2018-10-17,6.076499938964844
2018-10-18,5.988249778747559
2018-10-19,5.729249954223633
2018-10-22,5.7804999351501465
2018-10-23,5.526500225067139
2018-10-24,4.985249996185303
2018-10-25,5.196000099182129
2018-10-26,4.957250118255615
2018-10-29,4.640500068664551
2018-10-30,5.074999809265137
2018-10-31,5.270750045776367
2018-11-01,5.452750205993652
2018-11-02,5.373000144958496
2018-11-05,5.294250011444092
2018-11-06,5.276500225067139
2018-11-07,5.344749927520752
2018-11-08,5.149750232696533
2018-11-09,5.141749858856201
2018-11-12,4.738500118255615
2018-11-13,4.982749938964844
2018-11-14,4.929749965667725
2018-11-15,5.059750080108643
2018-11-16,4.110750198364258
2018-11-19,3.617500066757202
2018-11-20,3.7269999980926514
2018-11-21,3.6177499294281006
2018-11-23,3.625
2018-11-26,3.8262500762939458
2018-11-27,3.843250036239624
2018-11-28,4.0017499923706055
2018-11-29,3.934000015258789
2018-11-30,4.085750102996826
2018-12-03,4.250999927520752
2018-12-04,3.9277501106262207
2018-12-06,3.9572501182556152
2018-12-07,3.6902499198913574
2018-12-10,3.7964999675750737
2018-12-11,3.704750061035156
2018-12-12,3.722500085830689
2018-12-13,3.722249984741211
2018-12-14,3.661250114440918
2018-12-17,3.5894999504089355
2018-12-18,3.673500061035156
2018-12-19,3.46274995803833
2018-12-20,3.377500057220459
2018-12-21,3.2392499446868896
2018-12-24,3.177000045776367
2018-12-26,3.327500104904175
2018-12-27,3.279249906539917
2018-12-28,3.341249942779541
2018-12-31,3.3375000953674316
2019-01-02,3.4054999351501465
2019-01-03,3.1997499465942383
2019-01-04,3.404750108718872
2019-01-07,3.5850000381469727
2019-01-08,3.4957499504089355
2019-01-09,3.564500093460083
2019-01-10,3.630749940872192
2019-01-11,3.720750093460083
2019-01-14,3.760999917984009
2019-01-15,3.7467501163482666
2019-01-16,3.7209999561309814
2019-01-17,3.7929999828338623
2019-01-18,3.9232499599456783
2019-01-22,3.719249963760376
2019-01-23,3.732249975204468
2019-01-24,3.946000099182129
2019-01-25,4.003749847412109
2019-01-28,3.4502499103546143
2019-01-29,3.2899999618530273
2019-01-30,3.4347500801086426
2019-01-31,3.59375
2019-02-01,3.618249893188477
2019-02-04,3.7295000553131104
2019-02-05,3.7487499713897705
2019-02-06,3.825000047683716
2019-02-07,3.685499906539917
2019-02-08,3.70425009727478
2019-02-11,3.661250114440918
2019-02-12,3.779249906539917
2019-02-13,3.822000026702881
2019-02-14,3.8632500171661377
2019-02-15,3.933500051498413
2019-02-19,3.9159998893737793
2019-02-20,3.963749885559082
2019-02-21,3.89424991607666
2019-02-22,3.979749917984009
2019-02-25,3.967250108718872
2019-02-26,3.927500009536743
2019-02-27,3.8852500915527344
2019-02-28,3.8564999103546143
2019-03-01,3.911250114440918
2019-03-04,3.91950011253357
2019-03-05,3.913000106811523
2019-03-06,3.8012499809265137
2019-03-07,3.7314999103546143
2019-03-08,3.7660000324249263
2019-03-11,4.028500080108643
2019-03-12,4.063000202178955
2019-03-13,4.2154998779296875
2019-03-14,4.138999938964844
2019-03-15,4.245250225067139
2019-03-18,4.223750114440918
2019-03-19,4.392749786376953
2019-03-20,4.360000133514404
2019-03-21,4.598499774932861
2019-03-22,4.4375
2019-03-25,4.3445000648498535
2019-03-26,4.421750068664551
2019-03-27,4.412499904632568
2019-03-28,4.431250095367432
2019-03-29,4.488999843597412
2019-04-01,4.557000160217285
2019-04-02,4.574999809265137
2019-04-03,4.7154998779296875
2019-04-04,4.706500053405762
2019-04-05,4.773749828338623
2019-04-08,4.794750213623047
2019-04-09,4.731500148773193
2019-04-10,4.802499771118164
2019-04-11,4.78849983215332
2019-04-12,4.750249862670898
2019-04-15,4.617499828338623
2019-04-16,4.705249786376953
2019-04-17,4.682250022888184
2019-04-18,4.65749979019165
2019-04-22,4.711750030517578
2019-04-23,4.766749858856201
2019-04-24,4.779250144958496
2019-04-25,4.672749996185303
2019-04-26,4.452250003814697
2019-04-29,4.483250141143799
2019-04-30,4.525000095367432
2019-05-01,4.511750221252441
2019-05-02,4.579750061035156
2019-05-03,4.575250148773193
2019-05-06,4.496250152587891
2019-05-07,4.327750205993652
2019-05-08,4.3480000495910645
2019-05-09,4.254749774932861
2019-05-10,4.2204999923706055
2019-05-13,3.961250066757202
2019-05-14,4.051000118255615
2019-05-15,3.989500045776367
2019-05-16,4.004749774932861
2019-05-17,3.913249969482422
2019-05-20,3.793750047683716
2019-05-21,3.876499891281128
2019-05-22,3.805000066757202
2019-05-23,3.683000087738037
2019-05-24,3.628750085830689
2019-05-28,3.583250045776367
2019-05-29,3.508500099182129
2019-05-30,3.477750062942505
2019-05-31,3.3864998817443848
2019-06-03,3.3445000648498535
2019-06-04,3.575000047683716
2019-06-05,3.5320000648498535
2019-06-06,3.5945000648498535
2019-06-07,3.637500047683716
2019-06-10,3.710750102996826
2019-06-11,3.768749952316284
2019-06-12,3.6549999713897705
2019-06-13,3.7065000534057617
2019-06-14,3.615999937057495
2019-06-17,3.6257500648498535
2019-06-18,3.822000026702881
2019-06-19,3.828000068664551
2019-06-20,3.8524999618530273
2019-06-21,3.7939999103546143
2019-06-24,3.816499948501587
2019-06-25,3.786999940872192
2019-06-26,3.9814999103546143
2019-06-27,4.080749988555908
2019-06-28,4.10575008392334
2019-07-01,4.154250144958496
2019-07-02,4.055749893188477
2019-07-03,4.068749904632568
2019-07-05,4.0057501792907715
2019-07-08,3.9302499294281006
2019-07-09,3.93274998664856
2019-07-10,4.001500129699707
2019-07-11,4.1570000648498535
2019-07-12,4.190249919891357
2019-07-15,4.1817498207092285
2019-07-16,4.177000045776367
2019-07-17,4.24275016784668
2019-07-18,4.254499912261963
2019-07-19,4.210999965667725
2019-07-22,4.2829999923706055
2019-07-23,4.391499996185303
2019-07-24,4.4664998054504395
2019-07-25,4.334499835968018
2019-07-26,4.3767499923706055
2019-07-29,4.370500087738037
2019-07-30,4.386250019073486
2019-07-31,4.2179999351501465
2019-08-01,4.123000144958496
2019-08-02,4.029749870300293
2019-08-05,3.7697501182556152
2019-08-06,3.808749914169311
2019-08-07,3.847249984741211
2019-08-08,3.9565000534057617
2019-08-09,3.8545000553131104
2019-08-12,3.786250114440918
2019-08-13,3.901249885559082
2019-08-14,3.7517499923706055
2019-08-15,3.719249963760376
2019-08-16,3.989000082015991
2019-08-19,4.269499778747559
2019-08-20,4.196750164031982
2019-08-21,4.280749797821045
2019-08-22,4.2870001792907715
2019-08-23,4.060999870300293
2019-08-26,4.136250019073486
2019-08-27,4.045000076293945
2019-08-28,4.0304999351501465
2019-08-29,4.175000190734863
2019-08-30,4.187749862670898
2019-09-03,4.104249954223633
2019-09-04,4.218999862670898
2019-09-05,4.493500232696533
2019-09-06,4.466249942779541
2019-09-09,4.512499809265137
2019-09-10,4.579500198364258
2019-09-11,4.608250141143799
2019-09-12,4.606750011444092
2019-09-13,4.548500061035156
2019-09-16,4.505249977111816
2019-09-17,4.526750087738037
2019-09-18,4.499499797821045
2019-09-19,4.423500061035156
2019-09-20,4.317249774932861
2019-09-23,4.370999813079834
2019-09-24,4.3132500648498535
2019-09-25,4.455749988555908
2019-09-26,4.433499813079834
2019-09-27,4.294000148773193
2019-09-30,4.351749897003174
2019-10-01,4.349999904632568
2019-10-02,4.326000213623047
2019-10-03,4.532750129699707
2019-10-04,4.54925012588501
2019-10-07,4.608250141143799
2019-10-08,4.430749893188477
2019-10-09,4.517749786376953
2019-10-10,4.57574987411499
2019-10-11,4.649750232696533
2019-10-14,4.663249969482422
2019-10-15,4.909249782562256
2019-10-16,4.855249881744385
2019-10-17,4.857250213623047
2019-10-18,4.762249946594238
2019-10-21,4.90024995803833
2019-10-22,4.890250205993652
2019-10-23,4.8772501945495605
2019-10-24,4.921500205993652
2019-10-25,5.113500118255615
2019-10-28,5.169750213623047
2019-10-29,5.072999954223633
2019-10-30,5.074999809265137
2019-10-31,5.0254998207092285
2019-11-01,5.0647501945495605
2019-11-04,5.262499809265137
2019-11-05,5.240250110626221
2019-11-06,5.1907501220703125
2019-11-07,5.208499908447266
2019-11-08,5.194499969482422
2019-11-11,5.204500198364258
2019-11-12,5.240250110626221
2019-11-13,5.214250087738037
2019-11-14,5.244750022888184
2019-11-15,5.104750156402588
2019-11-18,5.307000160217285
2019-11-19,5.199749946594238
2019-11-20,5.2795000076293945
2019-11-21,5.254499912261963
2019-11-22,5.272250175476074
2019-11-25,5.530250072479248
2019-11-26,5.425000190734863
2019-11-27,5.455999851226807
2019-11-29,5.418499946594238
2019-12-02,5.231249809265137
2019-12-03,5.191500186920166
2019-12-04,5.235499858856201
2019-12-05,5.218500137329102
2019-12-06,5.3042497634887695
2019-12-09,5.3042497634887695
2019-12-10,5.3495001792907715
2019-12-11,5.433499813079834
2019-12-12,5.601749897003174
2019-12-13,5.59975004196167
2019-12-16,5.628749847412109
2019-12-17,5.707250118255615
2019-12-18,5.737750053405762
2019-12-19,5.886499881744385
2019-12-20,5.984250068664551
2019-12-23,5.9704999923706055
2019-12-24,5.9654998779296875
2019-12-26,5.979750156402588
2019-12-27,5.921750068664551
2019-12-30,5.808000087738037
2019-12-31,5.882500171661377
2020-01-02,5.9977498054504395
2020-01-03,5.901750087738037
2020-01-06,5.926499843597412
2020-01-07,5.9982500076293945
2020-01-08,6.009500026702881
2020-01-09,6.075500011444092
2020-01-10,6.107999801635742
2020-01-13,6.299499988555908
2020-01-14,6.182000160217285
2020-01-15,6.139249801635742
2020-01-16,6.223249912261963
2020-01-17,6.23199987411499
2020-01-21,6.198500156402588
2020-01-22,6.252749919891357
2020-01-23,6.321499824523926
2020-01-24,6.26200008392334
2020-01-27,6.005000114440918
2020-01-28,6.199250221252441
2020-01-29,6.138500213623047
2020-01-30,6.145249843597412
2020-01-31,5.910749912261963
2020-02-03,6.0082502365112305
2020-02-04,6.178249835968018
2020-02-05,6.269000053405762
2020-02-06,6.356249809265137
2020-02-07,6.289750099182129
2020-02-10,6.574250221252441
2020-02-11,6.697249889373779
2020-02-12,6.813499927520752
2020-02-13,6.769499778747559
2020-02-14,7.244750022888184
2020-02-18,7.414249897003174
2020-02-19,7.867499828338623
2020-02-20,7.71750020980835
2020-02-21,7.351749897003174
2020-02-24,6.831999778747559
2020-02-25,6.551249980926514
2020-02-26,6.691249847412109
2020-02-27,6.315000057220459
2020-02-28,6.7517499923706055
2020-03-02,6.910749912261963
2020-03-03,6.647250175476074
2020-03-04,7.112750053405762
2020-03-05,6.832250118255615
2020-03-06,6.651000022888184
2020-03-09,6.136000156402588
2020-03-10,6.5269999504089355
2020-03-11,6.161749839782715
2020-03-12,5.407750129699707
2020-03-13,6.020999908447266
2020-03-16,4.909999847412109
2020-03-17,5.4317498207092285
2020-03-18,5.070499897003174
2020-03-19,5.324250221252441
2020-03-20,5.143750190734863
2020-03-23,5.317249774932861
2020-03-24,6.229499816894531
2020-03-25,6.140500068664551
2020-03-26,6.431000232696533
2020-03-27,6.3182501792907715
2020-03-30,6.639750003814697
2020-03-31,6.590000152587891
2020-04-01,6.076749801635742
2020-04-02,6.386750221252441
2020-04-03,6.097750186920166
2020-04-06,6.710000038146973
2020-04-07,6.475749969482422
2020-04-08,6.673749923706055
2020-04-09,6.573750019073486
2020-04-13,6.746250152587891
2020-04-14,7.098750114440918
2020-04-15,7.020999908447266
2020-04-16,7.367499828338623
2020-04-17,7.308000087738037
2020-04-20,7.176249980926514
2020-04-21,6.737750053405762
2020-04-22,7.153749942779541
2020-04-23,7.100249767303467
2020-04-24,7.239749908447266
2020-04-27,7.427000045776367
2020-04-28,7.283999919891357
2020-04-29,7.46150016784668
2020-04-30,7.307000160217285
2020-05-01,7.069499969482422
2020-05-04,7.282249927520752
2020-05-05,7.343500137329102
2020-05-06,7.44474983215332
2020-05-07,7.621749877929688
2020-05-08,7.8125
2020-05-11,8.065500259399414
2020-05-12,7.802499771118164
2020-05-13,7.78000020980835
2020-05-14,8.030500411987305
2020-05-15,8.490750312805176
2020-05-18,8.750249862670898
2020-05-19,8.805500030517578
2020-05-20,8.970000267028809
2020-05-21,8.775250434875488
2020-05-22,9.026249885559082
2020-05-26,8.71774959564209
2020-05-27,8.525250434875488
2020-05-28,8.487000465393066
2020-05-29,8.875499725341797
2020-06-01,8.806249618530273
2020-06-02,8.825249671936035
2020-06-03,8.769499778747559
2020-06-04,8.766500473022461
2020-06-05,8.920000076293945
2020-06-08,8.805000305175781
2020-06-09,9.04599952697754
2020-06-10,9.36674976348877
2020-06-11,8.796250343322754
2020-06-12,8.932499885559082
2020-06-15,9.173749923706056
2020-06-16,9.068499565124512
2020-06-17,9.236000061035156
2020-06-18,9.218000411987305
2020-06-19,9.261249542236328
2020-06-22,9.52674961090088
2020-06-23,9.449999809265137
2020-06-24,9.23550033569336
2020-06-25,9.489999771118164
2020-06-26,9.154999732971191
2020-06-29,9.199999809265137
2020-06-30,9.497750282287598
2020-07-01,9.529999732971191
2020-07-02,9.612250328063965
2020-07-06,9.83924961090088
2020-07-07,9.871749877929688
2020-07-08,10.215999603271484
2020-07-09,10.508999824523926
2020-07-10,10.479249954223633
2020-07-13,10.052249908447266
2020-07-14,10.376999855041504
2020-07-15,10.227250099182127
2020-07-16,10.134750366210938
2020-07-17,10.201499938964844
2020-07-20,10.510749816894531
2020-07-21,10.328499794006348
2020-07-22,10.438750267028809
2020-07-23,10.12975025177002
2020-07-24,10.194499969482422
2020-07-27,10.421500205993652
2020-07-28,10.215499877929688
2020-07-29,10.465499877929688
2020-07-30,10.61400032043457
2020-07-31,10.614749908447266
2020-08-03,11.010250091552734
2020-08-04,11.227749824523926
2020-08-05,11.286749839782717
2020-08-06,11.33549976348877
2020-08-07,11.19950008392334
2020-08-10,11.164999961853027
2020-08-11,10.850000381469728
2020-08-12,11.440250396728516
2020-08-13,11.442999839782717
2020-08-14,11.564000129699709
2020-08-17,12.336999893188477
2020-08-18,12.260749816894531
2020-08-19,12.138500213623049
2020-08-20,12.140999794006348
2020-08-21,12.683500289916992
2020-08-24,12.720250129699709
2020-08-25,12.75
2020-08-26,12.77299976348877
2020-08-27,12.628250122070312
2020-08-28,13.147749900817873
2020-08-31,13.374500274658203
2020-09-01,13.821000099182127
2020-09-02,14.346500396728516
2020-09-03,13.01550006866455
2020-09-04,12.6225004196167
2020-09-08,11.913000106811523
2020-09-09,12.71500015258789
2020-09-10,12.311750411987305
2020-09-11,12.16450023651123
2020-09-14,12.872249603271484
2020-09-15,12.991000175476074
2020-09-16,12.51449966430664
2020-09-17,12.463500022888184
2020-09-18,12.189249992370604
2020-09-21,12.517250061035156
2020-09-22,12.637749671936035
2020-09-23,12.123749732971191
2020-09-24,12.347999572753906
2020-09-25,12.873749732971191
2020-09-28,13.03499984741211
2020-09-29,13.225749969482422
2020-09-30,13.530500411987305
2020-10-01,13.614500045776367
2020-10-02,13.062250137329102
2020-10-05,13.642499923706056
2020-10-06,13.736499786376951
2020-10-07,13.96399974822998
2020-10-08,13.838749885559082
2020-10-09,13.762749671936035
2020-10-12,14.22599983215332
2020-10-13,14.248250007629396
2020-10-14,14.095250129699709
2020-10-15,13.970000267028809
2020-10-16,13.81149959564209
2020-10-19,13.497750282287598
2020-10-20,13.645500183105469
2020-10-21,13.524749755859377
2020-10-22,13.361000061035156
2020-10-23,13.590250015258787
2020-10-26,13.141249656677246
2020-10-27,13.396750450134276
2020-10-28,12.626999855041504
2020-10-29,13.02400016784668
2020-10-30,12.534000396728516
2020-11-02,12.580750465393066
2020-11-03,13.01949977874756
2020-11-04,13.794249534606934
2020-11-05,14.15999984741211
2020-11-06,14.562000274658203
2020-11-09,13.630749702453612
2020-11-10,12.770000457763672
2020-11-11,13.41800022125244
2020-11-12,13.45674991607666
2020-11-13,13.29699993133545
2020-11-16,13.515250205993652
2020-11-17,13.422249794006348
2020-11-18,13.428750038146973
2020-11-19,13.440250396728516
2020-11-20,13.087750434875488
2020-11-23,13.140000343322754
2020-11-24,12.95775032043457
2020-11-25,13.234749794006348
2020-11-27,13.261249542236328
2020-11-30,13.40149974822998
2020-12-01,13.390000343322754
2020-12-02,13.544500350952148
2020-12-03,13.395999908447266
2020-12-04,13.558250427246094
2020-12-07,13.606749534606934
2020-12-08,13.350000381469728
2020-12-09,12.930749893188477
2020-12-10,12.972249984741213
2020-12-11,13.013250350952148
2020-12-14,13.30875015258789
2020-12-15,13.36050033569336
2020-12-16,13.24250030517578
2020-12-17,13.3412504196167
2020-12-18,13.272000312805176
2020-12-21,13.332249641418455
2020-12-22,13.278249740600586
2020-12-23,13.009249687194824
2020-12-24,12.993749618530272
2020-12-28,12.899999618530272
2020-12-29,12.943249702453612
2020-12-30,13.145750045776367
2020-12-31,13.05500030517578
2021-01-04,13.113499641418455
2021-01-05,13.404749870300291
2021-01-06,12.614500045776367
2021-01-07,13.343999862670898
2021-01-08,13.27674961090088
2021-01-11,13.621500015258787
2021-01-12,13.484749794006348
2021-01-13,13.531749725341797
2021-01-14,13.200249671936035
2021-01-15,12.85949993133545
2021-01-19,13.025250434875488
2021-01-20,13.365750312805176
2021-01-21,13.86750030517578
2021-01-22,13.712499618530272
2021-01-25,13.653249740600586
2021-01-26,13.435250282287598
2021-01-27,12.917750358581545
2021-01-28,13.050999641418455
2021-01-29,12.989749908447266
2021-02-01,13.237000465393066
2021-02-02,13.556750297546388
2021-02-03,13.530500411987305
2021-02-04,13.664250373840332
2021-02-05,13.590999603271484
2021-02-08,14.438750267028809
2021-02-09,14.263250350952148
2021-02-10,14.764249801635742
2021-02-11,15.250749588012695
2021-02-12,14.96125030517578
2021-02-16,15.330249786376951
2021-02-17,14.906000137329102
2021-02-18,14.82900047302246
2021-02-19,14.92650032043457
2021-02-22,14.35575008392334
2021-02-23,14.142000198364258
2021-02-24,14.49899959564209
2021-02-25,13.307499885559082
2021-02-26,13.714500427246094
2021-03-01,13.841750144958496
2021-03-02,13.40625
2021-03-03,12.804750442504885
2021-03-04,12.37024974822998
2021-03-05,12.46150016784668
2021-03-08,11.593250274658203
2021-03-09,12.52025032043457
2021-03-10,12.468250274658203
2021-03-11,12.993499755859377
2021-03-12,12.855999946594238
2021-03-15,13.19124984741211
2021-03-16,13.291250228881836
2021-03-17,13.3412504196167
2021-03-18,12.72249984741211
2021-03-19,12.845749855041504
2021-03-22,13.186249732971191
2021-03-23,13.07075023651123
2021-03-24,12.642999649047852
2021-03-25,12.535249710083008
2021-03-26,12.83924961090088
2021-03-29,12.948249816894531
2021-03-30,12.871749877929688
2021-03-31,13.34825038909912
2021-04-01,13.811750411987305
2021-04-05,13.987500190734863
2021-04-06,13.861499786376951
2021-04-07,14.143500328063965
2021-04-08,14.31700038909912
2021-04-09,14.399999618530272
2021-04-12,15.208999633789062
2021-04-13,15.679499626159668
2021-04-14,15.277000427246094
2021-04-15,16.137250900268555
2021-04-16,15.912500381469728
2021-04-19,15.361749649047852
2021-04-20,15.171250343322754
2021-04-21,15.36050033569336
2021-04-22,14.850250244140623
2021-04-23,15.265250205993652
2021-04-26,15.477999687194824
2021-04-27,15.381750106811523
2021-04-28,15.27674961090088
2021-04-29,15.324749946594238
2021-04-30,15.009499549865724
2021-05-03,14.836750030517578
2021-05-04,14.35124969482422
2021-05-05,14.458499908447266
2021-05-06,14.52299976348877
2021-05-07,14.812250137329102
2021-05-10,14.26574993133545
2021-05-11,14.306249618530272
2021-05-12,13.758500099182127
2021-05-13,13.665249824523926
2021-05-14,14.243000030517578
2021-05-17,14.165499687194824
2021-05-18,14.01574993133545
2021-05-19,14.065750122070312
2021-05-20,14.612500190734863
2021-05-21,14.99174976348877
2021-05-24,15.612000465393066
2021-05-25,15.647749900817873
2021-05-26,15.699999809265137
2021-05-27,15.48799991607666
2021-05-28,16.24449920654297
2021-06-01,16.26449966430664
2021-06-02,16.778249740600586
2021-06-03,16.969749450683594
2021-06-04,17.578250885009766
2021-06-07,17.618999481201172
2021-06-08,17.457000732421875
2021-06-09,17.35824966430664
2021-06-10,17.424999237060547
2021-06-11,17.82525062561035
2021-06-14,18.018749237060547
2021-06-15,17.78849983215332
2021-06-16,17.81024932861328
2021-06-17,18.657249450683594
2021-06-18,18.638750076293945
2021-06-21,18.427249908447266
2021-06-22,18.886749267578125
2021-06-23,19.057249069213867
2021-06-24,19.20549964904785
2021-06-25,19.0310001373291
2021-06-28,19.98500061035156
2021-06-29,20.026750564575195
2021-06-30,20.002500534057617
2021-07-01,20.211999893188477
2021-07-02,20.48699951171875
2021-07-06,20.69849967956543
2021-07-07,20.371749877929688
2021-07-08,19.90275001525879
2021-07-09,20.050249099731445
2021-07-12,20.512500762939453
2021-07-13,20.25
2021-07-14,19.84149932861328
2021-07-15,18.966249465942383
2021-07-16,18.160999298095703
2021-07-19,18.77975082397461
2021-07-20,18.61199951171875
2021-07-21,19.40999984741211
2021-07-22,19.5939998626709
2021-07-23,19.558000564575195
2021-07-26,19.29400062561035
2021-07-27,19.20800018310547
2021-07-28,19.503000259399418
2021-07-29,19.66200065612793
2021-07-30,19.499000549316406
2021-08-02,19.75
2021-08-03,19.815000534057617
2021-08-04,20.27400016784668
2021-08-05,20.636999130249023
2021-08-06,20.36599922180176
2021-08-09,20.295000076293945
2021-08-10,19.93600082397461
2021-08-11,19.698999404907227
2021-08-12,19.905000686645508
2021-08-13,20.187999725341797
2021-08-16,19.950000762939453
2021-08-17,19.45800018310547
2021-08-18,19.040000915527344
2021-08-19,19.79800033569336
2021-08-20,20.81599998474121
2021-08-23,21.95800018310547
2021-08-24,21.792999267578125
2021-08-25,22.21299934387207
2021-08-26,22.06800079345703
2021-08-27,22.63599967956543
2021-08-30,22.687999725341797
2021-08-31,22.385000228881836
2021-09-01,22.44099998474121
2021-09-02,22.395999908447266
2021-09-03,22.843000411987305
2021-09-07,22.66200065612793
2021-09-08,22.339000701904297
2021-09-09,22.177000045776367
2021-09-10,22.47800064086914
2021-09-13,22.152000427246097
2021-09-14,22.242000579833984
2021-09-15,22.340999603271484
2021-09-16,22.242000579833984
2021-09-17,21.899999618530273
2021-09-20,21.113000869750977
2021-09-21,21.246000289916992
2021-09-22,21.94099998474121
2021-09-23,22.48200035095215
2021-09-24,22.08099937438965
2021-09-27,21.65999984741211
2021-09-28,20.698999404907227
2021-09-29,20.517000198364254
2021-09-30,20.715999603271484
2021-10-01,20.742000579833984
2021-10-04,19.73200035095215
2021-10-05,20.451000213623047
2021-10-06,20.700000762939453
2021-10-07,21.075000762939453
2021-10-08,20.83099937438965
2021-10-11,20.69499969482422
2021-10-12,20.67099952697754
2021-10-13,20.93899917602539
2021-10-14,21.746000289916992
2021-10-15,21.86199951171875
2021-10-18,22.222000122070312
2021-10-19,22.290000915527344
2021-10-20,22.10300064086914
2021-10-21,22.691999435424805
2021-10-22,22.72599983215332
2021-10-25,23.166000366210938
2021-10-26,24.71699905395508
2021-10-27,24.451000213623047
2021-10-28,24.94099998474121
2021-10-29,25.566999435424805
2021-11-01,25.82699966430664
2021-11-02,26.400999069213867
2021-11-03,26.597999572753903
2021-11-04,29.801000595092773
2021-11-05,29.75200080871582
2021-11-08,30.804000854492188
2021-11-09,30.656999588012695
2021-11-10,29.458999633789062
2021-11-11,30.38999938964844
2021-11-12,30.38999938964844
2021-11-15,30.024999618530273
2021-11-16,30.20299911499023
2021-11-17,29.26099967956543
2021-11-18,31.674999237060547
2021-11-19,32.98500061035156
2021-11-22,31.95599937438965
2021-11-23,31.746000289916992
2021-11-24,32.67399978637695
2021-11-26,31.503000259399418
2021-11-29,33.375999450683594
2021-11-30,32.67599868774414
2021-12-01,31.434999465942383
2021-12-02,32.125999450683594
2021-12-03,30.69300079345703
2021-12-06,30.03700065612793
2021-12-07,32.426998138427734
2021-12-08,31.826000213623047
2021-12-09,30.489999771118164
2021-12-10,30.197999954223633
2021-12-13,28.160999298095703
2021-12-14,28.336999893188477
2021-12-15,30.458999633789062
2021-12-16,28.386999130249023
2021-12-17,27.801000595092773
2021-12-20,27.7189998626709
2021-12-21,29.075000762939453
2021-12-22,29.399999618530273
2021-12-23,29.63999938964844
2021-12-27,30.94499969482422
2021-12-28,30.32200050354004
2021-12-29,30.000999450683594
2021-12-30,29.586000442504883
2021-12-31,29.410999298095703
2022-01-03,30.121000289916992
2022-01-04,29.290000915527344
2022-01-05,27.604000091552734
2022-01-06,28.17799949645996
2022-01-07,27.246999740600582
2022-01-10,27.399999618530273
2022-01-11,27.816999435424805
2022-01-12,27.999000549316406
2022-01-13,26.575000762939453
2022-01-14,26.941999435424805
2022-01-18,25.902999877929688
2022-01-19,25.066999435424805
2022-01-20,24.149999618530273
2022-01-21,23.374000549316406
2022-01-24,23.371999740600582
2022-01-25,22.323999404907227
2022-01-26,22.77199935913086
2022-01-27,21.944000244140625
2022-01-28,22.84000015258789
2022-01-31,24.486000061035156
2022-02-01,24.63800048828125
2022-02-02,25.242000579833984
2022-02-03,23.947999954223633
2022-02-04,24.319000244140625
2022-02-07,24.72800064086914
2022-02-08,25.107999801635746
2022-02-09,26.704999923706055
2022-02-10,25.823999404907227
2022-02-11,23.948999404907227
2022-02-14,24.267000198364254
2022-02-15,26.4950008392334
2022-02-16,26.51099967956543
2022-02-17,24.506999969482425
2022-02-18,23.642000198364254
2022-02-22,23.38999938964844
2022-02-23,22.386999130249023
2022-02-24,23.74799919128418
2022-02-25,24.156999588012695
2022-02-28,24.385000228881836
2022-03-01,23.47699928283691
2022-03-02,24.219999313354492
2022-03-03,23.714000701904297
2022-03-04,22.93600082397461
2022-03-07,21.35199928283691
2022-03-08,21.513999938964844
2022-03-09,23.013999938964844
2022-03-10,22.65800094604492
2022-03-11,22.100000381469727
2022-03-14,21.329999923706055
2022-03-15,22.972999572753903
2022-03-16,24.496000289916992
2022-03-17,24.766000747680664
2022-03-18,26.45299911499023
2022-03-21,26.733999252319336
2022-03-22,26.52400016784668
2022-03-23,25.63400077819824
2022-03-24,28.149999618530273
2022-03-25,27.691999435424805
2022-03-28,28.2189998626709
2022-03-29,28.6560001373291
2022-03-30,27.690000534057617
2022-03-31,27.285999298095703
2022-04-01,26.711999893188477
2022-04-04,27.36000061035156
2022-04-05,25.930999755859375
2022-04-06,24.406999588012695
2022-04-07,24.20800018310547
2022-04-08,23.118999481201172
2022-04-11,21.91699981689453
2022-04-12,21.503999710083008
2022-04-13,22.20299911499023
2022-04-14,21.257999420166016
2022-04-18,21.78300094604492
2022-04-19,22.197999954223633
2022-04-20,21.48200035095215
2022-04-21,20.183000564575195
2022-04-22,19.51499938964844
2022-04-25,19.902000427246097
2022-04-26,18.788000106811523
2022-04-27,18.415000915527344
2022-04-28,19.781999588012695
2022-04-29,18.54700088500977
2022-05-02,19.53300094604492
2022-05-03,19.60199928283691
2022-05-04,20.333999633789062
2022-05-05,18.8439998626709
2022-05-06,18.674999237060547
2022-05-09,16.950000762939453
2022-05-10,17.594999313354492
2022-05-11,16.6299991607666
2022-05-12,16.174999237060547
2022-05-13,17.70599937438965
2022-05-16,17.263999938964844
2022-05-17,18.177000045776367
2022-05-18,16.937999725341797
2022-05-19,17.124000549316406
2022-05-20,16.694000244140625
2022-05-23,16.898000717163086
2022-05-24,16.15399932861328
2022-05-25,16.975000381469727
2022-05-26,17.85099983215332
2022-05-27,18.81100082397461
2022-05-31,18.67200088500977
2022-06-01,18.31999969482422
2022-06-02,19.59199905395508
2022-06-03,18.719999313354492
2022-06-06,18.785999298095703
2022-06-07,18.926000595092773
2022-06-08,18.64800071716309
2022-06-09,18.04800033569336
2022-06-10,16.974000930786133
2022-06-13,15.647000312805176
2022-06-14,15.836000442504885
2022-06-15,16.527000427246094
2022-06-16,15.60099983215332
2022-06-17,15.880000114440918
2022-06-21,16.56599998474121
2022-06-22,16.360000610351562
2022-06-23,16.225000381469727
2022-06-24,17.125999450683594
2022-06-27,16.868999481201172
2022-06-28,15.982000350952148
2022-06-29,15.541999816894531
2022-06-30,15.159000396728516
2022-07-01,14.52299976348877
2022-07-05,14.96399974822998
2022-07-06,15.130000114440918
2022-07-07,15.857999801635742
2022-07-08,15.838000297546388
2022-07-11,15.152000427246094
2022-07-12,15.08199977874756
2022-07-13,15.163999557495115
2022-07-14,15.371999740600586
2022-07-15,15.76200008392334
2022-07-18,16.10099983215332
2022-07-19,16.992000579833984
2022-07-20,17.80699920654297
2022-07-21,18.049999237060547
2022-07-22,17.319000244140625
2022-07-25,17.02400016784668
2022-07-26,16.533000946044922
2022-07-27,17.790000915527344
2022-07-28,17.983999252319336
2022-07-29,18.163000106811523
2022-08-01,18.44099998474121
2022-08-02,18.525999069213867
2022-08-03,18.89299964904785
2022-08-04,19.21500015258789
2022-08-05,18.98900032043457
2022-08-08,17.792999267578125
2022-08-09,17.086000442504883
2022-08-10,18.097000122070312
2022-08-11,17.941999435424805
2022-08-12,18.708999633789062
2022-08-15,19.031999588012695
2022-08-16,18.878999710083008
2022-08-17,18.334999084472656
2022-08-18,18.77300071716309
2022-08-19,17.849000930786133
2022-08-22,17.034000396728516
2022-08-23,17.180999755859375
2022-08-24,17.222000122070312
2022-08-25,17.913000106811523
2022-08-26,16.260000228881836
2022-08-29,15.800999641418455
2022-08-30,15.468000411987305
2022-08-31,15.093999862670898
2022-09-01,13.937000274658203
2022-09-02,13.647000312805176
2022-09-06,13.46500015258789
2022-09-07,13.71399974822998
2022-09-08,13.989999771118164
2022-09-09,14.38700008392334
2022-09-12,14.505000114440918
2022-09-13,13.130999565124512
2022-09-14,13.128000259399414
2022-09-15,12.928999900817873
2022-09-16,13.197999954223633
2022-09-19,13.381999969482422
2022-09-20,13.175999641418455
2022-09-21,13.26099967956543
2022-09-22,12.560999870300291
2022-09-23,12.515999794006348
2022-09-26,12.227999687194824
2022-09-27,12.413000106811523
2022-09-28,12.736000061035156
2022-09-29,12.220000267028809
2022-09-30,12.138999938964844
2022-10-03,12.51200008392334
2022-10-04,13.166999816894531
2022-10-05,13.208999633789062
2022-10-06,13.130000114440918
2022-10-07,12.076000213623049
2022-10-10,11.670000076293944
2022-10-11,11.586000442504885
2022-10-12,11.5
2022-10-13,11.960000038146973
2022-10-14,11.22700023651123
2022-10-17,11.887999534606934
2022-10-18,11.967000007629396
2022-10-19,12.050999641418455
2022-10-20,12.194000244140623
2022-10-21,12.465999603271484
2022-10-24,12.598999977111816
2022-10-25,13.26099967956543
2022-10-26,12.895999908447266
2022-10-27,13.175999641418455
2022-10-28,13.833999633789062
2022-10-31,13.496999740600586
2022-11-01,13.54300022125244
2022-11-02,13.218999862670898
2022-11-03,13.42099952697754
2022-11-04,14.156000137329102
2022-11-07,14.300999641418455
2022-11-08,14.60200023651123
2022-11-09,13.776000022888184
2022-11-10,15.75
2022-11-11,16.32699966430664
2022-11-14,16.295000076293945
2022-11-15,16.666000366210938
2022-11-16,15.90999984741211
2022-11-17,15.677000045776367
2022-11-18,15.409000396728516
2022-11-21,15.31700038909912
2022-11-22,16.038000106811523
2022-11-23,16.518999099731445
2022-11-25,16.270000457763672
2022-11-28,15.82699966430664
2022-11-29,15.638999938964844
2022-11-30,16.92300033569336
2022-12-01,17.135000228881836
2022-12-02,16.875999450683594
2022-12-05,16.610000610351562
2022-12-06,15.987000465393066
2022-12-07,16.1200008392334
2022-12-08,17.16900062561035
2022-12-09,17.000999450683594
2022-12-12,17.53499984741211
2022-12-13,18.07200050354004
2022-12-14,17.673999786376953
2022-12-15,16.95199966430664
2022-12-16,16.570999145507812
2022-12-19,16.253999710083008
2022-12-20,16.084999084472656
2022-12-21,16.500999450683594
2022-12-22,15.33899974822998
2022-12-23,15.206000328063965
2022-12-27,14.121000289916992
2022-12-28,14.03600025177002
2022-12-29,14.602999687194824
2022-12-30,14.61400032043457
2023-01-03,14.3149995803833
2023-01-04,14.74899959564209
2023-01-05,14.265000343322754
2023-01-06,14.859000205993652
2023-01-09,15.628000259399414
2023-01-10,15.909000396728516
2023-01-11,16.000999450683594
2023-01-12,16.51099967956543
2023-01-13,16.89900016784668
2023-01-17,17.70199966430664
2023-01-18,17.37700080871582
2023-01-19,16.764999389648438
2023-01-20,17.839000701904297
2023-01-23,19.19300079345703
2023-01-24,19.26499938964844
2023-01-25,19.322999954223633
2023-01-26,19.802000045776367
2023-01-27,20.364999771118164
2023-01-30,19.16200065612793
2023-01-31,19.53700065612793
2023-02-01,20.94300079345703
2023-02-02,21.708999633789062
2023-02-03,21.100000381469727
2023-02-06,21.089000701904297
2023-02-07,22.17300033569336
2023-02-08,22.204999923706055
2023-02-09,22.336999893188477
2023-02-10,21.26499938964844
2023-02-13,21.788000106811523
2023-02-14,22.97100067138672
2023-02-15,22.763999938964844
2023-02-16,22.00200080871582
2023-02-17,21.38800048828125
2023-02-21,20.655000686645508
2023-02-22,20.753999710083008
2023-02-23,23.663999557495117
2023-02-24,23.285999298095703
2023-02-27,23.500999450683594
2023-02-28,23.215999603271484
2023-03-01,22.697999954223633
2023-03-02,23.31399917602539
2023-03-03,23.88999938964844
2023-03-06,23.554000854492188
2023-03-07,23.288000106811523
2023-03-08,24.180999755859375
2023-03-09,23.43600082397461
2023-03-10,22.96500015258789
2023-03-13,22.965999603271484
2023-03-14,24.062999725341797
2023-03-15,24.22800064086914
2023-03-16,25.541000366210938
2023-03-17,25.725000381469727
2023-03-20,25.899999618530273
2023-03-21,26.198999404907227
2023-03-22,26.468000411987305
2023-03-23,27.19099998474121
2023-03-24,26.77899932861328
2023-03-27,26.5310001373291
2023-03-28,26.40999984741211
2023-03-29,26.983999252319336
2023-03-30,27.382999420166016
2023-03-31,27.777000427246097
2023-04-03,27.96500015258789
2023-04-04,27.45299911499023
2023-04-05,26.881000518798828
2023-04-06,27.03700065612793
2023-04-10,27.57900047302246
2023-04-11,27.16900062561035
2023-04-12,26.4950008392334
2023-04-13,26.46299934387207
2023-04-14,26.757999420166016
2023-04-17,27.00200080871582
2023-04-18,27.66699981689453
2023-04-19,27.930999755859375
2023-04-20,27.104000091552734
2023-04-21,27.118999481201172
2023-04-24,27.04199981689453
2023-04-25,26.24099922180176
2023-04-26,26.95599937438965
2023-04-27,27.22599983215332
2023-04-28,27.749000549316406
2023-05-01,28.90999984741211
2023-05-02,28.209999084472656
2023-05-03,27.802000045776367
2023-05-04,27.562000274658203
2023-05-05,28.68000030517578
2023-05-08,29.150999069213867
2023-05-09,28.570999145507812
2023-05-10,28.885000228881836
2023-05-11,28.57799911499023
2023-05-12,28.34000015258789
2023-05-15,28.95299911499023
2023-05-16,29.21299934387207
2023-05-17,30.17799949645996
2023-05-18,31.67799949645996
2023-05-19,31.263999938964844
2023-05-22,31.176000595092773
2023-05-23,30.687999725341797
2023-05-24,30.538000106811523
2023-05-25,37.97999954223633
2023-05-26,38.94599914550781
2023-05-30,40.11100006103515
2023-05-31,37.83399963378906
2023-06-01,39.77000045776367
2023-06-02,39.32699966430664
2023-06-05,39.17100143432617
2023-06-06,38.65399932861328
2023-06-07,37.474998474121094
2023-06-08,38.5099983215332
2023-06-09,38.77000045776367
2023-06-12,39.48199844360352
2023-06-13,41.02199935913086
2023-06-14,42.99700164794922
2023-06-15,42.65299987792969
2023-06-16,42.69200134277344
2023-06-20,43.80799865722656
2023-06-21,43.04499816894531
2023-06-22,43.025001525878906
2023-06-23,42.20899963378906
2023-06-26,40.63199996948242
2023-06-27,41.875999450683594
2023-06-28,41.117000579833984
2023-06-29,40.821998596191406
2023-06-30,42.301998138427734
2023-07-03,42.41299819946289
2023-07-05,42.31700134277344
2023-07-06,42.10300064086914
2023-07-07,42.50299835205078
2023-07-10,42.18000030517578
2023-07-11,42.404998779296875
2023-07-12,43.902000427246094
2023-07-13,45.97700119018555
2023-07-14,45.46900177001953
2023-07-17,46.46099853515625
2023-07-18,47.49399948120117
2023-07-19,47.07699966430664
2023-07-20,45.52000045776367
2023-07-21,44.30899810791016
2023-07-24,44.61199951171875
2023-07-25,45.67900085449219
2023-07-26,45.45199966430664
2023-07-27,45.900001525878906
2023-07-28,46.75
2023-07-31,46.729000091552734
2023-08-01,46.50699996948242
2023-08-02,44.26900100708008
2023-08-03,44.51499938964844
2023-08-04,44.68000030517578
2023-08-07,45.41699981689453
2023-08-08,44.66400146484375
2023-08-09,42.55400085449219
2023-08-10,42.38800048828125
2023-08-11,40.85499954223633
2023-08-14,43.75299835205078
2023-08-15,43.939998626708984
2023-08-16,43.48600006103515
2023-08-17,43.34400177001953
2023-08-18,43.29899978637695
2023-08-21,46.96699905395508
2023-08-22,45.667999267578125
2023-08-23,47.11600112915039
2023-08-24,47.16299819946289
2023-08-25,46.01800155639648
2023-08-28,46.834999084472656
2023-08-29,48.78400039672851
2023-08-30,49.26399993896485
2023-08-31,49.35499954223633
2023-09-01,48.50899887084961
2023-09-05,48.54800033569336
2023-09-06,47.06100082397461
2023-09-07,46.24100112915039
2023-09-08,45.571998596191406
2023-09-11,45.178001403808594
2023-09-12,44.869998931884766
2023-09-13,45.48500061035156
2023-09-14,45.58100128173828
2023-09-15,43.900001525878906
2023-09-18,43.96599960327149
2023-09-19,43.52000045776367
2023-09-20,42.23899841308594
2023-09-21,41.016998291015625
2023-09-22,41.61000061035156
2023-09-25,42.22200012207031
2023-09-26,41.9109992980957
2023-09-27,42.46799850463867
2023-09-28,43.0890007019043
2023-09-29,43.499000549316406
2023-10-02,44.78200149536133
2023-10-03,43.516998291015625
2023-10-04,44.04100036621094
2023-10-05,44.6879997253418
2023-10-06,45.762001037597656
2023-10-09,45.27299880981445
2023-10-10,45.79800033569336
2023-10-11,46.805999755859375
2023-10-12,46.94499969482422
2023-10-13,45.46099853515625
2023-10-16,46.095001220703125
2023-10-17,43.9379997253418
2023-10-18,42.19599914550781
2023-10-19,42.10100173950195
2023-10-20,41.387001037597656
2023-10-23,42.974998474121094
2023-10-24,43.66299819946289
2023-10-25,41.77899932861328
2023-10-26,40.32600021362305
2023-10-27,40.5
2023-10-30,41.1609992980957
2023-10-31,40.779998779296875
2023-11-01,42.32500076293945
2023-11-02,43.50600051879883
2023-11-03,45.005001068115234
2023-11-06,45.750999450683594
2023-11-07,45.95500183105469
2023-11-08,46.57400131225586
2023-11-09,46.95000076293945
2023-11-10,48.334999084472656
2023-11-13,48.619998931884766
2023-11-14,49.65599822998047
2023-11-15,48.88800048828125
2023-11-16,49.47999954223633
2023-11-17,49.29800033569336
2023-11-20,50.40900039672851
2023-11-21,49.944000244140625
2023-11-22,48.71599960327149
2023-11-24,47.7760009765625
2023-11-27,48.242000579833984
2023-11-28,47.82099914550781
2023-11-29,48.13999938964844
2023-11-30,46.77000045776367
2023-12-01,46.76499938964844
2023-12-04,45.5099983215332
2023-12-05,46.56600189208984
2023-12-06,45.50299835205078
2023-12-07,46.59600067138672
2023-12-08,47.50600051879883
2023-12-11,46.62699890136719
2023-12-12,47.65700149536133
2023-12-13,48.0880012512207
2023-12-14,48.349998474121094
2023-12-15,48.88999938964844
2023-12-18,50.07699966430664
2023-12-19,49.604000091552734
2023-12-20,48.11100006103515
2023-12-21,48.9900016784668
2023-12-22,48.83000183105469
2023-12-26,49.27899932861328
2023-12-27,49.41699981689453
2023-12-28,49.52199935913086
2023-12-29,49.52199935913086
2024-01-02,48.167999267578125
2024-01-03,47.569000244140625
2024-01-04,47.99800109863281
2024-01-05,49.09700012207031
2024-01-08,52.25299835205078
2024-01-09,53.13999938964844
2024-01-10,54.349998474121094
2024-01-11,54.821998596191406
2024-01-12,54.709999084472656
2024-01-16,56.38199996948242
2024-01-17,56.053001403808594
2024-01-18,57.10699844360352
2024-01-19,59.49100112915039
2024-01-22,59.65399932861328
2024-01-23,59.87300109863281
2024-01-24,61.36199951171875
2024-01-25,61.617000579833984
2024-01-26,61.03099822998047
2024-01-29,62.46500015258789
2024-01-30,62.77399826049805
2024-01-31,61.527000427246094
2024-02-01,63.027000427246094
2024-02-02,66.16000366210938
2024-02-05,69.33200073242188
2024-02-06,68.2229995727539
2024-02-07,70.0989990234375
2024-02-08,69.64099884033203
2024-02-09,72.13300323486328
2024-02-12,72.24800109863281
2024-02-13,72.12799835205078
2024-02-14,73.9000015258789
2024-02-15,72.65799713134766
2024-02-16,72.61299896240234
2024-02-20,69.4520034790039
2024-02-21,67.47200012207031
2024-02-22,78.53800201416016
2024-02-23,78.81700134277344
2024-02-26,79.09200286865234
2024-02-27,78.70099639892578
2024-02-28,77.66300201416016
2024-02-29,79.11199951171875
2024-03-01,82.27899932861328
2024-03-04,85.23699951171875
2024-03-05,85.96399688720703
2024-03-06,88.69999694824219
2024-03-07,92.66899871826172
2024-03-08,87.52799987792969
2024-03-11,85.77400207519531
2024-03-12,91.91300201416016
2024-03-13,90.88800048828124
2024-03-14,87.94400024414062
2024-03-15,87.83699798583984
2024-03-18,88.45500183105469
2024-03-19,89.39800262451172
2024-03-20,90.37200164794922
2024-03-21,91.43499755859376
2024-03-22,94.28900146484376
2024-03-25,95.0019989013672
2024-03-26,92.56099700927734
2024-03-27,90.25
2024-03-28,90.3560028076172
2024-04-01,90.36299896240234
2024-04-02,89.4520034790039
2024-04-03,88.96399688720703
2024-04-04,85.90499877929688
2024-04-05,88.00800323486328
2024-04-08,87.13300323486328
2024-04-09,85.35399627685547
2024-04-10,87.03900146484375
2024-04-11,90.61599731445312
2024-04-12,88.18599700927734
2024-04-15,86.0009994506836
2024-04-16,87.41500091552734
2024-04-17,84.03500366210938
2024-04-18,84.6709976196289
2024-04-19,76.19999694824219
2024-04-22,79.51799774169922
2024-04-23,82.4229965209961
2024-04-24,79.677001953125
2024-04-25,82.63200378417969
2024-04-26,87.73500061035156
2024-04-29,87.75700378417969
2024-04-30,86.4020004272461
2024-05-01,83.04100036621094
2024-05-02,85.81700134277344
2024-05-03,88.78900146484375
2024-05-06,92.13999938964844
2024-05-07,90.5540008544922
2024-05-08,90.41200256347656
2024-05-09,88.74700164794922
2024-05-10,89.87799835205078
2024-05-13,90.39900207519533
2024-05-14,91.3560028076172
2024-05-15,94.62999725341795
2024-05-16,94.35900115966795
2024-05-17,92.47899627685548
2024-05-20,94.77999877929688
2024-05-21,95.38600158691406
2024-05-22,94.9499969482422
2024-05-23,103.79900360107422
2024-05-24,106.46900177001952
2024-05-28,113.9010009765625
2024-05-29,114.8249969482422
2024-05-30,110.5
2024-05-31,109.63300323486328
2024-06-03,115.0
2024-06-04,116.43699645996094
2024-06-05,122.44000244140624
2024-06-06,120.9980010986328
2024-06-07,120.88800048828124
2024-06-10,121.79000091552734
2024-06-11,120.91000366210938
2024-06-12,125.1999969482422
2024-06-13,129.61000061035156
2024-06-14,131.8800048828125
2024-06-17,130.97999572753906
2024-06-18,135.5800018310547
2024-06-20,130.77999877929688
2024-06-21,126.56999969482422
2024-06-24,118.11000061035156
2024-06-25,126.08999633789062
2024-06-26,126.4000015258789
2024-06-27,123.98999786376952
2024-06-28,123.54000091552734
