Date,TSLA_Close
2014-06-30,16.003999710083008
2014-07-01,15.981332778930664
2014-07-02,15.295332908630373
2014-07-03,15.283332824707031
2014-07-07,14.843999862670898
2014-07-08,14.604666709899902
2014-07-09,14.870667457580566
2014-07-10,14.630666732788086
2014-07-11,14.541999816894531
2014-07-14,15.113332748413086
2014-07-15,14.638667106628418
2014-07-16,14.477333068847656
2014-07-17,14.359999656677246
2014-07-18,14.66800022125244
2014-07-21,14.702667236328123
2014-07-22,14.638667106628418
2014-07-23,14.832667350769045
2014-07-24,14.902667045593262
2014-07-25,14.904666900634766
2014-07-28,14.98799991607666
2014-07-29,15.000666618347168
2014-07-30,15.261333465576172
2014-07-31,14.886667251586914
2014-08-01,15.5513334274292
2014-08-04,15.90133285522461
2014-08-05,15.899333000183104
2014-08-06,16.595333099365234
2014-08-07,16.826000213623047
2014-08-08,16.54199981689453
2014-08-11,17.288000106811523
2014-08-12,17.33066749572754
2014-08-13,17.354000091552734
2014-08-14,17.42533302307129
2014-08-15,17.46733283996582
2014-08-18,17.32933235168457
2014-08-19,17.117332458496094
2014-08-20,17.047332763671875
2014-08-21,16.95599937438965
2014-08-22,17.118667602539062
2014-08-25,17.503332138061523
2014-08-26,17.44933319091797
2014-08-27,17.549999237060547
2014-08-28,17.590667724609375
2014-08-29,17.979999542236328
2014-09-02,18.941333770751953
2014-09-03,18.746000289916992
2014-09-04,19.069332122802734
2014-09-05,18.492666244506836
2014-09-08,18.80733299255371
2014-09-09,18.565332412719727
2014-09-10,18.739999771118164
2014-09-11,18.687332153320312
2014-09-12,18.61333274841309
2014-09-15,16.923999786376953
2014-09-16,17.382667541503906
2014-09-17,17.42533302307129
2014-09-18,17.58799934387207
2014-09-19,17.288000106811523
2014-09-22,16.66866683959961
2014-09-23,16.694000244140625
2014-09-24,16.80933380126953
2014-09-25,16.463333129882812
2014-09-26,16.440000534057617
2014-09-29,16.35066795349121
2014-09-30,16.178667068481445
2014-10-01,16.016000747680664
2014-10-02,16.761333465576172
2014-10-03,17.013999938964844
2014-10-06,17.374666213989258
2014-10-07,17.30466651916504
2014-10-08,17.28533363342285
2014-10-09,17.134000778198242
2014-10-10,15.793999671936035
2014-10-13,14.97266674041748
2014-10-14,15.137332916259766
2014-10-15,15.313332557678224
2014-10-16,15.09000015258789
2014-10-17,15.165332794189451
2014-10-20,15.364666938781738
2014-10-21,15.689332962036133
2014-10-22,15.40666675567627
2014-10-23,15.685999870300291
2014-10-24,15.682666778564451
2014-10-27,14.777999877929688
2014-10-28,16.184667587280273
2014-10-29,15.873332977294922
2014-10-30,15.910667419433594
2014-10-31,16.113332748413086
2014-11-03,16.172666549682617
2014-11-04,15.928667068481444
2014-11-05,15.39799976348877
2014-11-06,16.08133316040039
2014-11-07,16.01333236694336
2014-11-10,16.1286678314209
2014-11-11,16.738666534423828
2014-11-12,16.606666564941406
2014-11-13,16.780000686645508
2014-11-14,17.245332717895508
2014-11-17,16.93199920654297
2014-11-18,17.18000030517578
2014-11-19,16.516000747680664
2014-11-20,16.58066749572754
2014-11-21,16.185333251953125
2014-11-24,16.447999954223633
2014-11-25,16.53933334350586
2014-11-26,16.562667846679688
2014-11-28,16.301332473754883
2014-12-01,15.442667007446287
2014-12-02,15.428667068481444
2014-12-03,15.286666870117188
2014-12-04,15.218667030334473
2014-12-05,14.913999557495115
2014-12-08,14.290666580200195
2014-12-09,14.459333419799805
2014-12-10,13.989333152770996
2014-12-11,13.925333023071287
2014-12-12,13.800000190734863
2014-12-15,13.602666854858398
2014-12-16,13.187333106994627
2014-12-17,13.721332550048828
2014-12-18,14.550666809082031
2014-12-19,14.619333267211914
2014-12-22,14.84000015258789
2014-12-23,14.731332778930664
2014-12-24,14.817333221435549
2014-12-26,15.187999725341797
2014-12-29,15.047332763671877
2014-12-30,14.815333366394045
2014-12-31,14.827333450317385
2015-01-02,14.620667457580566
2015-01-05,14.005999565124512
2015-01-06,14.085332870483398
2015-01-07,14.063332557678224
2015-01-08,14.041333198547363
2015-01-09,13.77733325958252
2015-01-12,13.480667114257812
2015-01-13,13.616666793823242
2015-01-14,12.845999717712402
2015-01-15,12.791333198547363
2015-01-16,12.871333122253418
2015-01-20,12.795332908630373
2015-01-21,13.104666709899902
2015-01-22,13.441332817077637
2015-01-23,13.419333457946776
2015-01-26,13.770000457763672
2015-01-27,13.732000350952148
2015-01-28,13.291333198547363
2015-01-29,13.68000030517578
2015-01-30,13.57333278656006
2015-02-02,14.062666893005373
2015-02-03,14.557332992553713
2015-02-04,14.56999969482422
2015-02-05,14.732666969299316
2015-02-06,14.490667343139648
2015-02-09,14.498666763305664
2015-02-10,14.419333457946776
2015-02-11,14.186667442321776
2015-02-12,13.525333404541016
2015-02-13,13.584667205810549
2015-02-17,13.623332977294922
2015-02-18,13.630666732788086
2015-02-19,14.11400032043457
2015-02-20,14.473999977111816
2015-02-23,13.822667121887209
2015-02-24,13.607333183288574
2015-02-25,13.583999633789062
2015-02-26,13.812666893005373
2015-02-27,13.555999755859377
2015-03-02,13.155332565307615
2015-03-03,13.303999900817873
2015-03-04,13.496000289916992
2015-03-05,13.375332832336426
2015-03-06,12.925333023071287
2015-03-09,12.725333213806152
2015-03-10,12.687999725341797
2015-03-11,12.916000366210938
2015-03-12,12.73799991607666
2015-03-13,12.57866668701172
2015-03-16,13.046667098999023
2015-03-17,12.982000350952148
2015-03-18,13.380666732788086
2015-03-19,13.043333053588867
2015-03-20,13.20533275604248
2015-03-23,13.308667182922363
2015-03-24,13.447999954223633
2015-03-25,12.953332901000977
2015-03-26,12.694000244140623
2015-03-27,12.333333015441896
2015-03-30,12.704667091369627
2015-03-31,12.584667205810549
2015-04-01,12.505999565124512
2015-04-02,12.733332633972168
2015-04-06,13.539999961853027
2015-04-07,13.550000190734863
2015-04-08,13.844667434692385
2015-04-09,14.005999565124512
2015-04-10,14.0600004196167
2015-04-13,13.985333442687988
2015-04-14,13.830666542053224
2015-04-15,13.85533332824707
2015-04-16,13.779999732971191
2015-04-17,13.78600025177002
2015-04-20,13.684666633605955
2015-04-21,13.96066665649414
2015-04-22,14.629332542419434
2015-04-23,14.57333278656006
2015-04-24,14.562000274658203
2015-04-27,15.436667442321776
2015-04-28,15.36533260345459
2015-04-29,15.49666690826416
2015-04-30,15.06999969482422
2015-05-01,15.0686674118042
2015-05-04,15.36733341217041
2015-05-05,15.529999732971191
2015-05-06,15.362000465393066
2015-05-07,15.786666870117188
2015-05-08,15.77400016784668
2015-05-11,15.965999603271484
2015-05-12,16.31599998474121
2015-05-13,16.211999893188477
2015-05-14,16.273332595825195
2015-05-15,16.589332580566406
2015-05-18,16.583332061767578
2015-05-19,16.47599983215332
2015-05-20,16.290000915527344
2015-05-21,16.374666213989258
2015-05-22,16.51533317565918
2015-05-26,16.497333526611328
2015-05-27,16.495332717895508
2015-05-28,16.76333236694336
2015-05-29,16.719999313354492
2015-06-01,16.6299991607666
2015-06-02,16.55666732788086
2015-06-03,16.599332809448242
2015-06-04,16.39466667175293
2015-06-05,16.609333038330078
2015-06-08,17.086000442504883
2015-06-09,17.066667556762695
2015-06-10,16.713333129882812
2015-06-11,16.76066780090332
2015-06-12,16.71266746520996
2015-06-15,16.691999435424805
2015-06-16,16.874666213989258
2015-06-17,17.360666275024414
2015-06-18,17.459333419799805
2015-06-19,17.500667572021484
2015-06-22,17.319332122802734
2015-06-23,17.844667434692383
2015-06-24,17.67799949645996
2015-06-25,17.91933250427246
2015-06-26,17.805999755859375
2015-06-29,17.468000411987305
2015-06-30,17.884000778198242
2015-07-01,17.94333267211914
2015-07-02,18.667999267578125
2015-07-06,18.64800071716309
2015-07-07,17.858667373657227
2015-07-08,16.997333526611328
2015-07-09,17.19466781616211
2015-07-10,17.27666664123535
2015-07-13,17.477333068847656
2015-07-14,17.709999084472656
2015-07-15,17.542667388916016
2015-07-16,17.778667449951172
2015-07-17,18.310667037963867
2015-07-20,18.817333221435547
2015-07-21,17.784666061401367
2015-07-22,17.857999801635742
2015-07-23,17.81333351135254
2015-07-24,17.694000244140625
2015-07-27,16.867332458496094
2015-07-28,17.654666900634766
2015-07-29,17.58799934387207
2015-07-30,17.785999298095703
2015-07-31,17.74333381652832
2015-08-03,17.332666397094727
2015-08-04,17.75200080871582
2015-08-05,18.0086669921875
2015-08-06,16.408666610717773
2015-08-07,16.167333602905273
2015-08-10,16.076000213623047
2015-08-11,15.824666976928713
2015-08-12,15.878000259399414
2015-08-13,16.167333602905273
2015-08-14,16.209999084472656
2015-08-17,16.999332427978516
2015-08-18,17.381332397460938
2015-08-19,17.016666412353516
2015-08-20,16.14533233642578
2015-08-21,15.38466739654541
2015-08-24,14.591333389282228
2015-08-25,14.66866683959961
2015-08-26,14.989333152770996
2015-08-27,16.19933319091797
2015-08-28,16.565332412719727
2015-08-31,16.604000091552734
2015-09-01,15.908666610717772
2015-09-02,16.512666702270508
2015-09-03,16.3713321685791
2015-09-04,16.1286678314209
2015-09-08,16.544666290283203
2015-09-09,16.5939998626709
2015-09-10,16.565332412719727
2015-09-11,16.682666778564453
2015-09-14,16.87933349609375
2015-09-15,16.904666900634766
2015-09-16,17.483333587646484
2015-09-17,17.471332550048828
2015-09-18,17.374666213989258
2015-09-21,17.613332748413086
2015-09-22,17.395999908447266
2015-09-23,17.40399932861328
2015-09-24,17.541332244873047
2015-09-25,17.12733268737793
2015-09-28,16.562000274658203
2015-09-29,16.44333267211914
2015-09-30,16.559999465942383
2015-10-01,15.991999626159668
2015-10-02,16.504667282104492
2015-10-05,16.40999984741211
2015-10-06,16.097333908081055
2015-10-07,15.46399974822998
2015-10-08,15.114666938781738
2015-10-09,14.71266746520996
2015-10-12,14.371999740600586
2015-10-13,14.616666793823242
2015-10-14,14.458666801452637
2015-10-15,14.753999710083008
2015-10-16,15.133999824523926
2015-10-19,15.206666946411133
2015-10-20,14.20199966430664
2015-10-21,14.005999565124512
2015-10-22,14.114666938781738
2015-10-23,13.939332962036133
2015-10-26,14.350666999816896
2015-10-27,14.023332595825195
2015-10-28,14.197333335876465
2015-10-29,14.108667373657228
2015-10-30,13.795332908630373
2015-11-02,14.252667427062988
2015-11-03,13.890000343322754
2015-11-04,15.44200038909912
2015-11-05,15.451333045959473
2015-11-06,15.490667343139648
2015-11-09,15.022000312805176
2015-11-10,14.43333339691162
2015-11-11,14.60533332824707
2015-11-12,14.196000099182127
2015-11-13,13.812666893005373
2015-11-16,14.28733253479004
2015-11-17,14.266667366027832
2015-11-18,14.73799991607666
2015-11-19,14.786666870117188
2015-11-20,14.667332649230955
2015-11-23,14.516667366027832
2015-11-24,14.550000190734863
2015-11-25,15.309332847595217
2015-11-27,15.440667152404783
2015-11-30,15.350666999816896
2015-12-01,15.812666893005373
2015-12-02,15.465999603271484
2015-12-03,15.513999938964844
2015-12-04,15.358667373657228
2015-12-07,15.408666610717772
2015-12-08,15.114666938781738
2015-12-09,14.968000411987305
2015-12-10,15.137999534606934
2015-12-11,14.468000411987305
2015-12-14,14.571999549865724
2015-12-15,14.739333152770996
2015-12-16,15.633999824523926
2015-12-17,15.559332847595217
2015-12-18,15.36400032043457
2015-12-21,15.503999710083008
2015-12-22,15.329999923706056
2015-12-23,15.313332557678224
2015-12-24,15.371333122253418
2015-12-28,15.263333320617676
2015-12-29,15.812666893005373
2015-12-30,15.87266731262207
2015-12-31,16.000667572021484
2016-01-04,14.894000053405762
2016-01-05,14.895333290100098
2016-01-06,14.602666854858398
2016-01-07,14.376667022705078
2016-01-08,14.06666660308838
2016-01-11,13.856666564941406
2016-01-12,13.998000144958496
2016-01-13,13.354000091552734
2016-01-14,13.745332717895508
2016-01-15,13.666000366210938
2016-01-19,13.64799976348877
2016-01-20,13.24666690826416
2016-01-21,13.33133316040039
2016-01-22,13.50333309173584
2016-01-25,13.092000007629396
2016-01-26,12.904000282287598
2016-01-27,12.538000106811523
2016-01-28,12.646666526794434
2016-01-29,12.74666690826416
2016-02-01,13.129332542419434
2016-02-02,12.185333251953123
2016-02-03,11.565333366394045
2016-02-04,11.68866729736328
2016-02-05,10.84000015258789
2016-02-08,9.866000175476074
2016-02-09,9.883333206176758
2016-02-10,9.57800006866455
2016-02-11,10.031332969665527
2016-02-12,10.06933307647705
2016-02-16,10.344667434692385
2016-02-17,11.245332717895508
2016-02-18,11.118000030517578
2016-02-19,11.10533332824707
2016-02-22,11.849332809448242
2016-02-23,11.814000129699709
2016-02-24,11.93333339691162
2016-02-25,12.495332717895508
2016-02-26,12.689332962036133
2016-02-29,12.795332908630373
2016-03-01,12.423333168029783
2016-03-02,12.555999755859377
2016-03-03,13.04933261871338
2016-03-04,13.402667045593262
2016-03-07,13.685999870300291
2016-03-08,13.506667137145996
2016-03-09,13.914667129516602
2016-03-10,13.678667068481444
2016-03-11,13.833333015441896
2016-03-14,14.34333324432373
2016-03-15,14.555999755859377
2016-03-16,14.795332908630373
2016-03-17,15.092000007629396
2016-03-18,15.515999794006348
2016-03-21,15.887999534606934
2016-03-22,15.616000175476074
2016-03-23,14.838666915893556
2016-03-24,15.18333339691162
2016-03-28,15.350666999816896
2016-03-29,15.342000007629396
2016-03-30,15.12600040435791
2016-03-31,15.317999839782717
2016-04-01,15.839332580566406
2016-04-04,16.465999603271484
2016-04-05,17.031333923339844
2016-04-06,17.69466781616211
2016-04-07,17.14666748046875
2016-04-08,16.67133331298828
2016-04-11,16.661333084106445
2016-04-12,16.521333694458008
2016-04-13,16.968666076660156
2016-04-14,16.790666580200195
2016-04-15,16.96733283996582
2016-04-18,16.92533302307129
2016-04-19,16.4913330078125
2016-04-20,16.6646671295166
2016-04-21,16.55266761779785
2016-04-22,16.916667938232422
2016-04-25,16.788000106811523
2016-04-26,16.916000366210938
2016-04-27,16.764667510986328
2016-04-28,16.513999938964844
2016-04-29,16.05066680908203
2016-05-02,16.1200008392334
2016-05-03,15.48799991607666
2016-05-04,14.837332725524902
2016-05-05,14.10200023651123
2016-05-06,14.32866668701172
2016-05-09,13.928000450134276
2016-05-10,13.912667274475098
2016-05-11,13.93066692352295
2016-05-12,13.8186674118042
2016-05-13,13.84066677093506
2016-05-16,13.88599967956543
2016-05-17,13.644000053405762
2016-05-18,14.07800006866455
2016-05-19,14.347332954406738
2016-05-20,14.685333251953123
2016-05-23,14.414667129516602
2016-05-24,14.52733325958252
2016-05-25,14.638667106628418
2016-05-26,15.008000373840332
2016-05-27,14.869333267211914
2016-05-31,14.881999969482422
2016-06-01,14.637332916259766
2016-06-02,14.597332954406738
2016-06-03,14.599332809448242
2016-06-06,14.711999893188477
2016-06-07,15.489333152770996
2016-06-08,15.701333045959473
2016-06-09,15.290666580200195
2016-06-10,14.586000442504885
2016-06-13,14.524666786193848
2016-06-14,14.330666542053224
2016-06-15,14.513333320617676
2016-06-16,14.528667449951172
2016-06-17,14.364666938781738
2016-06-20,14.646666526794434
2016-06-21,14.640666961669922
2016-06-22,13.11066722869873
2016-06-23,13.09333324432373
2016-06-24,12.876667022705078
2016-06-27,13.236666679382324
2016-06-28,13.452667236328123
2016-06-29,14.012666702270508
2016-06-30,14.152000427246094
2016-07-01,14.43333339691162
2016-07-05,14.26533317565918
2016-07-06,14.29599952697754
2016-07-07,14.395999908447266
2016-07-08,14.45199966430664
2016-07-11,14.985333442687988
2016-07-12,14.976667404174805
2016-07-13,14.835332870483398
2016-07-14,14.768667221069336
2016-07-15,14.69333267211914
2016-07-18,15.083333015441896
2016-07-19,15.017333030700684
2016-07-20,15.223999977111816
2016-07-21,14.699999809265137
2016-07-22,14.817999839782717
2016-07-25,15.333999633789062
2016-07-26,15.300666809082031
2016-07-27,15.232666969299316
2016-07-28,15.37399959564209
2016-07-29,15.652667045593262
2016-08-01,15.333999633789062
2016-08-02,15.146666526794434
2016-08-03,15.052666664123535
2016-08-04,15.37399959564209
2016-08-05,15.335332870483398
2016-08-08,15.077333450317385
2016-08-09,15.272000312805176
2016-08-10,15.043333053588867
2016-08-11,14.994000434875488
2016-08-12,15.040666580200195
2016-08-15,15.03933334350586
2016-08-16,14.907333374023438
2016-08-17,14.88266658782959
2016-08-18,14.900667190551758
2016-08-19,15.0
2016-08-22,14.862000465393066
2016-08-23,14.989333152770996
2016-08-24,14.841333389282228
2016-08-25,14.730667114257812
2016-08-26,14.666000366210938
2016-08-29,14.346667289733888
2016-08-30,14.089332580566406
2016-08-31,14.133999824523926
2016-09-01,13.38466739654541
2016-09-02,13.185333251953123
2016-09-06,13.522000312805176
2016-09-07,13.447333335876465
2016-09-08,13.157333374023438
2016-09-09,12.964667320251465
2016-09-12,13.220000267028809
2016-09-13,13.06999969482422
2016-09-14,13.093999862670898
2016-09-15,13.361332893371582
2016-09-16,13.69333267211914
2016-09-19,13.755999565124512
2016-09-20,13.642666816711426
2016-09-21,13.6813325881958
2016-09-22,13.76200008392334
2016-09-23,13.829999923706056
2016-09-26,13.932666778564451
2016-09-27,13.720666885375977
2016-09-28,13.751333236694336
2016-09-29,13.380000114440918
2016-09-30,13.60200023651123
2016-10-03,14.24666690826416
2016-10-04,14.093999862670898
2016-10-05,13.897333145141602
2016-10-06,13.399999618530272
2016-10-07,13.107333183288574
2016-10-10,13.396666526794434
2016-10-11,13.34000015258789
2016-10-12,13.434000015258787
2016-10-13,13.349332809448242
2016-10-14,13.100666999816896
2016-10-17,12.93066692352295
2016-10-18,13.273332595825195
2016-10-19,13.570667266845703
2016-10-20,13.273332595825195
2016-10-21,13.339332580566406
2016-10-24,13.517333030700684
2016-10-25,13.489333152770996
2016-10-26,13.482666969299316
2016-10-27,13.600666999816896
2016-10-28,13.33133316040039
2016-10-31,13.182000160217283
2016-11-01,12.719332695007324
2016-11-02,12.534667015075684
2016-11-03,12.494667053222656
2016-11-04,12.70400047302246
2016-11-07,12.880666732788086
2016-11-08,12.996000289916992
2016-11-09,12.670666694641112
2016-11-10,12.356666564941406
2016-11-11,12.570667266845703
2016-11-14,12.096667289733888
2016-11-15,12.251333236694336
2016-11-16,12.26200008392334
2016-11-17,12.577333450317385
2016-11-18,12.334667205810549
2016-11-21,12.3013334274292
2016-11-22,12.744667053222656
2016-11-23,12.87600040435791
2016-11-25,13.109999656677246
2016-11-28,13.074666976928713
2016-11-29,12.637999534606934
2016-11-30,12.626667022705078
2016-12-01,12.125332832336426
2016-12-02,12.097999572753906
2016-12-05,12.453332901000977
2016-12-06,12.390000343322754
2016-12-07,12.876667022705078
2016-12-08,12.81933307647705
2016-12-09,12.812000274658203
2016-12-12,12.82866668701172
2016-12-13,13.210000038146973
2016-12-14,13.246000289916992
2016-12-15,13.17199993133545
2016-12-16,13.499333381652832
2016-12-19,13.51533317565918
2016-12-20,13.919333457946776
2016-12-21,13.846667289733888
2016-12-22,13.896666526794434
2016-12-23,14.22266674041748
2016-12-27,14.635333061218262
2016-12-28,14.649333000183104
2016-12-29,14.312000274658203
2016-12-30,14.246000289916992
2017-01-03,14.465999603271484
2017-01-04,15.13266658782959
2017-01-05,15.116666793823242
2017-01-06,15.267333030700684
2017-01-09,15.41866683959961
2017-01-10,15.324666976928713
2017-01-11,15.315333366394045
2017-01-12,15.305999755859377
2017-01-13,15.850000381469728
2017-01-17,15.70533275604248
2017-01-18,15.890666961669922
2017-01-19,16.250667572021484
2017-01-20,16.315332412719727
2017-01-23,16.594667434692383
2017-01-24,16.974000930786133
2017-01-25,16.96466636657715
2017-01-26,16.833999633789062
2017-01-27,16.863332748413086
2017-01-30,16.708667755126953
2017-01-31,16.795333862304688
2017-02-01,16.615999221801758
2017-02-02,16.770000457763672
2017-02-03,16.755332946777344
2017-02-06,17.184667587280273
2017-02-07,17.165332794189453
2017-02-08,17.472000122070312
2017-02-09,17.946666717529297
2017-02-10,17.948667526245117
2017-02-13,18.706666946411133
2017-02-14,18.73200035095215
2017-02-15,18.65066719055176
2017-02-16,17.93000030517578
2017-02-17,18.148666381835938
2017-02-21,18.492666244506836
2017-02-22,18.233999252319336
2017-02-23,17.06599998474121
2017-02-24,17.133333206176758
2017-02-27,16.415332794189453
2017-02-28,16.666000366210938
2017-03-01,16.667999267578125
2017-03-02,16.698667526245117
2017-03-03,16.771333694458008
2017-03-06,16.747333526611328
2017-03-07,16.57266616821289
2017-03-08,16.45800018310547
2017-03-09,16.32666778564453
2017-03-10,16.246000289916992
2017-03-13,16.411333084106445
2017-03-14,17.200000762939453
2017-03-15,17.048667907714844
2017-03-16,17.469999313354492
2017-03-17,17.433332443237305
2017-03-20,17.461332321166992
2017-03-21,16.711999893188477
2017-03-22,17.000667572021484
2017-03-23,16.985332489013672
2017-03-24,17.54400062561035
2017-03-27,18.014667510986328
2017-03-28,18.496667861938477
2017-03-29,18.492000579833984
2017-03-30,18.527999877929688
2017-03-31,18.553333282470703
2017-04-03,19.90133285522461
2017-04-04,20.246667861938477
2017-04-05,19.666667938232425
2017-04-06,19.913333892822266
2017-04-07,20.16933250427246
2017-04-10,20.826000213623047
2017-04-11,20.58066749572754
2017-04-12,19.78933334350586
2017-04-13,20.266666412353516
2017-04-17,20.09600067138672
2017-04-18,20.016666412353516
2017-04-19,20.368000030517575
2017-04-20,20.167333602905273
2017-04-21,20.37333297729492
2017-04-24,20.53533363342285
2017-04-25,20.91933250427246
2017-04-26,20.67799949645996
2017-04-27,20.57533264160156
2017-04-28,20.937999725341797
2017-05-01,21.52199935913086
2017-05-02,21.25933265686035
2017-05-03,20.73466682434082
2017-05-04,19.69733238220215
2017-05-05,20.55666732788086
2017-05-08,20.479333877563477
2017-05-09,21.417333602905273
2017-05-10,21.681333541870117
2017-05-11,21.540000915527344
2017-05-12,21.65399932861328
2017-05-15,21.058666229248047
2017-05-16,21.13400077819824
2017-05-17,20.40733337402344
2017-05-18,20.87066650390625
2017-05-19,20.722000122070312
2017-05-22,20.690000534057617
2017-05-23,20.257333755493164
2017-05-24,20.681333541870117
2017-05-25,21.121999740600582
2017-05-26,21.676000595092773
2017-05-30,22.34000015258789
2017-05-31,22.733999252319336
2017-06-01,22.691333770751953
2017-06-02,22.656667709350582
2017-06-05,23.15466690063477
2017-06-06,23.523332595825195
2017-06-07,23.976667404174805
2017-06-08,24.666667938232425
2017-06-09,23.821332931518555
2017-06-12,23.93400001525879
2017-06-13,25.06333351135254
2017-06-14,25.37733268737793
2017-06-15,25.022666931152344
2017-06-16,24.760000228881836
2017-06-19,24.65333366394043
2017-06-20,24.81599998474121
2017-06-21,25.093332290649418
2017-06-22,25.507333755493164
2017-06-23,25.56333351135254
2017-06-26,25.166000366210938
2017-06-27,24.15800094604492
2017-06-28,24.749332427978516
2017-06-29,24.049999237060547
2017-06-30,24.107332229614254
2017-07-03,23.507999420166016
2017-07-05,21.805999755859375
2017-07-06,20.588666915893555
2017-07-07,20.881332397460938
2017-07-10,21.06999969482422
2017-07-11,21.814666748046875
2017-07-12,21.968000411987305
2017-07-13,21.560667037963867
2017-07-14,21.85199928283691
2017-07-17,21.30466651916504
2017-07-18,21.882667541503903
2017-07-19,21.68400001525879
2017-07-20,21.994667053222656
2017-07-21,21.893333435058594
2017-07-24,22.834667205810547
2017-07-25,22.63999938964844
2017-07-26,22.92333221435547
2017-07-27,22.297332763671875
2017-07-28,22.33799934387207
2017-07-31,21.564666748046875
2017-08-01,21.30466651916504
2017-08-02,21.72599983215332
2017-08-03,23.139333724975582
2017-08-04,23.79400062561035
2017-08-07,23.67799949645996
2017-08-08,24.347999572753903
2017-08-09,24.235332489013672
2017-08-10,23.69333267211914
2017-08-11,23.857999801635746
2017-08-14,24.253332138061523
2017-08-15,24.155332565307617
2017-08-16,24.194000244140625
2017-08-17,23.461332321166992
2017-08-18,23.163999557495117
2017-08-21,22.52400016784668
2017-08-22,22.75666618347168
2017-08-23,23.51799964904785
2017-08-24,23.528667449951172
2017-08-25,23.203332901000977
2017-08-28,23.04400062561035
2017-08-29,23.15733337402344
2017-08-30,23.545333862304688
2017-08-31,23.726667404174805
2017-09-01,23.69333267211914
2017-09-05,23.305999755859375
2017-09-06,22.968666076660156
2017-09-07,23.374000549316406
2017-09-08,22.893333435058594
2017-09-11,24.246000289916992
2017-09-12,24.183332443237305
2017-09-13,24.415332794189453
2017-09-14,25.176000595092773
2017-09-15,25.320667266845703
2017-09-18,25.666667938232425
2017-09-19,25.00666618347168
2017-09-20,24.92733383178711
2017-09-21,24.43199920654297
2017-09-22,23.4060001373291
2017-09-25,22.999332427978516
2017-09-26,23.016666412353516
2017-09-27,22.731332778930664
2017-09-28,22.63999938964844
2017-09-29,22.739999771118164
2017-10-02,22.768667221069336
2017-10-03,23.209333419799805
2017-10-04,23.667333602905273
2017-10-05,23.68866729736328
2017-10-06,23.79199981689453
2017-10-09,22.86266708374023
2017-10-10,23.70599937438965
2017-10-11,23.63999938964844
2017-10-12,23.711999893188477
2017-10-13,23.704666137695312
2017-10-16,23.37333297729492
2017-10-17,23.71666717529297
2017-10-18,23.976667404174805
2017-10-19,23.45400047302246
2017-10-20,23.00666618347168
2017-10-23,22.468000411987305
2017-10-24,22.48933219909668
2017-10-25,21.722667694091797
2017-10-26,21.744667053222656
2017-10-27,21.391332626342773
2017-10-30,21.338666915893555
2017-10-31,22.10199928283691
2017-11-01,21.405332565307617
2017-11-02,19.950666427612305
2017-11-03,20.4060001373291
2017-11-06,20.185333251953125
2017-11-07,20.40333366394043
2017-11-08,20.292667388916016
2017-11-09,20.19933319091797
2017-11-10,20.19933319091797
2017-11-13,21.02666664123535
2017-11-14,20.579999923706055
2017-11-15,20.753332138061523
2017-11-16,20.833332061767575
2017-11-17,21.003332138061523
2017-11-20,20.582666397094727
2017-11-21,21.187332153320312
2017-11-22,20.84000015258789
2017-11-24,21.036666870117188
2017-11-27,21.12066650390625
2017-11-28,21.170000076293945
2017-11-29,20.502666473388672
2017-11-30,20.59000015258789
2017-12-01,20.435333251953125
2017-12-04,20.34666633605957
2017-12-05,20.246667861938477
2017-12-06,20.88400077819824
2017-12-07,20.749332427978516
2017-12-08,21.0086669921875
2017-12-11,21.92733383178711
2017-12-12,22.735332489013672
2017-12-13,22.60199928283691
2017-12-14,22.525999069213867
2017-12-15,22.89666748046875
2017-12-18,22.591333389282227
2017-12-19,22.073333740234375
2017-12-20,21.93199920654297
2017-12-21,22.110666275024418
2017-12-22,21.68000030517578
2017-12-26,21.152666091918945
2017-12-27,20.775999069213867
2017-12-28,21.02400016784668
2017-12-29,20.75666618347168
2018-01-02,21.368667602539062
2018-01-03,21.149999618530273
2018-01-04,20.974666595458984
2018-01-05,21.10533332824707
2018-01-08,22.42733383178711
2018-01-09,22.246000289916992
2018-01-10,22.31999969482422
2018-01-11,22.530000686645508
2018-01-12,22.4146671295166
2018-01-16,22.67066764831543
2018-01-17,23.143999099731445
2018-01-18,22.971332550048828
2018-01-19,23.334667205810547
2018-01-22,23.437332153320312
2018-01-23,23.519332885742188
2018-01-24,23.05933380126953
2018-01-25,22.50933265686035
2018-01-26,22.856666564941406
2018-01-29,23.302000045776367
2018-01-30,23.05466651916504
2018-01-31,23.62066650390625
2018-02-01,23.28333282470703
2018-02-02,22.916667938232425
2018-02-05,22.208667755126953
2018-02-06,22.264667510986328
2018-02-07,23.0
2018-02-08,21.01533317565918
2018-02-09,20.69466781616211
2018-02-12,21.048667907714844
2018-02-13,21.577333450317383
2018-02-14,21.487333297729492
2018-02-15,22.271333694458008
2018-02-16,22.36599922180176
2018-02-20,22.31800079345703
2018-02-21,22.219999313354492
2018-02-22,23.07799911499023
2018-02-23,23.469999313354492
2018-02-26,23.82799911499023
2018-02-27,23.39933204650879
2018-02-28,22.87066650390625
2018-03-01,22.062000274658203
2018-03-02,22.341333389282227
2018-03-05,22.22333335876465
2018-03-06,21.8799991607666
2018-03-07,22.15333366394043
2018-03-08,21.940000534057617
2018-03-09,21.81133270263672
2018-03-12,23.034000396728516
2018-03-13,22.78933334350586
2018-03-14,21.775333404541016
2018-03-15,21.706666946411133
2018-03-16,21.42333221435547
2018-03-19,20.90399932861328
2018-03-20,20.703332901000977
2018-03-21,21.10199928283691
2018-03-22,20.606666564941406
2018-03-23,20.1026668548584
2018-03-26,20.278667449951172
2018-03-27,18.61199951171875
2018-03-28,17.185333251953125
2018-03-29,17.742000579833984
2018-04-02,16.832000732421875
2018-04-03,17.8353328704834
2018-04-04,19.12933349609375
2018-04-05,20.381332397460938
2018-04-06,19.953332901000977
2018-04-09,19.310667037963867
2018-04-10,20.31333351135254
2018-04-11,20.062000274658203
2018-04-12,19.60533332824707
2018-04-13,20.022666931152344
2018-04-16,19.413999557495117
2018-04-17,19.179332733154297
2018-04-18,19.55666732788086
2018-04-19,20.005332946777344
2018-04-20,19.34933280944824
2018-04-23,18.891332626342773
2018-04-24,18.8973331451416
2018-04-25,18.71266746520996
2018-04-26,19.031999588012695
2018-04-27,19.60533332824707
2018-04-30,19.593332290649418
2018-05-01,19.994667053222656
2018-05-02,20.07666778564453
2018-05-03,18.963333129882812
2018-05-04,19.606000900268555
2018-05-07,20.184667587280273
2018-05-08,20.131332397460938
2018-05-09,20.456666946411133
2018-05-10,20.334667205810547
2018-05-11,20.070667266845703
2018-05-14,19.46466636657715
2018-05-15,18.94533348083496
2018-05-16,19.09866714477539
2018-05-17,18.96933364868164
2018-05-18,18.454666137695312
2018-05-21,18.965999603271484
2018-05-22,18.333999633789062
2018-05-23,18.60466766357422
2018-05-24,18.523332595825195
2018-05-25,18.59000015258789
2018-05-29,18.917333602905273
2018-05-30,19.447999954223633
2018-05-31,18.98200035095215
2018-06-01,19.454666137695312
2018-06-04,19.78266716003418
2018-06-05,19.408666610717773
2018-06-06,21.299999237060547
2018-06-07,21.07266616821289
2018-06-08,21.17733383178711
2018-06-11,22.13999938964844
2018-06-12,22.851333618164062
2018-06-13,22.985332489013672
2018-06-14,23.847999572753903
2018-06-15,23.878000259399418
2018-06-18,24.722000122070312
2018-06-19,23.503332138061523
2018-06-20,24.14800071716309
2018-06-21,23.167333602905273
2018-06-22,22.242000579833984
2018-06-25,22.200666427612305
2018-06-26,22.799999237060547
2018-06-27,22.96666717529297
2018-06-28,23.32866668701172
2018-06-29,22.86333274841309
2018-07-02,22.33799934387207
2018-07-03,20.724000930786133
2018-07-05,20.610666275024418
2018-07-06,20.593332290649418
2018-07-09,21.233999252319336
2018-07-10,21.49799919128418
2018-07-11,21.263999938964844
2018-07-12,21.11400032043457
2018-07-13,21.257999420166016
2018-07-16,20.67333221435547
2018-07-17,21.512666702270508
2018-07-18,21.59000015258789
2018-07-19,21.34866714477539
2018-07-20,20.905332565307617
2018-07-23,20.213333129882812
2018-07-24,19.82866668701172
2018-07-25,20.582666397094727
2018-07-26,20.44333267211914
2018-07-27,19.812000274658203
2018-07-30,19.344667434692383
2018-07-31,19.875999450683594
2018-08-01,20.055999755859375
2018-08-02,23.30266761779785
2018-08-03,23.211332321166992
2018-08-06,22.799333572387695
2018-08-07,25.30466651916504
2018-08-08,24.689332962036133
2018-08-09,23.496667861938477
2018-08-10,23.69933319091797
2018-08-13,23.76066780090332
2018-08-14,23.176000595092773
2018-08-15,22.57933235168457
2018-08-16,22.36333274841309
2018-08-17,20.36666679382324
2018-08-20,20.562667846679688
2018-08-21,21.459999084472656
2018-08-22,21.44266700744629
2018-08-23,21.34000015258789
2018-08-24,21.521333694458008
2018-08-27,21.284666061401367
2018-08-28,20.790666580200195
2018-08-29,20.333999633789062
2018-08-30,20.209999084472656
2018-08-31,20.110666275024418
2018-09-04,19.26333236694336
2018-09-05,18.715999603271484
2018-09-06,18.729999542236328
2018-09-07,17.549333572387695
2018-09-10,19.03333282470703
2018-09-11,18.62933349609375
2018-09-12,19.36933326721191
2018-09-13,19.297332763671875
2018-09-14,19.68000030517578
2018-09-17,19.6560001373291
2018-09-18,18.997333526611328
2018-09-19,19.934667587280273
2018-09-20,19.8886661529541
2018-09-21,19.940000534057617
2018-09-24,19.978666305541992
2018-09-25,20.06599998474121
2018-09-26,20.6386661529541
2018-09-27,20.501333236694336
2018-09-28,17.65133285522461
2018-10-01,20.713333129882812
2018-10-02,20.06800079345703
2018-10-03,19.65333366394043
2018-10-04,18.788667678833008
2018-10-05,17.463333129882812
2018-10-08,16.70400047302246
2018-10-09,17.520000457763672
2018-10-10,17.125333786010742
2018-10-11,16.815332412719727
2018-10-12,17.25200080871582
2018-10-15,17.305999755859375
2018-10-16,18.439332962036133
2018-10-17,18.118667602539062
2018-10-18,17.5939998626709
2018-10-19,17.333332061767578
2018-10-22,17.39666748046875
2018-10-23,19.60933303833008
2018-10-24,19.233333587646484
2018-10-25,20.99066734313965
2018-10-26,22.059999465942383
2018-10-29,22.323333740234375
2018-10-30,21.99333381652832
2018-10-31,22.488000869750977
2018-11-01,22.95199966430664
2018-11-02,23.0939998626709
2018-11-05,22.760000228881836
2018-11-06,22.737333297729492
2018-11-07,23.21066665649414
2018-11-08,23.426666259765625
2018-11-09,23.367332458496097
2018-11-12,22.0853328704834
2018-11-13,22.582000732421875
2018-11-14,22.933332443237305
2018-11-15,23.229333877563477
2018-11-16,23.62066650390625
2018-11-19,23.564666748046875
2018-11-20,23.166000366210938
2018-11-21,22.54599952697754
2018-11-23,21.722000122070312
2018-11-26,23.066667556762695
2018-11-27,22.92799949645996
2018-11-28,23.191333770751953
2018-11-29,22.744667053222656
2018-11-30,23.365333557128903
2018-12-03,23.89933204650879
2018-12-04,23.979999542236328
2018-12-06,24.20400047302246
2018-12-07,23.864667892456055
2018-12-10,24.343332290649418
2018-12-11,24.450666427612305
2018-12-12,24.440000534057617
2018-12-13,25.11933326721191
2018-12-14,24.38066673278809
2018-12-17,23.22800064086914
2018-12-18,22.468666076660156
2018-12-19,22.197999954223633
2018-12-20,21.025333404541016
2018-12-21,21.31800079345703
2018-12-24,19.69266700744629
2018-12-26,21.73933219909668
2018-12-27,21.07533264160156
2018-12-28,22.257999420166016
2018-12-31,22.18666648864746
2019-01-02,20.67466735839844
2019-01-03,20.02400016784668
2019-01-04,21.179332733154297
2019-01-07,22.33066749572754
2019-01-08,22.356666564941406
2019-01-09,22.568666458129883
2019-01-10,22.99799919128418
2019-01-11,23.15066719055176
2019-01-14,22.293333053588867
2019-01-15,22.961999893188477
2019-01-16,23.06999969482422
2019-01-17,23.15399932861328
2019-01-18,20.15066719055176
2019-01-22,19.92799949645996
2019-01-23,19.172666549682617
2019-01-24,19.43400001525879
2019-01-25,19.80266761779785
2019-01-28,19.7586669921875
2019-01-29,19.83066749572754
2019-01-30,20.584667205810547
2019-01-31,20.468000411987305
2019-02-01,20.81399917602539
2019-02-04,20.85933303833008
2019-02-05,21.42333221435547
2019-02-06,21.14800071716309
2019-02-07,20.500667572021484
2019-02-08,20.38666725158691
2019-02-11,20.856000900268555
2019-02-12,20.78733253479004
2019-02-13,20.544666290283203
2019-02-14,20.251333236694336
2019-02-15,20.525333404541016
2019-02-19,20.375999450683594
2019-02-20,20.17066764831543
2019-02-21,19.415332794189453
2019-02-22,19.6473331451416
2019-02-25,19.917999267578125
2019-02-26,19.857332229614254
2019-02-27,20.982667922973633
2019-02-28,21.32533264160156
2019-03-01,19.652666091918945
2019-03-04,19.02400016784668
2019-03-05,18.43600082397461
2019-03-06,18.416000366210938
2019-03-07,18.439332962036133
2019-03-08,18.94266700744629
2019-03-11,19.39466667175293
2019-03-12,18.89066696166992
2019-03-13,19.263999938964844
2019-03-14,19.33066749572754
2019-03-15,18.36199951171875
2019-03-18,17.965999603271484
2019-03-19,17.83133316040039
2019-03-20,18.239999771118164
2019-03-21,18.26799964904785
2019-03-22,17.635332107543945
2019-03-25,17.3613338470459
2019-03-26,17.851333618164062
2019-03-27,18.32200050354004
2019-03-28,18.57466697692871
2019-03-29,18.65733337402344
2019-04-01,19.278667449951172
2019-04-02,19.058666229248047
2019-04-03,19.45400047302246
2019-04-04,17.851999282836914
2019-04-05,18.33066749572754
2019-04-08,18.213333129882812
2019-04-09,18.15399932861328
2019-04-10,18.40399932861328
2019-04-11,17.89466667175293
2019-04-12,17.84666633605957
2019-04-15,17.7586669921875
2019-04-16,18.224000930786133
2019-04-17,18.082000732421875
2019-04-18,18.21733283996582
2019-04-22,17.516666412353516
2019-04-23,17.593332290649414
2019-04-24,17.243999481201172
2019-04-25,16.5086669921875
2019-04-26,15.675999641418455
2019-04-29,16.097999572753906
2019-04-30,15.912667274475098
2019-05-01,15.600666999816896
2019-05-02,16.273332595825195
2019-05-03,17.00200080871582
2019-05-06,17.022666931152344
2019-05-07,16.470666885375977
2019-05-08,16.32266616821289
2019-05-09,16.131999969482422
2019-05-10,15.968000411987305
2019-05-13,15.133999824523926
2019-05-14,15.487333297729492
2019-05-15,15.463333129882812
2019-05-16,15.222000122070312
2019-05-17,14.0686674118042
2019-05-20,13.690667152404783
2019-05-21,13.67199993133545
2019-05-22,12.84866714477539
2019-05-23,13.03266716003418
2019-05-24,12.708666801452637
2019-05-28,12.579999923706056
2019-05-29,12.657333374023438
2019-05-30,12.54800033569336
2019-05-31,12.343999862670898
2019-06-03,11.9313325881958
2019-06-04,12.90666675567627
2019-06-05,13.105999946594238
2019-06-06,13.729999542236328
2019-06-07,13.633333206176758
2019-06-10,14.19200038909912
2019-06-11,14.473333358764648
2019-06-12,13.95066738128662
2019-06-13,14.260666847229004
2019-06-14,14.32800006866455
2019-06-17,15.001999855041504
2019-06-18,14.982666969299316
2019-06-19,15.095333099365234
2019-06-20,14.641332626342772
2019-06-21,14.790666580200195
2019-06-24,14.90933322906494
2019-06-25,14.650667190551758
2019-06-26,14.618000030517578
2019-06-27,14.855999946594238
2019-06-28,14.897333145141602
2019-07-01,15.14466667175293
2019-07-02,14.970000267028809
2019-07-03,15.65999984741211
2019-07-05,15.539999961853027
2019-07-08,15.355999946594238
2019-07-09,15.337332725524902
2019-07-10,15.928000450134276
2019-07-11,15.90666675567627
2019-07-12,16.338666915893555
2019-07-15,16.899999618530273
2019-07-16,16.825332641601562
2019-07-17,16.99066734313965
2019-07-18,16.902666091918945
2019-07-19,17.211999893188477
2019-07-22,17.045333862304688
2019-07-23,17.344667434692383
2019-07-24,17.658666610717773
2019-07-25,15.254667282104492
2019-07-26,15.202667236328123
2019-07-29,15.718000411987305
2019-07-30,16.150667190551758
2019-07-31,16.107332229614258
2019-08-01,15.59000015258789
2019-08-02,15.62266731262207
2019-08-05,15.221332550048828
2019-08-06,15.383333206176758
2019-08-07,15.56133270263672
2019-08-08,15.886667251586914
2019-08-09,15.667332649230955
2019-08-12,15.267333030700684
2019-08-13,15.666666984558104
2019-08-14,14.641332626342772
2019-08-15,14.37600040435791
2019-08-16,14.662667274475098
2019-08-19,15.121999740600586
2019-08-20,15.057332992553713
2019-08-21,14.722000122070312
2019-08-22,14.8100004196167
2019-08-23,14.09333324432373
2019-08-26,14.333333015441896
2019-08-27,14.272000312805176
2019-08-28,14.37266731262207
2019-08-29,14.780667304992676
2019-08-30,15.040666580200195
2019-09-03,15.000666618347168
2019-09-04,14.711999893188477
2019-09-05,15.305333137512209
2019-09-06,15.16333293914795
2019-09-09,15.452667236328123
2019-09-10,15.702667236328123
2019-09-11,16.47333335876465
2019-09-12,16.391332626342773
2019-09-13,16.34666633605957
2019-09-16,16.187332153320312
2019-09-17,16.319332122802734
2019-09-18,16.232667922973633
2019-09-19,16.440000534057617
2019-09-20,16.041332244873047
2019-09-23,16.082000732421875
2019-09-24,14.880666732788086
2019-09-25,15.24666690826416
2019-09-26,16.17066764831543
2019-09-27,16.142000198364258
2019-09-30,16.058000564575195
2019-10-01,16.312667846679688
2019-10-02,16.208667755126953
2019-10-03,15.535332679748535
2019-10-04,15.428667068481444
2019-10-07,15.847999572753906
2019-10-08,16.003332138061523
2019-10-09,16.302000045776367
2019-10-10,16.31599998474121
2019-10-11,16.525999069213867
2019-10-14,17.130666732788086
2019-10-15,17.19266700744629
2019-10-16,17.316667556762695
2019-10-17,17.46466636657715
2019-10-18,17.1299991607666
2019-10-21,16.899999618530273
2019-10-22,17.038667678833008
2019-10-23,16.978666305541992
2019-10-24,19.978666305541992
2019-10-25,21.875333786010746
2019-10-28,21.847333908081055
2019-10-29,21.08133316040039
2019-10-30,21.000667572021484
2019-10-31,20.994667053222656
2019-11-01,20.88733291625977
2019-11-04,21.1646671295166
2019-11-05,21.14800071716309
2019-11-06,21.77199935913086
2019-11-07,22.36933326721191
2019-11-08,22.47599983215332
2019-11-11,23.006000518798828
2019-11-12,23.32866668701172
2019-11-13,23.073999404907227
2019-11-14,23.290000915527344
2019-11-15,23.47800064086914
2019-11-18,23.332666397094727
2019-11-19,23.968000411987305
2019-11-20,23.481332778930664
2019-11-21,23.655332565307617
2019-11-22,22.202667236328125
2019-11-25,22.422666549682617
2019-11-26,21.92799949645996
2019-11-27,22.086000442504883
2019-11-29,21.996000289916992
2019-12-02,22.32466697692871
2019-12-03,22.413333892822266
2019-12-04,22.20199966430664
2019-12-05,22.024667739868164
2019-12-06,22.392667770385746
2019-12-09,22.635332107543945
2019-12-10,23.256000518798828
2019-12-11,23.51333236694336
2019-12-12,23.978666305541992
2019-12-13,23.892667770385746
2019-12-16,25.433332443237305
2019-12-17,25.266000747680664
2019-12-18,26.209999084472656
2019-12-19,26.93600082397461
2019-12-20,27.03933334350586
2019-12-23,27.947999954223633
2019-12-24,28.350000381469727
2019-12-26,28.729333877563477
2019-12-27,28.691999435424805
2019-12-30,27.64666748046875
2019-12-31,27.8886661529541
2020-01-02,28.68400001525879
2020-01-03,29.534000396728516
2020-01-06,30.1026668548584
2020-01-07,31.270666122436523
2020-01-08,32.80933380126953
2020-01-09,32.089332580566406
2020-01-10,31.87666702270508
2020-01-13,34.990665435791016
2020-01-14,35.861331939697266
2020-01-15,34.56666564941406
2020-01-16,34.232666015625
2020-01-17,34.03333282470703
2020-01-21,36.47999954223633
2020-01-22,37.97066879272461
2020-01-23,38.14666748046875
2020-01-24,37.654666900634766
2020-01-27,37.20133209228515
2020-01-28,37.793331146240234
2020-01-29,38.732666015625
2020-01-30,42.72066879272461
2020-01-31,43.371334075927734
2020-02-03,52.0
2020-02-04,59.137332916259766
2020-02-05,48.97999954223633
2020-02-06,49.930667877197266
2020-02-07,49.871334075927734
2020-02-10,51.41866683959961
2020-02-11,51.62533187866211
2020-02-12,51.15266799926758
2020-02-13,53.599998474121094
2020-02-14,53.33533477783203
2020-02-18,57.22666549682617
2020-02-19,61.16133117675781
2020-02-20,59.96066665649414
2020-02-21,60.06666564941406
2020-02-24,55.58599853515625
2020-02-25,53.32733154296875
2020-02-26,51.91999816894531
2020-02-27,45.26666641235352
2020-02-28,44.53266525268555
2020-03-02,49.574668884277344
2020-03-03,49.70066833496094
2020-03-04,49.96666717529297
2020-03-05,48.30266571044922
2020-03-06,46.89866638183594
2020-03-09,40.53333282470703
2020-03-10,43.02199935913086
2020-03-11,42.28200149536133
2020-03-12,37.369998931884766
2020-03-13,36.44133377075195
2020-03-16,29.67133331298828
2020-03-17,28.68000030517578
2020-03-18,24.08133316040039
2020-03-19,28.50933265686035
2020-03-20,28.50200080871582
2020-03-23,28.952667236328125
2020-03-24,33.66666793823242
2020-03-25,35.95000076293945
2020-03-26,35.21066665649414
2020-03-27,34.29066848754883
2020-03-30,33.47533416748047
2020-03-31,34.93333435058594
2020-04-01,32.104000091552734
2020-04-02,30.29800033569336
2020-04-03,32.000667572021484
2020-04-06,34.41600036621094
2020-04-07,36.36333465576172
2020-04-08,36.589332580566406
2020-04-09,38.20000076293945
2020-04-13,43.39666748046875
2020-04-14,47.32600021362305
2020-04-15,48.65533447265625
2020-04-16,49.680667877197266
2020-04-17,50.259334564208984
2020-04-20,49.75733184814453
2020-04-21,45.78133392333984
2020-04-22,48.807334899902344
2020-04-23,47.04199981689453
2020-04-24,48.34333419799805
2020-04-27,53.25
2020-04-28,51.27466583251953
2020-04-29,53.367332458496094
2020-04-30,52.12533187866211
2020-05-01,46.75466537475586
2020-05-04,50.74599838256836
2020-05-05,51.2140007019043
2020-05-06,52.172000885009766
2020-05-07,52.00266647338867
2020-05-08,54.62799835205078
2020-05-11,54.08599853515625
2020-05-12,53.96066665649414
2020-05-13,52.73066711425781
2020-05-14,53.55533218383789
2020-05-15,53.27799987792969
2020-05-18,54.242000579833984
2020-05-19,53.867332458496094
2020-05-20,54.37066650390625
2020-05-21,55.17333221435547
2020-05-22,54.45866775512695
2020-05-26,54.591331481933594
2020-05-27,54.68199920654297
2020-05-28,53.72066879272461
2020-05-29,55.66666793823242
2020-06-01,59.87333297729492
2020-06-02,58.77066802978515
2020-06-03,58.86399841308594
2020-06-04,57.62533187866211
2020-06-05,59.04399871826172
2020-06-08,63.327999114990234
2020-06-09,62.711334228515625
2020-06-10,68.336669921875
2020-06-11,64.85600280761719
2020-06-12,62.35200119018555
2020-06-15,66.05999755859375
2020-06-16,65.47533416748047
2020-06-17,66.11933135986328
2020-06-18,66.9306640625
2020-06-19,66.72666931152344
2020-06-22,66.28800201416016
2020-06-23,66.78533172607422
2020-06-24,64.0566635131836
2020-06-25,65.73200225830078
2020-06-26,63.982666015625
2020-06-29,67.29000091552734
2020-06-30,71.98733520507812
2020-07-01,74.64199829101562
2020-07-02,80.57733154296875
2020-07-06,91.43866729736328
2020-07-07,92.65733337402344
2020-07-08,91.05867004394533
2020-07-09,92.9520034790039
2020-07-10,102.97666931152344
2020-07-13,99.8040008544922
2020-07-14,101.12000274658205
2020-07-15,103.06732940673828
2020-07-16,100.04266357421876
2020-07-17,100.05599975585938
2020-07-20,109.53333282470705
2020-07-21,104.55733489990234
2020-07-22,106.15533447265624
2020-07-23,100.87133026123048
2020-07-24,94.46666717529295
2020-07-27,102.63999938964844
2020-07-28,98.43267059326172
2020-07-29,99.94066619873048
2020-07-30,99.16600036621094
2020-07-31,95.38400268554688
2020-08-03,99.0
2020-08-04,99.13333129882812
2020-08-05,99.00133514404295
2020-08-06,99.30533599853516
2020-08-07,96.84733581542967
2020-08-10,94.5713348388672
2020-08-11,91.6259994506836
2020-08-12,103.65066528320312
2020-08-13,108.06666564941406
2020-08-14,110.04733276367188
2020-08-17,122.3759994506836
2020-08-18,125.80599975585938
2020-08-19,125.23533630371094
2020-08-20,133.45533752441406
2020-08-21,136.6653289794922
2020-08-24,134.27999877929688
2020-08-25,134.8893280029297
2020-08-26,143.54466247558594
2020-08-27,149.25
2020-08-28,147.55999755859375
2020-08-31,166.10667419433594
2020-09-01,158.35000610351562
2020-09-02,149.1233367919922
2020-09-03,135.6666717529297
2020-09-04,139.44000244140625
2020-09-08,110.06999969482422
2020-09-09,122.09333038330078
2020-09-10,123.77999877929688
2020-09-11,124.23999786376952
2020-09-14,139.8733367919922
2020-09-15,149.9199981689453
2020-09-16,147.25332641601562
2020-09-17,141.14332580566406
2020-09-18,147.38333129882812
2020-09-21,149.79666137695312
2020-09-22,141.41000366210938
2020-09-23,126.7866668701172
2020-09-24,129.26333618164062
2020-09-25,135.77999877929688
2020-09-28,140.39999389648438
2020-09-29,139.69000244140625
2020-09-30,143.00332641601562
2020-10-01,149.3866729736328
2020-10-02,138.3633270263672
2020-10-05,141.89332580566406
2020-10-06,137.9933319091797
2020-10-07,141.76666259765625
2020-10-08,141.97332763671875
2020-10-09,144.6666717529297
2020-10-12,147.43333435058594
2020-10-13,148.88333129882812
2020-10-14,153.76666259765625
2020-10-15,149.6266632080078
2020-10-16,146.55667114257812
2020-10-19,143.61000061035156
2020-10-20,140.64666748046875
2020-10-21,140.8800048828125
2020-10-22,141.92999267578125
2020-10-23,140.2100067138672
2020-10-26,140.0933380126953
2020-10-27,141.55999755859375
2020-10-28,135.33999633789062
2020-10-29,136.94332885742188
2020-10-30,129.34666442871094
2020-11-02,133.50332641601562
2020-11-03,141.3000030517578
2020-11-04,140.32666015625
2020-11-05,146.02999877929688
2020-11-06,143.31666564941406
2020-11-09,140.4199981689453
2020-11-10,136.7866668701172
2020-11-11,139.0433349609375
2020-11-12,137.25332641601562
2020-11-13,136.1666717529297
2020-11-16,136.02999877929688
2020-11-17,147.20333862304688
2020-11-18,162.2133331298828
2020-11-19,166.42333984375
2020-11-20,163.20333862304688
2020-11-23,173.9499969482422
2020-11-24,185.1266632080078
2020-11-25,191.3333282470703
2020-11-27,195.2533264160156
2020-11-30,189.1999969482422
2020-12-01,194.9199981689453
2020-12-02,189.6066741943359
2020-12-03,197.7933349609375
2020-12-04,199.67999267578125
2020-12-07,213.9199981689453
2020-12-08,216.6266632080078
2020-12-09,201.4933319091797
2020-12-10,209.02333068847656
2020-12-11,203.3300018310547
2020-12-14,213.27667236328125
2020-12-15,211.0833282470703
2020-12-16,207.58999633789065
2020-12-17,218.63333129882812
2020-12-18,231.6666717529297
2020-12-21,216.6199951171875
2020-12-22,213.44667053222656
2020-12-23,215.32666015625
2020-12-24,220.58999633789065
2020-12-28,221.22999572753903
2020-12-29,221.9966735839844
2020-12-30,231.5933380126953
2020-12-31,235.22332763671875
2021-01-04,243.2566680908203
2021-01-05,245.0366668701172
2021-01-06,251.9933319091797
2021-01-07,272.0133361816406
2021-01-08,293.3399963378906
2021-01-11,270.39666748046875
2021-01-12,283.14666748046875
2021-01-13,284.8033447265625
2021-01-14,281.6666564941406
2021-01-15,275.38665771484375
2021-01-19,281.51666259765625
2021-01-20,283.48333740234375
2021-01-21,281.663330078125
2021-01-22,282.21331787109375
2021-01-25,293.6000061035156
2021-01-26,294.36334228515625
2021-01-27,288.0533447265625
2021-01-28,278.4766540527344
2021-01-29,264.510009765625
2021-02-01,279.9366760253906
2021-02-02,290.92999267578125
2021-02-03,284.89666748046875
2021-02-04,283.3299865722656
2021-02-05,284.07666015625
2021-02-08,287.8066711425781
2021-02-09,283.1533203125
2021-02-10,268.2733459472656
2021-02-11,270.5533447265625
2021-02-12,272.0400085449219
2021-02-16,265.40667724609375
2021-02-17,266.04998779296875
2021-02-18,262.4599914550781
2021-02-19,260.4333190917969
2021-02-22,238.1666717529297
2021-02-23,232.94667053222656
2021-02-24,247.33999633789065
2021-02-25,227.4066619873047
2021-02-26,225.1666717529297
2021-03-01,239.47666931152344
2021-03-02,228.81333923339844
2021-03-03,217.73333740234375
2021-03-04,207.14666748046875
2021-03-05,199.3166656494141
2021-03-08,187.6666717529297
2021-03-09,224.52667236328125
2021-03-10,222.68666076660156
2021-03-11,233.1999969482422
2021-03-12,231.2433319091797
2021-03-15,235.97999572753903
2021-03-16,225.6266632080078
2021-03-17,233.93666076660156
2021-03-18,217.72000122070312
2021-03-19,218.2899932861328
2021-03-22,223.3333282470703
2021-03-23,220.72000122070312
2021-03-24,210.08999633789065
2021-03-25,213.4633331298828
2021-03-26,206.23666381835935
2021-03-29,203.76333618164065
2021-03-30,211.8733367919922
2021-03-31,222.6433258056641
2021-04-01,220.5833282470703
2021-04-05,230.3500061035156
2021-04-06,230.5399932861328
2021-04-07,223.6566619873047
2021-04-08,227.9333343505859
2021-04-09,225.67333984375
2021-04-12,233.9933319091797
2021-04-13,254.1066741943359
2021-04-14,244.07666015625
2021-04-15,246.28334045410156
2021-04-16,246.5933380126953
2021-04-19,238.2100067138672
2021-04-20,239.663330078125
2021-04-21,248.0399932861328
2021-04-22,239.89666748046875
2021-04-23,243.13333129882812
2021-04-26,246.0666656494141
2021-04-27,234.913330078125
2021-04-28,231.46665954589844
2021-04-29,225.6666717529297
2021-04-30,236.47999572753903
2021-05-03,228.3000030517578
2021-05-04,224.53334045410156
2021-05-05,223.64666748046875
2021-05-06,221.17999267578125
2021-05-07,224.1233367919922
2021-05-10,209.67999267578125
2021-05-11,205.73333740234375
2021-05-12,196.6300048828125
2021-05-13,190.56333923339844
2021-05-14,196.5800018310547
2021-05-17,192.27667236328125
2021-05-18,192.6233367919922
2021-05-19,187.82000732421875
2021-05-20,195.5933380126953
2021-05-21,193.6266632080078
2021-05-24,202.14666748046875
2021-05-25,201.56333923339844
2021-05-26,206.3766632080078
2021-05-27,210.28334045410156
2021-05-28,208.4066619873047
2021-06-01,207.96665954589844
2021-06-02,201.7066650390625
2021-06-03,190.94667053222656
2021-06-04,199.6833343505859
2021-06-07,201.7100067138672
2021-06-08,201.19667053222656
2021-06-09,199.5933380126953
2021-06-10,203.3733367919922
2021-06-11,203.29666137695312
2021-06-14,205.89666748046875
2021-06-15,199.7866668701172
2021-06-16,201.6233367919922
2021-06-17,205.53334045410156
2021-06-18,207.77000427246097
2021-06-21,206.94332885742188
2021-06-22,207.90333557128903
2021-06-23,218.8566741943359
2021-06-24,226.6066741943359
2021-06-25,223.9566650390625
2021-06-28,229.5733337402344
2021-06-29,226.9199981689453
2021-06-30,226.5666656494141
2021-07-01,225.97332763671875
2021-07-02,226.3000030517578
2021-07-06,219.86000061035156
2021-07-07,214.88333129882812
2021-07-08,217.60333251953125
2021-07-09,218.98333740234375
2021-07-12,228.5666656494141
2021-07-13,222.84666442871097
2021-07-14,217.7933349609375
2021-07-15,216.86666870117188
2021-07-16,214.7400054931641
2021-07-19,215.4066619873047
2021-07-20,220.1666717529297
2021-07-21,218.42999267578125
2021-07-22,216.4199981689453
2021-07-23,214.4600067138672
2021-07-26,219.2066650390625
2021-07-27,214.9266662597656
2021-07-28,215.66000366210935
2021-07-29,225.78334045410156
2021-07-30,229.0666656494141
2021-08-02,236.55667114257812
2021-08-03,236.5800018310547
2021-08-04,236.97332763671875
2021-08-05,238.2100067138672
2021-08-06,233.03334045410156
2021-08-09,237.9199981689453
2021-08-10,236.663330078125
2021-08-11,235.94000244140625
2021-08-12,240.75
2021-08-13,239.05667114257812
2021-08-16,228.72332763671875
2021-08-17,221.90333557128903
2021-08-18,229.663330078125
2021-08-19,224.4900054931641
2021-08-20,226.7533264160156
2021-08-23,235.4333343505859
2021-08-24,236.163330078125
2021-08-25,237.0666656494141
2021-08-26,233.72000122070312
2021-08-27,237.30667114257812
2021-08-30,243.6366729736328
2021-08-31,245.2400054931641
2021-09-01,244.69667053222656
2021-09-02,244.1300048828125
2021-09-03,244.52333068847656
2021-09-07,250.97332763671875
2021-09-08,251.2899932861328
2021-09-09,251.6199951171875
2021-09-10,245.42333984375
2021-09-13,247.6666717529297
2021-09-14,248.163330078125
2021-09-15,251.94332885742188
2021-09-16,252.3300018310547
2021-09-17,253.163330078125
2021-09-20,243.38999938964844
2021-09-21,246.4600067138672
2021-09-22,250.64666748046875
2021-09-23,251.2133331298828
2021-09-24,258.1300048828125
2021-09-27,263.78668212890625
2021-09-28,259.1866760253906
2021-09-29,260.4366760253906
2021-09-30,258.49334716796875
2021-10-01,258.40667724609375
2021-10-04,260.510009765625
2021-10-05,260.1966552734375
2021-10-06,260.9166564941406
2021-10-07,264.53668212890625
2021-10-08,261.8299865722656
2021-10-11,263.9800109863281
2021-10-12,268.5733337402344
2021-10-13,270.3599853515625
2021-10-14,272.7733459472656
2021-10-15,281.010009765625
2021-10-18,290.03668212890625
2021-10-19,288.0899963378906
2021-10-20,288.6000061035156
2021-10-21,298.0
2021-10-22,303.2266540527344
2021-10-25,341.6199951171875
2021-10-26,339.4766540527344
2021-10-27,345.9533386230469
2021-10-28,359.0133361816406
2021-10-29,371.3333435058594
2021-11-01,402.86334228515625
2021-11-02,390.6666564941406
2021-11-03,404.6199951171875
2021-11-04,409.9700012207031
2021-11-05,407.36334228515625
2021-11-08,387.6466674804687
2021-11-09,341.1666564941406
2021-11-10,355.98333740234375
2021-11-11,354.5033264160156
2021-11-12,344.47332763671875
2021-11-15,337.7966613769531
2021-11-16,351.57666015625
2021-11-17,363.0033264160156
2021-11-18,365.4599914550781
2021-11-19,379.0199890136719
2021-11-22,385.6233215332031
2021-11-23,369.6766662597656
2021-11-24,372.0
2021-11-26,360.6400146484375
2021-11-29,378.9966735839844
2021-11-30,381.586669921875
2021-12-01,365.0
2021-12-02,361.5333251953125
2021-12-03,338.3233337402344
2021-12-06,336.336669921875
2021-12-07,350.5833435058594
2021-12-08,356.32000732421875
2021-12-09,334.6000061035156
2021-12-10,339.010009765625
2021-12-13,322.13665771484375
2021-12-14,319.5033264160156
2021-12-15,325.3299865722656
2021-12-16,308.97332763671875
2021-12-17,310.8566589355469
2021-12-20,299.9800109863281
2021-12-21,312.84332275390625
2021-12-22,336.2900085449219
2021-12-23,355.6666564941406
2021-12-27,364.6466674804687
2021-12-28,362.8233337402344
2021-12-29,362.0633239746094
2021-12-30,356.7799987792969
2021-12-31,352.260009765625
2022-01-03,399.9266662597656
2022-01-04,383.1966552734375
2022-01-05,362.7066650390625
2022-01-06,354.8999938964844
2022-01-07,342.32000732421875
2022-01-10,352.7066650390625
2022-01-11,354.79998779296875
2022-01-12,368.739990234375
2022-01-13,343.85333251953125
2022-01-14,349.8699951171875
2022-01-18,343.5033264160156
2022-01-19,331.8833312988281
2022-01-20,332.0899963378906
2022-01-21,314.6333312988281
2022-01-24,310.0
2022-01-25,306.1333312988281
2022-01-26,312.4700012207031
2022-01-27,276.3666687011719
2022-01-28,282.1166687011719
2022-01-31,312.239990234375
2022-02-01,310.4166564941406
2022-02-02,301.88665771484375
2022-02-03,297.0466613769531
2022-02-04,307.7733459472656
2022-02-07,302.4466552734375
2022-02-08,307.3333435058594
2022-02-09,310.6666564941406
2022-02-10,301.51666259765625
2022-02-11,286.6666564941406
2022-02-14,291.9200134277344
2022-02-15,307.4766540527344
2022-02-16,307.7966613769531
2022-02-17,292.1166687011719
2022-02-18,285.6600036621094
2022-02-22,273.84332275390625
2022-02-23,254.67999267578125
2022-02-24,266.92333984375
2022-02-25,269.9566650390625
2022-02-28,290.1433410644531
2022-03-01,288.1233215332031
2022-03-02,293.2966613769531
2022-03-03,279.7633361816406
2022-03-04,279.42999267578125
2022-03-07,268.1933288574219
2022-03-08,274.79998779296875
2022-03-09,286.3233337402344
2022-03-10,279.4333190917969
2022-03-11,265.1166687011719
2022-03-14,255.4566650390625
2022-03-15,267.2966613769531
2022-03-16,280.07666015625
2022-03-17,290.5333251953125
2022-03-18,301.7966613769531
2022-03-21,307.0533447265625
2022-03-22,331.32666015625
2022-03-23,333.03668212890625
2022-03-24,337.97332763671875
2022-03-25,336.8800048828125
2022-03-28,363.9466552734375
2022-03-29,366.5233459472656
2022-03-30,364.663330078125
2022-03-31,359.20001220703125
2022-04-01,361.5299987792969
2022-04-04,381.8166809082031
2022-04-05,363.7533264160156
2022-04-06,348.586669921875
2022-04-07,352.4200134277344
2022-04-08,341.8299865722656
2022-04-11,325.30999755859375
2022-04-12,328.98333740234375
2022-04-13,340.7900085449219
2022-04-14,328.3333435058594
2022-04-18,334.7633361816406
2022-04-19,342.7166748046875
2022-04-20,325.73333740234375
2022-04-21,336.260009765625
2022-04-22,335.01666259765625
2022-04-25,332.67333984375
2022-04-26,292.1400146484375
2022-04-27,293.836669921875
2022-04-28,292.5033264160156
2022-04-29,290.2533264160156
2022-05-02,300.9800109863281
2022-05-03,303.0833435058594
2022-05-04,317.5400085449219
2022-05-05,291.09332275390625
2022-05-06,288.54998779296875
2022-05-09,262.3699951171875
2022-05-10,266.67999267578125
2022-05-11,244.6666717529297
2022-05-12,242.6666717529297
2022-05-13,256.5299987792969
2022-05-16,241.4566650390625
2022-05-17,253.8699951171875
2022-05-18,236.60333251953125
2022-05-19,236.47332763671875
2022-05-20,221.3000030517578
2022-05-23,224.96665954589844
2022-05-24,209.3866729736328
2022-05-25,219.6000061035156
2022-05-26,235.91000366210935
2022-05-27,253.2100067138672
2022-05-31,252.7533264160156
2022-06-01,246.7899932861328
2022-06-02,258.3333435058594
2022-06-03,234.51666259765625
2022-06-06,238.27999877929688
2022-06-07,238.8866729736328
2022-06-08,241.86666870117188
2022-06-09,239.7066650390625
2022-06-10,232.22999572753903
2022-06-13,215.73666381835935
2022-06-14,220.88999938964844
2022-06-15,233.0
2022-06-16,213.1000061035156
2022-06-17,216.7599945068359
2022-06-21,237.0366668701172
2022-06-22,236.086669921875
2022-06-23,235.07000732421875
2022-06-24,245.7066650390625
2022-06-27,244.9199981689453
2022-06-28,232.663330078125
2022-06-29,228.4900054931641
2022-06-30,224.47332763671875
2022-07-01,227.26333618164065
2022-07-05,233.0666656494141
2022-07-06,231.73333740234375
2022-07-07,244.5433349609375
2022-07-08,250.76333618164065
2022-07-11,234.3433380126953
2022-07-12,233.07000732421875
2022-07-13,237.0399932861328
2022-07-14,238.31333923339844
2022-07-15,240.0666656494141
2022-07-18,240.54666137695312
2022-07-19,245.52999877929688
2022-07-20,247.5
2022-07-21,271.7066650390625
2022-07-22,272.24334716796875
2022-07-25,268.4333190917969
2022-07-26,258.8599853515625
2022-07-27,274.82000732421875
2022-07-28,280.8999938964844
2022-07-29,297.1499938964844
2022-08-01,297.27667236328125
2022-08-02,300.586669921875
2022-08-03,307.39666748046875
2022-08-04,308.6333312988281
2022-08-05,288.1700134277344
2022-08-08,290.42333984375
2022-08-09,283.3333435058594
2022-08-10,294.3566589355469
2022-08-11,286.6300048828125
2022-08-12,300.0299987792969
2022-08-15,309.32000732421875
2022-08-16,306.5633239746094
2022-08-17,303.9966735839844
2022-08-18,302.8699951171875
2022-08-19,296.6666564941406
2022-08-22,289.913330078125
2022-08-23,296.4533386230469
2022-08-24,297.0966796875
2022-08-25,296.07000732421875
2022-08-26,288.0899963378906
2022-08-29,284.82000732421875
2022-08-30,277.70001220703125
2022-08-31,275.6099853515625
2022-09-01,277.1600036621094
2022-09-02,270.2099914550781
2022-09-06,274.4200134277344
2022-09-07,283.70001220703125
2022-09-08,289.260009765625
2022-09-09,299.67999267578125
2022-09-12,304.4200134277344
2022-09-13,292.1300048828125
2022-09-14,302.6099853515625
2022-09-15,303.75
2022-09-16,303.3500061035156
2022-09-19,309.07000732421875
2022-09-20,308.7300109863281
2022-09-21,300.79998779296875
2022-09-22,288.5899963378906
2022-09-23,275.3299865722656
2022-09-26,276.010009765625
2022-09-27,282.94000244140625
2022-09-28,287.80999755859375
2022-09-29,268.2099914550781
2022-09-30,265.25
2022-10-03,242.3999938964844
2022-10-04,249.44000244140625
2022-10-05,240.80999755859375
2022-10-06,238.1300048828125
2022-10-07,223.07000732421875
2022-10-10,222.9600067138672
2022-10-11,216.5
2022-10-12,217.2400054931641
2022-10-13,221.72000122070312
2022-10-14,204.9900054931641
2022-10-17,219.3500061035156
2022-10-18,220.19000244140625
2022-10-19,222.0399932861328
2022-10-20,207.27999877929688
2022-10-21,214.44000244140625
2022-10-24,211.25
2022-10-25,222.4199981689453
2022-10-26,224.63999938964844
2022-10-27,225.08999633789065
2022-10-28,228.52000427246097
2022-10-31,227.5399932861328
2022-11-01,227.82000732421875
2022-11-02,214.97999572753903
2022-11-03,215.30999755859375
2022-11-04,207.47000122070312
2022-11-07,197.0800018310547
2022-11-08,191.3000030517578
2022-11-09,177.58999633789062
2022-11-10,190.72000122070312
2022-11-11,195.97000122070312
2022-11-14,190.9499969482422
2022-11-15,194.4199981689453
2022-11-16,186.9199981689453
2022-11-17,183.1699981689453
2022-11-18,180.19000244140625
2022-11-21,167.8699951171875
2022-11-22,169.91000366210938
2022-11-23,183.1999969482422
2022-11-25,182.86000061035156
2022-11-28,182.9199981689453
2022-11-29,180.8300018310547
2022-11-30,194.6999969482422
2022-12-01,194.6999969482422
2022-12-02,194.86000061035156
2022-12-05,182.4499969482422
2022-12-06,179.82000732421875
2022-12-07,174.0399932861328
2022-12-08,173.44000244140625
2022-12-09,179.0500030517578
2022-12-12,167.82000732421875
2022-12-13,160.9499969482422
2022-12-14,156.8000030517578
2022-12-15,157.6699981689453
2022-12-16,150.22999572753906
2022-12-19,149.8699951171875
2022-12-20,137.8000030517578
2022-12-21,137.57000732421875
2022-12-22,125.3499984741211
2022-12-23,123.1500015258789
2022-12-27,109.0999984741211
2022-12-28,112.70999908447266
2022-12-29,121.81999969482422
2022-12-30,123.18000030517578
2023-01-03,108.0999984741211
2023-01-04,113.63999938964844
2023-01-05,110.33999633789062
2023-01-06,113.05999755859376
2023-01-09,119.7699966430664
2023-01-10,118.8499984741211
2023-01-11,123.22000122070312
2023-01-12,123.55999755859376
2023-01-13,122.4000015258789
2023-01-17,131.49000549316406
2023-01-18,128.77999877929688
2023-01-19,127.16999816894533
2023-01-20,133.4199981689453
2023-01-23,143.75
2023-01-24,143.88999938964844
2023-01-25,144.42999267578125
2023-01-26,160.27000427246094
2023-01-27,177.89999389648438
2023-01-30,166.66000366210938
2023-01-31,173.22000122070312
2023-02-01,181.41000366210935
2023-02-02,188.27000427246097
2023-02-03,189.97999572753903
2023-02-06,194.7599945068359
2023-02-07,196.80999755859375
2023-02-08,201.2899932861328
2023-02-09,207.32000732421875
2023-02-10,196.88999938964844
2023-02-13,194.63999938964844
2023-02-14,209.25
2023-02-15,214.2400054931641
2023-02-16,202.0399932861328
2023-02-17,208.30999755859375
2023-02-21,197.3699951171875
2023-02-22,200.86000061035156
2023-02-23,202.07000732421875
2023-02-24,196.8800048828125
2023-02-27,207.6300048828125
2023-02-28,205.7100067138672
2023-03-01,202.77000427246097
2023-03-02,190.8999938964844
2023-03-03,197.7899932861328
2023-03-06,193.80999755859375
2023-03-07,187.7100067138672
2023-03-08,182.0
2023-03-09,172.9199981689453
2023-03-10,173.44000244140625
2023-03-13,174.47999572753906
2023-03-14,183.2599945068359
2023-03-15,180.4499969482422
2023-03-16,184.1300048828125
2023-03-17,180.1300048828125
2023-03-20,183.25
2023-03-21,197.5800018310547
2023-03-22,191.1499938964844
2023-03-23,192.22000122070312
2023-03-24,190.41000366210935
2023-03-27,191.80999755859375
2023-03-28,189.19000244140625
2023-03-29,193.8800048828125
2023-03-30,195.27999877929688
2023-03-31,207.4600067138672
2023-04-03,194.77000427246097
2023-04-04,192.5800018310547
2023-04-05,185.52000427246097
2023-04-06,185.05999755859375
2023-04-10,184.5099945068359
2023-04-11,186.7899932861328
2023-04-12,180.5399932861328
2023-04-13,185.8999938964844
2023-04-14,185.0
2023-04-17,187.0399932861328
2023-04-18,184.30999755859375
2023-04-19,180.58999633789065
2023-04-20,162.99000549316406
2023-04-21,165.0800018310547
2023-04-24,162.5500030517578
2023-04-25,160.6699981689453
2023-04-26,153.75
2023-04-27,160.19000244140625
2023-04-28,164.30999755859375
2023-05-01,161.8300018310547
2023-05-02,160.30999755859375
2023-05-03,160.61000061035156
2023-05-04,161.1999969482422
2023-05-05,170.05999755859375
2023-05-08,171.7899932861328
2023-05-09,169.14999389648438
2023-05-10,168.5399932861328
2023-05-11,172.0800018310547
2023-05-12,167.97999572753906
2023-05-15,166.35000610351562
2023-05-16,166.52000427246094
2023-05-17,173.86000061035156
2023-05-18,176.88999938964844
2023-05-19,180.13999938964844
2023-05-22,188.8699951171875
2023-05-23,185.77000427246097
2023-05-24,182.8999938964844
2023-05-25,184.47000122070312
2023-05-26,193.1699981689453
2023-05-30,201.16000366210935
2023-05-31,203.92999267578125
2023-06-01,207.52000427246097
2023-06-02,213.97000122070312
2023-06-05,217.61000061035156
2023-06-06,221.30999755859375
2023-06-07,224.57000732421875
2023-06-08,234.86000061035156
2023-06-09,244.3999938964844
2023-06-12,249.8300018310547
2023-06-13,258.7099914550781
2023-06-14,256.7900085449219
2023-06-15,255.8999938964844
2023-06-16,260.5400085449219
2023-06-20,274.45001220703125
2023-06-21,259.4599914550781
2023-06-22,264.6099853515625
2023-06-23,256.6000061035156
2023-06-26,241.0500030517578
2023-06-27,250.2100067138672
2023-06-28,256.239990234375
2023-06-29,257.5
2023-06-30,261.7699890136719
2023-07-03,279.82000732421875
2023-07-05,282.4800109863281
2023-07-06,276.5400085449219
2023-07-07,274.42999267578125
2023-07-10,269.6099853515625
2023-07-11,269.7900085449219
2023-07-12,271.989990234375
2023-07-13,277.8999938964844
2023-07-14,281.3800048828125
2023-07-17,290.3800048828125
2023-07-18,293.3399963378906
2023-07-19,291.260009765625
2023-07-20,262.8999938964844
2023-07-21,260.0199890136719
2023-07-24,269.05999755859375
2023-07-25,265.2799987792969
2023-07-26,264.3500061035156
2023-07-27,255.7100067138672
2023-07-28,266.44000244140625
2023-07-31,267.42999267578125
2023-08-01,261.07000732421875
2023-08-02,254.11000061035156
2023-08-03,259.32000732421875
2023-08-04,253.86000061035156
2023-08-07,251.4499969482422
2023-08-08,249.6999969482422
2023-08-09,242.19000244140625
2023-08-10,245.33999633789065
2023-08-11,242.6499938964844
2023-08-14,239.7599945068359
2023-08-15,232.9600067138672
2023-08-16,225.6000061035156
2023-08-17,219.22000122070312
2023-08-18,215.4900054931641
2023-08-21,231.27999877929688
2023-08-22,233.19000244140625
2023-08-23,236.86000061035156
2023-08-24,230.0399932861328
2023-08-25,238.58999633789065
2023-08-28,238.82000732421875
2023-08-29,257.17999267578125
2023-08-30,256.8999938964844
2023-08-31,258.0799865722656
2023-09-01,245.0099945068359
2023-09-05,256.489990234375
2023-09-06,251.9199981689453
2023-09-07,251.4900054931641
2023-09-08,248.5
2023-09-11,273.5799865722656
2023-09-12,267.4800109863281
2023-09-13,271.29998779296875
2023-09-14,276.0400085449219
2023-09-15,274.3900146484375
2023-09-18,265.2799987792969
2023-09-19,266.5
2023-09-20,262.5899963378906
2023-09-21,255.6999969482422
2023-09-22,244.8800048828125
2023-09-25,246.9900054931641
2023-09-26,244.1199951171875
2023-09-27,240.5
2023-09-28,246.3800048828125
2023-09-29,250.22000122070312
2023-10-02,251.6000061035156
2023-10-03,246.52999877929688
2023-10-04,261.1600036621094
2023-10-05,260.04998779296875
2023-10-06,260.5299987792969
2023-10-09,259.6700134277344
2023-10-10,263.6199951171875
2023-10-11,262.989990234375
2023-10-12,258.8699951171875
2023-10-13,251.1199951171875
2023-10-16,253.9199981689453
2023-10-17,254.8500061035156
2023-10-18,242.67999267578125
2023-10-19,220.11000061035156
2023-10-20,211.9900054931641
2023-10-23,212.0800018310547
2023-10-24,216.52000427246097
2023-10-25,212.4199981689453
2023-10-26,205.7599945068359
2023-10-27,207.3000030517578
2023-10-30,197.36000061035156
2023-10-31,200.83999633789065
2023-11-01,205.66000366210935
2023-11-02,218.5099945068359
2023-11-03,219.9600067138672
2023-11-06,219.27000427246097
2023-11-07,222.17999267578125
2023-11-08,222.11000061035156
2023-11-09,209.97999572753903
2023-11-10,214.6499938964844
2023-11-13,223.7100067138672
2023-11-14,237.41000366210935
2023-11-15,242.83999633789065
2023-11-16,233.58999633789065
2023-11-17,234.3000030517578
2023-11-20,235.6000061035156
2023-11-21,241.1999969482422
2023-11-22,234.2100067138672
2023-11-24,235.4499969482422
2023-11-27,236.0800018310547
2023-11-28,246.72000122070312
2023-11-29,244.13999938964844
2023-11-30,240.0800018310547
2023-12-01,238.8300018310547
2023-12-04,235.5800018310547
2023-12-05,238.72000122070312
2023-12-06,239.3699951171875
2023-12-07,242.63999938964844
2023-12-08,243.83999633789065
2023-12-11,239.7400054931641
2023-12-12,237.0099945068359
2023-12-13,239.2899932861328
2023-12-14,251.0500030517578
2023-12-15,253.5
2023-12-18,252.0800018310547
2023-12-19,257.2200012207031
2023-12-20,247.13999938964844
2023-12-21,254.5
2023-12-22,252.5399932861328
2023-12-26,256.6099853515625
2023-12-27,261.44000244140625
2023-12-28,253.17999267578125
2023-12-29,248.47999572753903
2024-01-02,248.4199981689453
2024-01-03,238.4499969482422
2024-01-04,237.92999267578125
2024-01-05,237.4900054931641
2024-01-08,240.4499969482422
2024-01-09,234.9600067138672
2024-01-10,233.94000244140625
2024-01-11,227.22000122070312
2024-01-12,218.88999938964844
2024-01-16,219.91000366210935
2024-01-17,215.5500030517578
2024-01-18,211.8800048828125
2024-01-19,212.19000244140625
2024-01-22,208.8000030517578
2024-01-23,209.13999938964844
2024-01-24,207.8300018310547
2024-01-25,182.6300048828125
2024-01-26,183.25
2024-01-29,190.92999267578125
2024-01-30,191.58999633789065
2024-01-31,187.2899932861328
2024-02-01,188.86000061035156
2024-02-02,187.91000366210935
2024-02-05,181.05999755859375
2024-02-06,185.1000061035156
2024-02-07,187.5800018310547
2024-02-08,189.55999755859375
2024-02-09,193.57000732421875
2024-02-12,188.1300048828125
2024-02-13,184.02000427246097
2024-02-14,188.7100067138672
2024-02-15,200.4499969482422
2024-02-16,199.9499969482422
2024-02-20,193.7599945068359
2024-02-21,194.77000427246097
2024-02-22,197.41000366210935
2024-02-23,191.97000122070312
2024-02-26,199.3999938964844
2024-02-27,199.72999572753903
2024-02-28,202.0399932861328
2024-02-29,201.8800048828125
2024-03-01,202.63999938964844
2024-03-04,188.13999938964844
2024-03-05,180.7400054931641
2024-03-06,176.5399932861328
2024-03-07,178.64999389648438
2024-03-08,175.33999633789062
2024-03-11,177.77000427246094
2024-03-12,177.5399932861328
2024-03-13,169.47999572753906
2024-03-14,162.5
2024-03-15,163.57000732421875
2024-03-18,173.8000030517578
2024-03-19,171.32000732421875
2024-03-20,175.66000366210938
2024-03-21,172.82000732421875
2024-03-22,170.8300018310547
2024-03-25,172.6300048828125
2024-03-26,177.6699981689453
2024-03-27,179.8300018310547
2024-03-28,175.7899932861328
2024-04-01,175.22000122070312
2024-04-02,166.6300048828125
2024-04-03,168.3800048828125
2024-04-04,171.11000061035156
2024-04-05,164.89999389648438
2024-04-08,172.97999572753906
2024-04-09,176.8800048828125
2024-04-10,171.75999450683594
2024-04-11,174.60000610351562
2024-04-12,171.0500030517578
2024-04-15,161.47999572753906
2024-04-16,157.11000061035156
2024-04-17,155.4499969482422
2024-04-18,149.92999267578125
2024-04-19,147.0500030517578
2024-04-22,142.0500030517578
2024-04-23,144.67999267578125
2024-04-24,162.1300048828125
2024-04-25,170.17999267578125
2024-04-26,168.2899932861328
2024-04-29,194.0500030517578
2024-04-30,183.27999877929688
2024-05-01,179.99000549316406
2024-05-02,180.00999450683594
2024-05-03,181.19000244140625
2024-05-06,184.7599945068359
2024-05-07,177.80999755859375
2024-05-08,174.72000122070312
2024-05-09,171.97000122070312
2024-05-10,168.47000122070312
2024-05-13,171.88999938964844
2024-05-14,177.5500030517578
2024-05-15,173.99000549316406
2024-05-16,174.83999633789062
2024-05-17,177.4600067138672
2024-05-20,174.9499969482422
2024-05-21,186.6000061035156
2024-05-22,180.11000061035156
2024-05-23,173.74000549316406
2024-05-24,179.24000549316406
2024-05-28,176.75
2024-05-29,176.19000244140625
2024-05-30,178.7899932861328
2024-05-31,178.0800018310547
2024-06-03,176.2899932861328
2024-06-04,174.77000427246094
2024-06-05,175.0
2024-06-06,177.94000244140625
2024-06-07,177.47999572753906
2024-06-10,173.7899932861328
2024-06-11,170.66000366210938
2024-06-12,177.2899932861328
2024-06-13,182.47000122070312
2024-06-14,178.00999450683594
2024-06-17,187.44000244140625
2024-06-18,184.86000061035156
2024-06-20,181.57000732421875
2024-06-21,183.0099945068359
2024-06-24,182.5800018310547
2024-06-25,187.3500061035156
2024-06-26,196.3699951171875
2024-06-27,197.4199981689453
2024-06-28,197.8800048828125
