Date,UNH_Close
2014-06-30,81.75
2014-07-01,81.88999938964844
2014-07-02,82.48999786376953
2014-07-03,83.3499984741211
2014-07-07,82.22000122070312
2014-07-08,81.93000030517578
2014-07-09,82.73999786376953
2014-07-10,82.08000183105469
2014-07-11,82.87000274658203
2014-07-14,84.2699966430664
2014-07-15,83.9000015258789
2014-07-16,83.76000213623047
2014-07-17,85.11000061035156
2014-07-18,85.5199966430664
2014-07-21,85.05999755859375
2014-07-22,86.05000305175781
2014-07-23,85.94000244140625
2014-07-24,85.68000030517578
2014-07-25,84.68000030517578
2014-07-28,85.75
2014-07-29,84.2699966430664
2014-07-30,82.94999694824219
2014-07-31,81.05000305175781
2014-08-01,81.48999786376953
2014-08-04,82.2699966430664
2014-08-05,80.98999786376953
2014-08-06,81.5
2014-08-07,79.26000213623047
2014-08-08,80.12000274658203
2014-08-11,79.87000274658203
2014-08-12,80.22000122070312
2014-08-13,81.51000213623047
2014-08-14,81.81999969482422
2014-08-15,81.47000122070312
2014-08-18,82.33999633789062
2014-08-19,83.47000122070312
2014-08-20,83.43000030517578
2014-08-21,83.7699966430664
2014-08-22,83.77999877929688
2014-08-25,84.23999786376953
2014-08-26,85.12000274658203
2014-08-27,86.37999725341797
2014-08-28,86.33999633789062
2014-08-29,86.68000030517578
2014-09-02,86.38999938964844
2014-09-03,86.79000091552734
2014-09-04,87.05999755859375
2014-09-05,87.75
2014-09-08,87.91000366210938
2014-09-09,88.55999755859375
2014-09-10,87.25
2014-09-11,87.08000183105469
2014-09-12,86.18000030517578
2014-09-15,86.02999877929688
2014-09-16,87.16000366210938
2014-09-17,86.98999786376953
2014-09-18,87.62999725341797
2014-09-19,87.80000305175781
2014-09-22,87.7699966430664
2014-09-23,86.58999633789062
2014-09-24,88.20999908447266
2014-09-25,86.18000030517578
2014-09-26,86.5999984741211
2014-09-29,86.51000213623047
2014-09-30,86.25
2014-10-01,84.87999725341797
2014-10-02,84.9000015258789
2014-10-03,86.0199966430664
2014-10-06,85.08999633789062
2014-10-07,84.19000244140625
2014-10-08,86.62000274658203
2014-10-09,84.94000244140625
2014-10-10,85.38999938964844
2014-10-13,83.94999694824219
2014-10-14,82.81999969482422
2014-10-15,82.16000366210938
2014-10-16,85.38999938964844
2014-10-17,88.18000030517578
2014-10-20,88.54000091552734
2014-10-21,90.9499969482422
2014-10-22,89.7699966430664
2014-10-23,90.66000366210938
2014-10-24,91.63999938964844
2014-10-27,92.12999725341795
2014-10-28,92.63999938964844
2014-10-29,92.95999908447266
2014-10-30,93.87999725341795
2014-10-31,95.01000213623048
2014-11-03,94.86000061035156
2014-11-04,94.9800033569336
2014-11-05,95.8000030517578
2014-11-06,96.20999908447266
2014-11-07,93.61000061035156
2014-11-10,94.75
2014-11-11,95.69000244140624
2014-11-12,95.68000030517578
2014-11-13,95.9000015258789
2014-11-14,95.11000061035156
2014-11-17,96.47000122070312
2014-11-18,98.19000244140624
2014-11-19,96.86000061035156
2014-11-20,96.8499984741211
2014-11-21,96.70999908447266
2014-11-24,96.9000015258789
2014-11-25,97.9000015258789
2014-11-26,98.11000061035156
2014-11-28,98.62999725341795
2014-12-01,99.05999755859376
2014-12-02,99.83000183105467
2014-12-03,100.8000030517578
2014-12-04,99.66999816894533
2014-12-05,100.33000183105467
2014-12-08,99.91999816894533
2014-12-09,101.0199966430664
2014-12-10,99.08999633789062
2014-12-11,99.7300033569336
2014-12-12,98.76000213623048
2014-12-15,98.2699966430664
2014-12-16,95.8499984741211
2014-12-17,99.13999938964844
2014-12-18,102.23999786376952
2014-12-19,102.48999786376952
2014-12-22,103.04000091552734
2014-12-23,102.8499984741211
2014-12-24,102.68000030517578
2014-12-26,102.5500030517578
2014-12-29,102.33000183105467
2014-12-30,102.8499984741211
2014-12-31,101.08999633789062
2015-01-02,100.77999877929688
2015-01-05,99.12000274658205
2015-01-06,98.91999816894533
2015-01-07,99.93000030517578
2015-01-08,104.6999969482422
2015-01-09,103.72000122070312
2015-01-12,102.5500030517578
2015-01-13,103.06999969482422
2015-01-14,103.33000183105467
2015-01-15,104.45999908447266
2015-01-16,105.7699966430664
2015-01-20,105.62000274658205
2015-01-21,109.31999969482422
2015-01-22,113.8499984741211
2015-01-23,112.0
2015-01-26,111.61000061035156
2015-01-27,110.01000213623048
2015-01-28,108.45999908447266
2015-01-29,109.38999938964844
2015-01-30,106.25
2015-02-02,107.29000091552734
2015-02-03,107.80999755859376
2015-02-04,107.91999816894533
2015-02-05,108.81999969482422
2015-02-06,107.5999984741211
2015-02-09,106.48999786376952
2015-02-10,108.97000122070312
2015-02-11,109.8499984741211
2015-02-12,109.83999633789062
2015-02-13,109.44000244140624
2015-02-17,109.76000213623048
2015-02-18,109.7699966430664
2015-02-19,110.02999877929688
2015-02-20,112.62000274658205
2015-02-23,116.4000015258789
2015-02-24,115.43000030517578
2015-02-25,114.0500030517578
2015-02-26,113.66000366210938
2015-02-27,113.62999725341795
2015-03-02,114.4000015258789
2015-03-03,112.86000061035156
2015-03-04,113.81999969482422
2015-03-05,114.79000091552734
2015-03-06,112.87999725341795
2015-03-09,114.9000015258789
2015-03-10,112.45999908447266
2015-03-11,112.72000122070312
2015-03-12,114.87999725341795
2015-03-13,115.25
2015-03-16,118.5199966430664
2015-03-17,117.5999984741211
2015-03-18,119.95999908447266
2015-03-19,120.76000213623048
2015-03-20,119.13999938964844
2015-03-23,119.04000091552734
2015-03-24,118.12000274658205
2015-03-25,116.54000091552734
2015-03-26,116.25
2015-03-27,118.01000213623048
2015-03-30,121.0
2015-03-31,118.29000091552734
2015-04-01,117.4499969482422
2015-04-02,117.36000061035156
2015-04-06,117.6999969482422
2015-04-07,117.3499984741211
2015-04-08,118.19000244140624
2015-04-09,118.5500030517578
2015-04-10,119.0
2015-04-13,119.37000274658205
2015-04-14,119.91999816894533
2015-04-15,117.31999969482422
2015-04-16,121.5999984741211
2015-04-17,118.70999908447266
2015-04-20,118.58000183105467
2015-04-21,119.27999877929688
2015-04-22,117.80999755859376
2015-04-23,118.26000213623048
2015-04-24,118.69000244140624
2015-04-27,116.23999786376952
2015-04-28,117.58999633789062
2015-04-29,113.61000061035156
2015-04-30,111.4000015258789
2015-05-01,113.1999969482422
2015-05-04,114.55999755859376
2015-05-05,113.37000274658205
2015-05-06,113.48999786376952
2015-05-07,114.76000213623048
2015-05-08,115.68000030517578
2015-05-11,114.7699966430664
2015-05-12,114.63999938964844
2015-05-13,115.86000061035156
2015-05-14,118.52999877929688
2015-05-15,119.33000183105467
2015-05-18,119.8000030517578
2015-05-19,120.5500030517578
2015-05-20,121.23999786376952
2015-05-21,120.45999908447266
2015-05-22,119.58999633789062
2015-05-26,118.23999786376952
2015-05-27,119.4499969482422
2015-05-28,119.62000274658205
2015-05-29,120.20999908447266
2015-06-01,119.86000061035156
2015-06-02,117.75
2015-06-03,118.3499984741211
2015-06-04,116.6500015258789
2015-06-05,116.52999877929688
2015-06-08,116.91000366210938
2015-06-09,116.98999786376952
2015-06-10,118.5500030517578
2015-06-11,119.31999969482422
2015-06-12,117.6500015258789
2015-06-15,118.9800033569336
2015-06-16,121.5500030517578
2015-06-17,119.73999786376952
2015-06-18,120.88999938964844
2015-06-19,120.33000183105467
2015-06-22,120.25
2015-06-23,122.73999786376952
2015-06-24,119.16999816894533
2015-06-25,122.33000183105467
2015-06-26,123.25
2015-06-29,121.19000244140624
2015-06-30,122.0
2015-07-01,123.37999725341795
2015-07-02,121.80999755859376
2015-07-06,122.16000366210938
2015-07-07,120.6999969482422
2015-07-08,118.77999877929688
2015-07-09,119.33999633789062
2015-07-10,122.1500015258789
2015-07-13,122.4499969482422
2015-07-14,125.0
2015-07-15,125.86000061035156
2015-07-16,124.93000030517578
2015-07-17,123.8499984741211
2015-07-20,122.6500015258789
2015-07-21,120.86000061035156
2015-07-22,120.61000061035156
2015-07-23,119.33000183105467
2015-07-24,117.94000244140624
2015-07-27,117.87999725341795
2015-07-28,121.5199966430664
2015-07-29,121.5199966430664
2015-07-30,120.55999755859376
2015-07-31,121.4000015258789
2015-08-03,120.88999938964844
2015-08-04,120.83999633789062
2015-08-05,123.91999816894533
2015-08-06,122.04000091552734
2015-08-07,121.81999969482422
2015-08-10,122.4800033569336
2015-08-11,122.26000213623048
2015-08-12,121.1999969482422
2015-08-13,120.5199966430664
2015-08-14,121.0199966430664
2015-08-17,123.81999969482422
2015-08-18,125.5
2015-08-19,123.22000122070312
2015-08-20,119.79000091552734
2015-08-21,116.27999877929688
2015-08-24,110.43000030517578
2015-08-25,109.9800033569336
2015-08-26,113.45999908447266
2015-08-27,117.7699966430664
2015-08-28,117.27999877929688
2015-08-31,115.6999969482422
2015-09-01,112.62999725341795
2015-09-02,114.2300033569336
2015-09-03,113.98999786376952
2015-09-04,112.36000061035156
2015-09-08,116.08999633789062
2015-09-09,115.08000183105467
2015-09-10,116.7699966430664
2015-09-11,118.6999969482422
2015-09-14,117.8000030517578
2015-09-15,120.02999877929688
2015-09-16,121.1500015258789
2015-09-17,123.26000213623048
2015-09-18,122.47000122070312
2015-09-21,123.94000244140624
2015-09-22,122.93000030517578
2015-09-23,123.27999877929688
2015-09-24,121.08999633789062
2015-09-25,116.37000274658205
2015-09-28,112.6999969482422
2015-09-29,114.22000122070312
2015-09-30,116.01000213623048
2015-10-01,116.61000061035156
2015-10-02,118.83000183105467
2015-10-05,119.6500015258789
2015-10-06,116.0500030517578
2015-10-07,116.43000030517578
2015-10-08,116.08000183105467
2015-10-09,119.2699966430664
2015-10-12,122.51000213623048
2015-10-13,123.98999786376952
2015-10-14,122.06999969482422
2015-10-15,120.16999816894533
2015-10-16,119.9800033569336
2015-10-19,120.7300033569336
2015-10-20,120.41999816894533
2015-10-21,118.11000061035156
2015-10-22,113.80999755859376
2015-10-23,115.91999816894533
2015-10-26,116.52999877929688
2015-10-27,119.37000274658205
2015-10-28,119.77999877929688
2015-10-29,119.70999908447266
2015-10-30,117.77999877929688
2015-11-02,118.69000244140624
2015-11-03,117.66000366210938
2015-11-04,114.63999938964844
2015-11-05,116.2300033569336
2015-11-06,114.80999755859376
2015-11-09,114.26000213623048
2015-11-10,115.88999938964844
2015-11-11,114.54000091552734
2015-11-12,112.81999969482422
2015-11-13,111.41000366210938
2015-11-16,113.81999969482422
2015-11-17,114.38999938964844
2015-11-18,117.25
2015-11-19,110.62999725341795
2015-11-20,112.97000122070312
2015-11-23,112.16000366210938
2015-11-24,113.19000244140624
2015-11-25,114.41000366210938
2015-11-27,114.33999633789062
2015-11-30,112.70999908447266
2015-12-01,116.26000213623048
2015-12-02,117.63999938964844
2015-12-03,115.0
2015-12-04,117.73999786376952
2015-12-07,115.91000366210938
2015-12-08,115.87999725341795
2015-12-09,115.0500030517578
2015-12-10,116.20999908447266
2015-12-11,115.9800033569336
2015-12-14,115.8499984741211
2015-12-15,117.61000061035156
2015-12-16,118.83000183105467
2015-12-17,119.22000122070312
2015-12-18,115.81999969482422
2015-12-21,117.41000366210938
2015-12-22,117.44000244140624
2015-12-23,118.69000244140624
2015-12-24,118.33999633789062
2015-12-28,118.33000183105467
2015-12-29,119.81999969482422
2015-12-30,118.91999816894533
2015-12-31,117.63999938964844
2016-01-04,116.45999908447266
2016-01-05,116.68000030517578
2016-01-06,115.48999786376952
2016-01-07,112.08999633789062
2016-01-08,110.16000366210938
2016-01-11,109.58000183105467
2016-01-12,112.26000213623048
2016-01-13,109.2300033569336
2016-01-14,110.76000213623048
2016-01-15,109.2699966430664
2016-01-19,112.58000183105467
2016-01-20,114.79000091552734
2016-01-21,113.5
2016-01-22,114.33000183105467
2016-01-25,113.37999725341795
2016-01-26,113.95999908447266
2016-01-27,112.33000183105467
2016-01-28,111.37999725341795
2016-01-29,115.16000366210938
2016-02-01,115.88999938964844
2016-02-02,113.87999725341795
2016-02-03,112.75
2016-02-04,114.1999969482422
2016-02-05,111.72000122070312
2016-02-08,110.0199966430664
2016-02-09,111.16000366210938
2016-02-10,112.73999786376952
2016-02-11,110.62000274658205
2016-02-12,111.81999969482422
2016-02-16,115.1500015258789
2016-02-17,118.3000030517578
2016-02-18,117.4499969482422
2016-02-19,117.68000030517578
2016-02-22,121.2699966430664
2016-02-23,121.1500015258789
2016-02-24,120.1999969482422
2016-02-25,121.1999969482422
2016-02-26,121.33000183105467
2016-02-29,119.0999984741211
2016-03-01,121.66999816894533
2016-03-02,121.2699966430664
2016-03-03,121.81999969482422
2016-03-04,121.8000030517578
2016-03-07,121.76000213623048
2016-03-08,121.66000366210938
2016-03-09,121.0999984741211
2016-03-10,122.08999633789062
2016-03-11,125.0999984741211
2016-03-14,125.22000122070312
2016-03-15,124.8499984741211
2016-03-16,124.9000015258789
2016-03-17,124.52999877929688
2016-03-18,126.72000122070312
2016-03-21,126.73999786376952
2016-03-22,128.02000427246094
2016-03-23,129.7899932861328
2016-03-24,128.58999633789062
2016-03-28,128.9199981689453
2016-03-29,129.8300018310547
2016-03-30,129.67999267578125
2016-03-31,128.89999389648438
2016-04-01,129.9199981689453
2016-04-04,129.49000549316406
2016-04-05,127.04000091552734
2016-04-06,128.02999877929688
2016-04-07,126.87000274658205
2016-04-08,125.68000030517578
2016-04-11,126.33000183105467
2016-04-12,126.8000030517578
2016-04-13,127.76000213623048
2016-04-14,127.9800033569336
2016-04-15,127.33000183105467
2016-04-18,127.80999755859376
2016-04-19,130.5
2016-04-20,133.92999267578125
2016-04-21,132.9600067138672
2016-04-22,134.1300048828125
2016-04-25,133.77999877929688
2016-04-26,134.24000549316406
2016-04-27,132.8000030517578
2016-04-28,132.07000732421875
2016-04-29,131.67999267578125
2016-05-02,132.10000610351562
2016-05-03,132.4600067138672
2016-05-04,132.02999877929688
2016-05-05,132.30999755859375
2016-05-06,132.0399932861328
2016-05-09,132.6699981689453
2016-05-10,133.57000732421875
2016-05-11,130.69000244140625
2016-05-12,129.74000549316406
2016-05-13,129.0
2016-05-16,130.63999938964844
2016-05-17,129.55999755859375
2016-05-18,130.50999450683594
2016-05-19,130.0
2016-05-20,130.94000244140625
2016-05-23,130.4199981689453
2016-05-24,132.58999633789062
2016-05-25,133.4199981689453
2016-05-26,132.97999572753906
2016-05-27,134.0
2016-05-31,133.6699981689453
2016-06-01,134.52999877929688
2016-06-02,136.0399932861328
2016-06-03,136.83999633789062
2016-06-06,138.14999389648438
2016-06-07,136.94000244140625
2016-06-08,140.39999389648438
2016-06-09,140.67999267578125
2016-06-10,139.24000549316406
2016-06-13,138.08999633789062
2016-06-14,137.8699951171875
2016-06-15,137.25999450683594
2016-06-16,138.66000366210938
2016-06-17,137.69000244140625
2016-06-20,138.52000427246094
2016-06-21,138.19000244140625
2016-06-22,137.89999389648438
2016-06-23,139.19000244140625
2016-06-24,137.2899932861328
2016-06-27,137.11000061035156
2016-06-28,138.7100067138672
2016-06-29,140.52000427246094
2016-06-30,141.1999969482422
2016-07-01,140.86000061035156
2016-07-05,141.55999755859375
2016-07-06,142.3800048828125
2016-07-07,140.8000030517578
2016-07-08,141.27000427246094
2016-07-11,140.32000732421875
2016-07-12,139.86000061035156
2016-07-13,141.47999572753906
2016-07-14,140.83999633789062
2016-07-15,141.3300018310547
2016-07-18,140.75
2016-07-19,142.58999633789062
2016-07-20,143.02000427246094
2016-07-21,142.8699951171875
2016-07-22,143.69000244140625
2016-07-25,141.72999572753906
2016-07-26,141.6999969482422
2016-07-27,141.67999267578125
2016-07-28,142.75999450683594
2016-07-29,143.1999969482422
2016-08-01,143.50999450683594
2016-08-02,143.1699981689453
2016-08-03,142.8800048828125
2016-08-04,142.7100067138672
2016-08-05,142.99000549316406
2016-08-08,142.1300048828125
2016-08-09,141.82000732421875
2016-08-10,142.19000244140625
2016-08-11,142.6300048828125
2016-08-12,142.8800048828125
2016-08-15,141.6199951171875
2016-08-16,141.0800018310547
2016-08-17,141.7100067138672
2016-08-18,142.1699981689453
2016-08-19,142.0399932861328
2016-08-22,142.08999633789062
2016-08-23,142.00999450683594
2016-08-24,139.8699951171875
2016-08-25,137.3000030517578
2016-08-26,136.6199951171875
2016-08-29,137.27000427246094
2016-08-30,136.8699951171875
2016-08-31,136.0500030517578
2016-09-01,135.74000549316406
2016-09-02,136.61000061035156
2016-09-06,135.97000122070312
2016-09-07,134.99000549316406
2016-09-08,135.44000244140625
2016-09-09,133.6199951171875
2016-09-12,135.52999877929688
2016-09-13,133.9499969482422
2016-09-14,133.69000244140625
2016-09-15,135.61000061035156
2016-09-16,138.47000122070312
2016-09-19,137.67999267578125
2016-09-20,137.47000122070312
2016-09-21,139.91000366210938
2016-09-22,141.0399932861328
2016-09-23,140.50999450683594
2016-09-26,139.72000122070312
2016-09-27,140.7899932861328
2016-09-28,140.41000366210938
2016-09-29,138.32000732421875
2016-09-30,140.0
2016-10-03,138.49000549316406
2016-10-04,138.16000366210938
2016-10-05,137.60000610351562
2016-10-06,136.47000122070312
2016-10-07,136.66000366210938
2016-10-10,138.0800018310547
2016-10-11,134.75
2016-10-12,135.10000610351562
2016-10-13,134.19000244140625
2016-10-14,133.9199981689453
2016-10-17,134.1300048828125
2016-10-18,143.38999938964844
2016-10-19,144.3699951171875
2016-10-20,145.07000732421875
2016-10-21,145.3699951171875
2016-10-24,144.69000244140625
2016-10-25,143.77999877929688
2016-10-26,142.22999572753906
2016-10-27,141.94000244140625
2016-10-28,140.35000610351562
2016-10-31,141.3300018310547
2016-11-01,139.42999267578125
2016-11-02,138.97999572753906
2016-11-03,137.8300018310547
2016-11-04,137.7100067138672
2016-11-07,141.92999267578125
2016-11-08,142.89999389648438
2016-11-09,141.89999389648438
2016-11-10,146.1300048828125
2016-11-11,146.4199981689453
2016-11-14,152.27999877929688
2016-11-15,152.22999572753906
2016-11-16,151.5
2016-11-17,150.77000427246094
2016-11-18,149.4499969482422
2016-11-21,150.41000366210938
2016-11-22,152.25999450683594
2016-11-23,153.5399932861328
2016-11-25,152.80999755859375
2016-11-28,152.11000061035156
2016-11-29,157.58999633789062
2016-11-30,158.32000732421875
2016-12-01,160.94000244140625
2016-12-02,160.72999572753906
2016-12-05,157.6300048828125
2016-12-06,157.32000732421875
2016-12-07,159.39999389648438
2016-12-08,159.32000732421875
2016-12-09,160.1199951171875
2016-12-12,159.49000549316406
2016-12-13,160.5399932861328
2016-12-14,159.86000061035156
2016-12-15,160.6199951171875
2016-12-16,163.94000244140625
2016-12-19,161.5399932861328
2016-12-20,161.58999633789062
2016-12-21,161.3300018310547
2016-12-22,161.5800018310547
2016-12-23,163.02999877929688
2016-12-27,162.63999938964844
2016-12-28,161.44000244140625
2016-12-29,161.0399932861328
2016-12-30,160.0399932861328
2017-01-03,161.4499969482422
2017-01-04,161.91000366210938
2017-01-05,162.17999267578125
2017-01-06,162.41000366210938
2017-01-09,161.9499969482422
2017-01-10,161.5800018310547
2017-01-11,161.88999938964844
2017-01-12,162.36000061035156
2017-01-13,161.8000030517578
2017-01-17,160.66000366210938
2017-01-18,157.74000549316406
2017-01-19,158.6999969482422
2017-01-20,158.66000366210938
2017-01-23,159.07000732421875
2017-01-24,160.42999267578125
2017-01-25,161.24000549316406
2017-01-26,162.75
2017-01-27,162.99000549316406
2017-01-30,162.08999633789062
2017-01-31,162.10000610351562
2017-02-01,162.7100067138672
2017-02-02,160.75999450683594
2017-02-03,161.8699951171875
2017-02-06,160.50999450683594
2017-02-07,160.52999877929688
2017-02-08,160.30999755859375
2017-02-09,160.44000244140625
2017-02-10,160.75
2017-02-13,161.99000549316406
2017-02-14,163.1300048828125
2017-02-15,164.2899932861328
2017-02-16,163.64999389648438
2017-02-17,157.6199951171875
2017-02-21,160.57000732421875
2017-02-22,160.57000732421875
2017-02-23,162.60000610351562
2017-02-24,163.05999755859375
2017-02-27,165.3800048828125
2017-02-28,165.3800048828125
2017-03-01,167.94000244140625
2017-03-02,167.30999755859375
2017-03-03,168.1999969482422
2017-03-06,168.6999969482422
2017-03-07,168.3000030517578
2017-03-08,167.91000366210938
2017-03-09,168.00999450683594
2017-03-10,169.97999572753906
2017-03-13,170.2100067138672
2017-03-14,169.05999755859375
2017-03-15,171.77999877929688
2017-03-16,171.3000030517578
2017-03-17,169.6999969482422
2017-03-20,168.0
2017-03-21,167.6999969482422
2017-03-22,167.02999877929688
2017-03-23,165.2899932861328
2017-03-24,165.0
2017-03-27,164.60000610351562
2017-03-28,165.35000610351562
2017-03-29,163.44000244140625
2017-03-30,164.99000549316406
2017-03-31,164.00999450683594
2017-04-03,165.58999633789062
2017-04-04,164.97000122070312
2017-04-05,165.3699951171875
2017-04-06,165.33999633789062
2017-04-07,166.02000427246094
2017-04-10,165.47999572753906
2017-04-11,165.8300018310547
2017-04-12,165.55999755859375
2017-04-13,164.9600067138672
2017-04-17,167.17999267578125
2017-04-18,168.58999633789062
2017-04-19,169.25
2017-04-20,171.5399932861328
2017-04-21,171.16000366210938
2017-04-24,172.3300018310547
2017-04-25,174.0399932861328
2017-04-26,174.3800048828125
2017-04-27,174.6300048828125
2017-04-28,174.8800048828125
2017-05-01,174.58999633789062
2017-05-02,174.13999938964844
2017-05-03,172.5399932861328
2017-05-04,174.02000427246094
2017-05-05,174.1199951171875
2017-05-08,174.44000244140625
2017-05-09,173.24000549316406
2017-05-10,173.38999938964844
2017-05-11,173.32000732421875
2017-05-12,171.80999755859375
2017-05-15,171.52999877929688
2017-05-16,168.1199951171875
2017-05-17,168.86000061035156
2017-05-18,171.4499969482422
2017-05-19,172.58999633789062
2017-05-22,174.6999969482422
2017-05-23,175.22000122070312
2017-05-24,175.58999633789062
2017-05-25,178.0500030517578
2017-05-26,177.5
2017-05-30,176.58999633789062
2017-05-31,175.17999267578125
2017-06-01,179.5800018310547
2017-06-02,179.38999938964844
2017-06-05,179.3699951171875
2017-06-06,180.82000732421875
2017-06-07,183.2100067138672
2017-06-08,181.69000244140625
2017-06-09,181.4600067138672
2017-06-12,179.25
2017-06-13,181.0500030517578
2017-06-14,182.36000061035156
2017-06-15,180.3800048828125
2017-06-16,181.6300048828125
2017-06-19,183.02000427246097
2017-06-20,183.27000427246097
2017-06-21,184.9199981689453
2017-06-22,186.5
2017-06-23,185.25
2017-06-26,185.1199951171875
2017-06-27,184.6000061035156
2017-06-28,185.6999969482422
2017-06-29,185.27000427246097
2017-06-30,185.4199981689453
2017-07-03,186.6499938964844
2017-07-05,188.25
2017-07-06,186.94000244140625
2017-07-07,187.9600067138672
2017-07-10,186.9499969482422
2017-07-11,185.9499969482422
2017-07-12,186.69000244140625
2017-07-13,185.47999572753903
2017-07-14,186.8999938964844
2017-07-17,186.3500061035156
2017-07-18,186.8500061035156
2017-07-19,189.19000244140625
2017-07-20,191.5
2017-07-21,191.77999877929688
2017-07-24,190.88999938964844
2017-07-25,190.3999938964844
2017-07-26,190.75
2017-07-27,188.92999267578125
2017-07-28,191.1499938964844
2017-07-31,191.80999755859375
2017-08-01,192.22999572753903
2017-08-02,193.0
2017-08-03,194.77000427246097
2017-08-04,194.8800048828125
2017-08-07,194.77999877929688
2017-08-08,194.8999938964844
2017-08-09,194.8300018310547
2017-08-10,192.57000732421875
2017-08-11,193.02000427246097
2017-08-14,193.7100067138672
2017-08-15,194.5
2017-08-16,193.77000427246097
2017-08-17,192.6999969482422
2017-08-18,190.82000732421875
2017-08-21,192.02999877929688
2017-08-22,194.7899932861328
2017-08-23,194.2400054931641
2017-08-24,194.75
2017-08-25,194.36000061035156
2017-08-28,195.08999633789065
2017-08-29,196.72999572753903
2017-08-30,195.8800048828125
2017-08-31,198.8999938964844
2017-09-01,199.75
2017-09-05,199.30999755859375
2017-09-06,198.3800048828125
2017-09-07,198.1699981689453
2017-09-08,197.75
2017-09-11,199.5800018310547
2017-09-12,197.47000122070312
2017-09-13,198.3300018310547
2017-09-14,197.72999572753903
2017-09-15,198.17999267578125
2017-09-18,198.19000244140625
2017-09-19,194.6499938964844
2017-09-20,195.75
2017-09-21,195.2100067138672
2017-09-22,193.02999877929688
2017-09-25,191.75
2017-09-26,192.6999969482422
2017-09-27,194.4900054931641
2017-09-28,196.1000061035156
2017-09-29,195.8500061035156
2017-10-02,197.44000244140625
2017-10-03,198.6300048828125
2017-10-04,200.47999572753903
2017-10-05,197.8999938964844
2017-10-06,198.05999755859375
2017-10-09,196.3000030517578
2017-10-10,194.67999267578125
2017-10-11,195.2599945068359
2017-10-12,192.9199981689453
2017-10-13,192.52000427246097
2017-10-16,193.1999969482422
2017-10-17,203.88999938964844
2017-10-18,205.22999572753903
2017-10-19,203.25
2017-10-20,207.4900054931641
2017-10-23,207.0099945068359
2017-10-24,208.1499938964844
2017-10-25,207.55999755859375
2017-10-26,209.1499938964844
2017-10-27,212.6000061035156
2017-10-30,209.38999938964844
2017-10-31,210.22000122070312
2017-11-01,209.52999877929688
2017-11-02,211.1000061035156
2017-11-03,212.8699951171875
2017-11-06,212.1199951171875
2017-11-07,212.6999969482422
2017-11-08,210.77000427246097
2017-11-09,211.55999755859375
2017-11-10,211.07000732421875
2017-11-13,212.66000366210935
2017-11-14,211.7100067138672
2017-11-15,209.86000061035156
2017-11-16,211.1300048828125
2017-11-17,209.8999938964844
2017-11-20,210.25
2017-11-21,212.6000061035156
2017-11-22,211.22000122070312
2017-11-24,212.5099945068359
2017-11-27,212.3999938964844
2017-11-28,216.13999938964844
2017-11-29,222.8800048828125
2017-11-30,228.1699981689453
2017-12-01,226.77999877929688
2017-12-04,221.4199981689453
2017-12-05,220.08999633789065
2017-12-06,219.94000244140625
2017-12-07,220.1499938964844
2017-12-08,223.91000366210935
2017-12-11,222.77000427246097
2017-12-12,222.4900054931641
2017-12-13,224.3500061035156
2017-12-14,221.25
2017-12-15,221.82000732421875
2017-12-18,222.6699981689453
2017-12-19,222.0399932861328
2017-12-20,222.3800048828125
2017-12-21,221.69000244140625
2017-12-22,220.0
2017-12-26,219.6000061035156
2017-12-27,220.4199981689453
2017-12-28,222.77000427246097
2017-12-29,220.4600067138672
2018-01-02,221.16000366210935
2018-01-03,223.47999572753903
2018-01-04,224.4499969482422
2018-01-05,228.72999572753903
2018-01-08,224.7599945068359
2018-01-09,225.8800048828125
2018-01-10,224.1999969482422
2018-01-11,225.38999938964844
2018-01-12,228.63999938964844
2018-01-16,232.8999938964844
2018-01-17,238.42999267578125
2018-01-18,243.16000366210935
2018-01-19,243.3500061035156
2018-01-22,243.55999755859375
2018-01-23,245.2100067138672
2018-01-24,244.8500061035156
2018-01-25,245.17999267578125
2018-01-26,248.47000122070312
2018-01-29,247.41000366210935
2018-01-30,236.6499938964844
2018-01-31,236.77999877929688
2018-02-01,235.22000122070312
2018-02-02,231.8800048828125
2018-02-05,220.02000427246097
2018-02-06,225.17999267578125
2018-02-07,225.82000732421875
2018-02-08,216.4600067138672
2018-02-09,220.9600067138672
2018-02-12,225.69000244140625
2018-02-13,226.63999938964844
2018-02-14,228.77999877929688
2018-02-15,226.02000427246097
2018-02-16,229.3699951171875
2018-02-20,226.66000366210935
2018-02-21,225.1300048828125
2018-02-22,227.08999633789065
2018-02-23,230.16000366210935
2018-02-26,234.05999755859375
2018-02-27,232.52000427246097
2018-02-28,226.16000366210935
2018-03-01,224.4499969482422
2018-03-02,225.19000244140625
2018-03-05,228.3800048828125
2018-03-06,226.17999267578125
2018-03-07,227.27000427246097
2018-03-08,224.72999572753903
2018-03-09,225.42999267578125
2018-03-12,222.77000427246097
2018-03-13,226.94000244140625
2018-03-14,225.3800048828125
2018-03-15,229.47999572753903
2018-03-16,227.86000061035156
2018-03-19,225.0500030517578
2018-03-20,226.77999877929688
2018-03-21,222.82000732421875
2018-03-22,215.2100067138672
2018-03-23,212.5500030517578
2018-03-26,219.07000732421875
2018-03-27,217.9600067138672
2018-03-28,218.5
2018-03-29,214.0
2018-04-02,217.1999969482422
2018-04-03,224.5800018310547
2018-04-04,228.7899932861328
2018-04-05,229.07000732421875
2018-04-06,223.9600067138672
2018-04-09,222.72999572753903
2018-04-10,226.7899932861328
2018-04-11,221.8999938964844
2018-04-12,224.2400054931641
2018-04-13,224.27999877929688
2018-04-16,230.32000732421875
2018-04-17,238.5500030517578
2018-04-18,236.3999938964844
2018-04-19,235.7599945068359
2018-04-20,235.05999755859375
2018-04-23,234.33999633789065
2018-04-24,234.22000122070312
2018-04-25,234.8999938964844
2018-04-26,237.02999877929688
2018-04-27,240.17999267578125
2018-04-30,236.3999938964844
2018-05-01,236.8500061035156
2018-05-02,233.4600067138672
2018-05-03,234.1499938964844
2018-05-04,235.8999938964844
2018-05-07,233.77999877929688
2018-05-08,232.02999877929688
2018-05-09,229.2100067138672
2018-05-10,233.7100067138672
2018-05-11,238.27999877929688
2018-05-14,242.8999938964844
2018-05-15,239.5
2018-05-16,241.72000122070312
2018-05-17,242.9600067138672
2018-05-18,244.63999938964844
2018-05-21,247.8999938964844
2018-05-22,245.17999267578125
2018-05-23,244.2599945068359
2018-05-24,242.72999572753903
2018-05-25,244.9499969482422
2018-05-29,242.1699981689453
2018-05-30,244.94000244140625
2018-05-31,241.5099945068359
2018-06-01,243.3500061035156
2018-06-04,244.6300048828125
2018-06-05,244.42999267578125
2018-06-06,248.6499938964844
2018-06-07,248.97999572753903
2018-06-08,250.67999267578125
2018-06-11,253.77999877929688
2018-06-12,253.5800018310547
2018-06-13,252.8699951171875
2018-06-14,255.3300018310547
2018-06-15,255.97999572753903
2018-06-18,254.8699951171875
2018-06-19,253.02000427246097
2018-06-20,252.80999755859375
2018-06-21,251.88999938964844
2018-06-22,254.3699951171875
2018-06-25,250.7100067138672
2018-06-26,249.77000427246097
2018-06-27,248.1699981689453
2018-06-28,244.8999938964844
2018-06-29,245.33999633789065
2018-07-02,247.47999572753903
2018-07-03,246.97999572753903
2018-07-05,250.5
2018-07-06,250.7599945068359
2018-07-09,253.6699981689453
2018-07-10,255.5399932861328
2018-07-11,254.58999633789065
2018-07-12,256.04998779296875
2018-07-13,258.70001220703125
2018-07-16,256.9800109863281
2018-07-17,250.2899932861328
2018-07-18,255.4199981689453
2018-07-19,252.92999267578125
2018-07-20,252.6999969482422
2018-07-23,252.7400054931641
2018-07-24,253.7599945068359
2018-07-25,254.86000061035156
2018-07-26,257.0
2018-07-27,255.9499969482422
2018-07-30,253.83999633789065
2018-07-31,253.22000122070312
2018-08-01,253.3699951171875
2018-08-02,256.0799865722656
2018-08-03,257.2200012207031
2018-08-06,256.760009765625
2018-08-07,257.6499938964844
2018-08-08,258.80999755859375
2018-08-09,261.5899963378906
2018-08-10,260.3599853515625
2018-08-13,260.9100036621094
2018-08-14,263.4800109863281
2018-08-15,260.6099853515625
2018-08-16,263.1000061035156
2018-08-17,262.3299865722656
2018-08-20,262.3999938964844
2018-08-21,261.69000244140625
2018-08-22,260.739990234375
2018-08-23,261.4200134277344
2018-08-24,264.2799987792969
2018-08-27,267.0799865722656
2018-08-28,268.510009765625
2018-08-29,269.0
2018-08-30,268.3900146484375
2018-08-31,268.4599914550781
2018-09-04,268.510009765625
2018-09-05,267.6400146484375
2018-09-06,269.6499938964844
2018-09-07,268.2799987792969
2018-09-10,259.7300109863281
2018-09-11,261.0400085449219
2018-09-12,262.6700134277344
2018-09-13,265.489990234375
2018-09-14,265.30999755859375
2018-09-17,263.8699951171875
2018-09-18,263.2900085449219
2018-09-19,265.3299865722656
2018-09-20,266.3900146484375
2018-09-21,266.6700134277344
2018-09-24,267.3599853515625
2018-09-25,263.510009765625
2018-09-26,262.9100036621094
2018-09-27,264.6499938964844
2018-09-28,266.0400085449219
2018-10-01,269.1000061035156
2018-10-02,270.6300048828125
2018-10-03,270.8999938964844
2018-10-04,268.32000732421875
2018-10-05,269.20001220703125
2018-10-08,269.010009765625
2018-10-09,270.1099853515625
2018-10-10,263.0799865722656
2018-10-11,257.1199951171875
2018-10-12,259.6099853515625
2018-10-15,260.25
2018-10-16,272.57000732421875
2018-10-17,267.29998779296875
2018-10-18,266.80999755859375
2018-10-19,265.29998779296875
2018-10-22,262.19000244140625
2018-10-23,264.8599853515625
2018-10-24,256.32000732421875
2018-10-25,264.239990234375
2018-10-26,258.17999267578125
2018-10-29,256.5199890136719
2018-10-30,258.2799987792969
2018-10-31,261.3500061035156
2018-11-01,260.92999267578125
2018-11-02,261.010009765625
2018-11-05,261.010009765625
2018-11-06,263.5400085449219
2018-11-07,274.6300048828125
2018-11-08,276.6499938964844
2018-11-09,276.54998779296875
2018-11-12,272.3800048828125
2018-11-13,269.2200012207031
2018-11-14,264.9599914550781
2018-11-15,264.94000244140625
2018-11-16,271.1099853515625
2018-11-19,266.04998779296875
2018-11-20,261.5
2018-11-21,260.54998779296875
2018-11-23,261.6199951171875
2018-11-26,266.1600036621094
2018-11-27,271.1499938964844
2018-11-28,280.95001220703125
2018-11-29,282.54998779296875
2018-11-30,281.3599853515625
2018-12-03,286.3299865722656
2018-12-04,278.54998779296875
2018-12-06,276.8500061035156
2018-12-07,269.17999267578125
2018-12-10,266.5299987792969
2018-12-11,267.2200012207031
2018-12-12,270.6400146484375
2018-12-13,272.1499938964844
2018-12-14,265.0199890136719
2018-12-17,258.07000732421875
2018-12-18,252.97000122070312
2018-12-19,250.30999755859375
2018-12-20,242.44000244140625
2018-12-21,238.33999633789065
2018-12-24,232.94000244140625
2018-12-26,243.3500061035156
2018-12-27,245.97000122070312
2018-12-28,246.2400054931641
2018-12-31,249.1199951171875
2019-01-02,243.4900054931641
2019-01-03,236.8500061035156
2019-01-04,239.6199951171875
2019-01-07,240.0800018310547
2019-01-08,243.2899932861328
2019-01-09,243.63999938964844
2019-01-10,244.8699951171875
2019-01-11,247.6699981689453
2019-01-14,248.05999755859375
2019-01-15,256.8699951171875
2019-01-16,261.4599914550781
2019-01-17,259.7699890136719
2019-01-18,265.5
2019-01-22,265.69000244140625
2019-01-23,267.0199890136719
2019-01-24,266.1300048828125
2019-01-25,268.04998779296875
2019-01-28,266.7699890136719
2019-01-29,267.3399963378906
2019-01-30,270.3699951171875
2019-01-31,270.20001220703125
2019-02-01,268.7200012207031
2019-02-04,268.2099914550781
2019-02-05,266.30999755859375
2019-02-06,269.5
2019-02-07,269.0
2019-02-08,261.8999938964844
2019-02-11,257.1400146484375
2019-02-12,263.5
2019-02-13,263.79998779296875
2019-02-14,265.3299865722656
2019-02-15,271.1300048828125
2019-02-19,270.4100036621094
2019-02-20,269.510009765625
2019-02-21,266.3999938964844
2019-02-22,267.1099853515625
2019-02-25,264.6000061035156
2019-02-26,262.9800109863281
2019-02-27,250.0800018310547
2019-02-28,242.22000122070312
2019-03-01,246.1499938964844
2019-03-04,236.02000427246097
2019-03-05,241.42999267578125
2019-03-06,239.07000732421875
2019-03-07,236.6999969482422
2019-03-08,237.2899932861328
2019-03-11,243.1499938964844
2019-03-12,245.8800048828125
2019-03-13,252.25
2019-03-14,253.27000427246097
2019-03-15,251.3999938964844
2019-03-18,255.0
2019-03-19,257.1300048828125
2019-03-20,250.5
2019-03-21,252.02000427246097
2019-03-22,247.08999633789065
2019-03-25,246.86000061035156
2019-03-26,243.38999938964844
2019-03-27,241.7100067138672
2019-03-28,242.22999572753903
2019-03-29,247.2599945068359
2019-04-01,245.5399932861328
2019-04-02,244.41000366210935
2019-04-03,245.83999633789065
2019-04-04,247.38999938964844
2019-04-05,248.77999877929688
2019-04-08,248.75
2019-04-09,248.7899932861328
2019-04-10,246.02999877929688
2019-04-11,235.4199981689453
2019-04-12,223.22000122070312
2019-04-15,230.1999969482422
2019-04-16,220.9600067138672
2019-04-17,216.83999633789065
2019-04-18,221.75
2019-04-22,227.11000061035156
2019-04-23,230.5800018310547
2019-04-24,230.3500061035156
2019-04-25,230.7899932861328
2019-04-26,237.0
2019-04-29,237.4499969482422
2019-04-30,233.07000732421875
2019-05-01,231.9499969482422
2019-05-02,232.4499969482422
2019-05-03,231.9499969482422
2019-05-06,240.5
2019-05-07,238.0500030517578
2019-05-08,239.1499938964844
2019-05-09,237.97000122070312
2019-05-10,240.58999633789065
2019-05-13,239.5500030517578
2019-05-14,236.42999267578125
2019-05-15,236.0800018310547
2019-05-16,236.7899932861328
2019-05-17,241.3800048828125
2019-05-20,245.9900054931641
2019-05-21,249.94000244140625
2019-05-22,249.33999633789065
2019-05-23,246.5
2019-05-24,247.6300048828125
2019-05-28,242.05999755859375
2019-05-29,242.3999938964844
2019-05-30,243.5
2019-05-31,241.8000030517578
2019-06-03,236.55999755859375
2019-06-04,240.7599945068359
2019-06-05,242.77000427246097
2019-06-06,241.82000732421875
2019-06-07,246.77000427246097
2019-06-10,248.13999938964844
2019-06-11,245.8699951171875
2019-06-12,244.5
2019-06-13,244.9600067138672
2019-06-14,245.3699951171875
2019-06-17,245.97000122070312
2019-06-18,245.6999969482422
2019-06-19,250.19000244140625
2019-06-20,247.7599945068359
2019-06-21,252.27999877929688
2019-06-24,249.63999938964844
2019-06-25,247.66000366210935
2019-06-26,243.47000122070312
2019-06-27,246.33999633789065
2019-06-28,244.0099945068359
2019-07-01,242.63999938964844
2019-07-02,243.97000122070312
2019-07-03,245.2100067138672
2019-07-05,246.9900054931641
2019-07-08,247.83999633789065
2019-07-09,246.0
2019-07-10,247.47999572753903
2019-07-11,261.1600036621094
2019-07-12,265.8999938964844
2019-07-15,265.9599914550781
2019-07-16,264.6600036621094
2019-07-17,266.6499938964844
2019-07-18,260.6000061035156
2019-07-19,256.6499938964844
2019-07-22,255.32000732421875
2019-07-23,255.0099945068359
2019-07-24,251.1300048828125
2019-07-25,248.6999969482422
2019-07-26,252.94000244140625
2019-07-29,253.82000732421875
2019-07-30,254.92999267578125
2019-07-31,249.0099945068359
2019-08-01,249.25
2019-08-02,250.0500030517578
2019-08-05,245.05999755859375
2019-08-06,248.27999877929688
2019-08-07,246.4499969482422
2019-08-08,247.6199951171875
2019-08-09,248.6300048828125
2019-08-12,243.1999969482422
2019-08-13,249.22000122070312
2019-08-14,243.1999969482422
2019-08-15,244.25
2019-08-16,245.69000244140625
2019-08-19,244.7100067138672
2019-08-20,240.16000366210935
2019-08-21,240.3500061035156
2019-08-22,232.94000244140625
2019-08-23,230.66000366210935
2019-08-26,231.0800018310547
2019-08-27,222.92999267578125
2019-08-28,227.3500061035156
2019-08-29,230.6199951171875
2019-08-30,234.0
2019-09-03,230.6199951171875
2019-09-04,226.72999572753903
2019-09-05,229.58999633789065
2019-09-06,229.0
2019-09-09,230.67999267578125
2019-09-10,232.4600067138672
2019-09-11,234.2100067138672
2019-09-12,230.1000061035156
2019-09-13,233.61000061035156
2019-09-16,234.42999267578125
2019-09-17,232.52000427246097
2019-09-18,230.61000061035156
2019-09-19,232.8500061035156
2019-09-20,232.88999938964844
2019-09-23,228.77000427246097
2019-09-24,225.0
2019-09-25,222.1699981689453
2019-09-26,215.47999572753903
2019-09-27,215.2599945068359
2019-09-30,217.32000732421875
2019-10-01,217.2100067138672
2019-10-02,216.75
2019-10-03,215.36000061035156
2019-10-04,219.8000030517578
2019-10-07,221.2400054931641
2019-10-08,220.11000061035156
2019-10-09,222.0800018310547
2019-10-10,223.72999572753903
2019-10-11,222.07000732421875
2019-10-14,220.58999633789065
2019-10-15,238.58999633789065
2019-10-16,236.9900054931641
2019-10-17,243.6699981689453
2019-10-18,245.33999633789065
2019-10-21,243.9199981689453
2019-10-22,249.47999572753903
2019-10-23,247.8000030517578
2019-10-24,244.5099945068359
2019-10-25,244.91000366210935
2019-10-28,247.0500030517578
2019-10-29,252.2899932861328
2019-10-30,254.8000030517578
2019-10-31,252.6999969482422
2019-11-01,252.2100067138672
2019-11-04,251.25
2019-11-05,250.3000030517578
2019-11-06,250.52000427246097
2019-11-07,256.4599914550781
2019-11-08,256.9700012207031
2019-11-11,254.08999633789065
2019-11-12,255.25
2019-11-13,253.57000732421875
2019-11-14,255.8300018310547
2019-11-15,269.3999938964844
2019-11-18,272.92999267578125
2019-11-19,274.2300109863281
2019-11-20,275.55999755859375
2019-11-21,276.54998779296875
2019-11-22,276.8399963378906
2019-11-25,282.6700134277344
2019-11-26,281.3999938964844
2019-11-27,280.6700134277344
2019-11-29,279.8699951171875
2019-12-02,279.6600036621094
2019-12-03,276.8999938964844
2019-12-04,279.32000732421875
2019-12-05,282.0
2019-12-06,280.19000244140625
2019-12-09,277.5400085449219
2019-12-10,279.5199890136719
2019-12-11,280.5
2019-12-12,283.6099853515625
2019-12-13,285.4800109863281
2019-12-16,292.0299987792969
2019-12-17,290.4700012207031
2019-12-18,292.8999938964844
2019-12-19,294.6199951171875
2019-12-20,292.5899963378906
2019-12-23,295.0899963378906
2019-12-24,294.5400085449219
2019-12-26,295.6499938964844
2019-12-27,295.9700012207031
2019-12-30,293.8500061035156
2019-12-31,293.9800109863281
2020-01-02,292.5
2020-01-03,289.5400085449219
2020-01-06,291.54998779296875
2020-01-07,289.7900085449219
2020-01-08,295.8999938964844
2020-01-09,294.2200012207031
2020-01-10,295.1300048828125
2020-01-13,285.8500061035156
2020-01-14,288.239990234375
2020-01-15,296.4100036621094
2020-01-16,300.739990234375
2020-01-17,298.4700012207031
2020-01-21,300.5299987792969
2020-01-22,300.5899963378906
2020-01-23,299.4599914550781
2020-01-24,292.80999755859375
2020-01-27,284.0899963378906
2020-01-28,285.8699951171875
2020-01-29,282.8999938964844
2020-01-30,280.9800109863281
2020-01-31,272.45001220703125
2020-02-03,274.0199890136719
2020-02-04,280.8399963378906
2020-02-05,295.7300109863281
2020-02-06,292.4599914550781
2020-02-07,289.2200012207031
2020-02-10,287.0299987792969
2020-02-11,290.7900085449219
2020-02-12,303.4800109863281
2020-02-13,302.20001220703125
2020-02-14,298.7799987792969
2020-02-18,302.1400146484375
2020-02-19,305.30999755859375
2020-02-20,302.1300048828125
2020-02-21,301.42999267578125
2020-02-24,277.7900085449219
2020-02-25,263.3900146484375
2020-02-26,263.0
2020-02-27,253.9199981689453
2020-02-28,254.9600067138672
2020-03-02,273.1099853515625
2020-03-03,261.3999938964844
2020-03-04,289.4200134277344
2020-03-05,282.9599914550781
2020-03-06,283.8699951171875
2020-03-09,273.44000244140625
2020-03-10,280.0
2020-03-11,277.7799987792969
2020-03-12,250.41000366210935
2020-03-13,272.0400085449219
2020-03-16,225.0399932861328
2020-03-17,244.22000122070312
2020-03-18,217.05999755859375
2020-03-19,219.8000030517578
2020-03-20,206.58999633789065
2020-03-23,194.86000061035156
2020-03-24,219.8000030517578
2020-03-25,234.4900054931641
2020-03-26,255.38999938964844
2020-03-27,242.4499969482422
2020-03-30,251.27999877929688
2020-03-31,249.3800048828125
2020-04-01,237.32000732421875
2020-04-02,240.44000244140625
2020-04-03,229.4900054931641
2020-04-06,248.33999633789065
2020-04-07,248.0399932861328
2020-04-08,267.8299865722656
2020-04-09,264.1300048828125
2020-04-13,263.510009765625
2020-04-14,270.5
2020-04-15,281.67999267578125
2020-04-16,298.42999267578125
2020-04-17,290.55999755859375
2020-04-20,282.1400146484375
2020-04-21,274.19000244140625
2020-04-22,277.0199890136719
2020-04-23,285.3299865722656
2020-04-24,291.2900085449219
2020-04-27,293.9800109863281
2020-04-28,288.3599853515625
2020-04-29,287.6499938964844
2020-04-30,292.4700012207031
2020-05-01,284.510009765625
2020-05-04,287.5400085449219
2020-05-05,293.0400085449219
2020-05-06,288.7699890136719
2020-05-07,285.0
2020-05-08,287.0
2020-05-11,288.69000244140625
2020-05-12,287.70001220703125
2020-05-13,278.0
2020-05-14,290.6099853515625
2020-05-15,290.9599914550781
2020-05-18,293.3599853515625
2020-05-19,289.04998779296875
2020-05-20,287.989990234375
2020-05-21,286.9100036621094
2020-05-22,289.94000244140625
2020-05-26,294.8900146484375
2020-05-27,303.7699890136719
2020-05-28,303.9700012207031
2020-05-29,304.8500061035156
2020-06-01,305.92999267578125
2020-06-02,306.30999755859375
2020-06-03,305.3500061035156
2020-06-04,298.0799865722656
2020-06-05,311.8500061035156
2020-06-08,309.4800109863281
2020-06-09,309.2099914550781
2020-06-10,305.75
2020-06-11,283.7300109863281
2020-06-12,285.1499938964844
2020-06-15,286.2799987792969
2020-06-16,293.0
2020-06-17,292.6000061035156
2020-06-18,291.4800109863281
2020-06-19,291.239990234375
2020-06-22,292.6700134277344
2020-06-23,297.6000061035156
2020-06-24,289.17999267578125
2020-06-25,296.2200012207031
2020-06-26,286.8800048828125
2020-06-29,289.760009765625
2020-06-30,294.95001220703125
2020-07-01,297.7300109863281
2020-07-02,298.260009765625
2020-07-06,302.80999755859375
2020-07-07,296.6499938964844
2020-07-08,298.3599853515625
2020-07-09,291.1600036621094
2020-07-10,291.2300109863281
2020-07-13,299.7099914550781
2020-07-14,308.5199890136719
2020-07-15,304.07000732421875
2020-07-16,307.1499938964844
2020-07-17,306.5299987792969
2020-07-20,303.4599914550781
2020-07-21,305.1099853515625
2020-07-22,306.7099914550781
2020-07-23,302.9700012207031
2020-07-24,300.7900085449219
2020-07-27,298.6000061035156
2020-07-28,299.92999267578125
2020-07-29,306.67999267578125
2020-07-30,305.2300109863281
2020-07-31,302.7799987792969
2020-08-03,303.6099853515625
2020-08-04,304.5
2020-08-05,312.4700012207031
2020-08-06,314.05999755859375
2020-08-07,317.0299987792969
2020-08-10,319.1000061035156
2020-08-11,315.54998779296875
2020-08-12,322.2699890136719
2020-08-13,321.5199890136719
2020-08-14,323.70001220703125
2020-08-17,320.510009765625
2020-08-18,316.80999755859375
2020-08-19,315.3999938964844
2020-08-20,313.3299865722656
2020-08-21,314.1400146484375
2020-08-24,308.8399963378906
2020-08-25,312.2200012207031
2020-08-26,308.82000732421875
2020-08-27,311.6700134277344
2020-08-28,314.3699951171875
2020-08-31,312.54998779296875
2020-09-01,312.8299865722656
2020-09-02,320.239990234375
2020-09-03,316.2300109863281
2020-09-04,312.0
2020-09-08,307.25
2020-09-09,312.0199890136719
2020-09-10,304.6000061035156
2020-09-11,301.4800109863281
2020-09-14,308.57000732421875
2020-09-15,307.2300109863281
2020-09-16,306.5199890136719
2020-09-17,304.9800109863281
2020-09-18,308.0199890136719
2020-09-21,299.19000244140625
2020-09-22,294.260009765625
2020-09-23,292.1400146484375
2020-09-24,292.6600036621094
2020-09-25,302.5
2020-09-28,303.2300109863281
2020-09-29,304.1499938964844
2020-09-30,311.7699890136719
2020-10-01,313.07000732421875
2020-10-02,311.9800109863281
2020-10-05,318.1499938964844
2020-10-06,314.45001220703125
2020-10-07,323.1700134277344
2020-10-08,322.4100036621094
2020-10-09,327.8399963378906
2020-10-12,329.9700012207031
2020-10-13,331.4200134277344
2020-10-14,321.8500061035156
2020-10-15,324.57000732421875
2020-10-16,329.8999938964844
2020-10-19,324.2200012207031
2020-10-20,323.4100036621094
2020-10-21,322.7900085449219
2020-10-22,325.7300109863281
2020-10-23,330.6000061035156
2020-10-26,323.05999755859375
2020-10-27,320.510009765625
2020-10-28,308.0
2020-10-29,303.67999267578125
2020-10-30,305.1400146484375
2020-11-02,312.1000061035156
2020-11-03,321.3500061035156
2020-11-04,354.55999755859375
2020-11-05,354.3999938964844
2020-11-06,347.4599914550781
2020-11-09,350.0
2020-11-10,353.69000244140625
2020-11-11,351.70001220703125
2020-11-12,354.4100036621094
2020-11-13,355.6700134277344
2020-11-16,356.82000732421875
2020-11-17,352.1000061035156
2020-11-18,344.510009765625
2020-11-19,337.0
2020-11-20,334.70001220703125
2020-11-23,335.05999755859375
2020-11-24,336.010009765625
2020-11-25,333.19000244140625
2020-11-27,337.94000244140625
2020-11-30,336.3399963378906
2020-12-01,341.19000244140625
2020-12-02,347.55999755859375
2020-12-03,348.67999267578125
2020-12-04,349.8900146484375
2020-12-07,347.8599853515625
2020-12-08,347.8599853515625
2020-12-09,344.4100036621094
2020-12-10,339.6499938964844
2020-12-11,337.07000732421875
2020-12-14,336.1300048828125
2020-12-15,339.6700134277344
2020-12-16,339.3399963378906
2020-12-17,341.6700134277344
2020-12-18,338.3800048828125
2020-12-21,336.0799865722656
2020-12-22,335.010009765625
2020-12-23,337.5899963378906
2020-12-24,340.7900085449219
2020-12-28,345.95001220703125
2020-12-29,347.3500061035156
2020-12-30,344.989990234375
2020-12-31,350.67999267578125
2021-01-04,349.5
2021-01-05,344.79998779296875
2021-01-06,359.2699890136719
2021-01-07,365.0299987792969
2021-01-08,363.3900146484375
2021-01-11,360.75
2021-01-12,357.3699951171875
2021-01-13,355.0400085449219
2021-01-14,350.5299987792969
2021-01-15,351.29998779296875
2021-01-19,352.19000244140625
2021-01-20,350.8399963378906
2021-01-21,355.0
2021-01-22,347.54998779296875
2021-01-25,347.80999755859375
2021-01-26,343.1099853515625
2021-01-27,332.989990234375
2021-01-28,338.1499938964844
2021-01-29,333.5799865722656
2021-02-01,334.0
2021-02-02,338.7200012207031
2021-02-03,337.8900146484375
2021-02-04,329.32000732421875
2021-02-05,324.510009765625
2021-02-08,324.3399963378906
2021-02-09,329.6300048828125
2021-02-10,333.3999938964844
2021-02-11,333.07000732421875
2021-02-12,328.239990234375
2021-02-16,324.6199951171875
2021-02-17,326.8599853515625
2021-02-18,328.4100036621094
2021-02-19,324.5799865722656
2021-02-22,327.6400146484375
2021-02-23,329.510009765625
2021-02-24,332.2099914550781
2021-02-25,328.8699951171875
2021-02-26,332.2200012207031
2021-03-01,334.6499938964844
2021-03-02,334.6400146484375
2021-03-03,332.8699951171875
2021-03-04,333.80999755859375
2021-03-05,347.1000061035156
2021-03-08,350.1700134277344
2021-03-09,351.9800109863281
2021-03-10,349.6000061035156
2021-03-11,353.1000061035156
2021-03-12,356.0199890136719
2021-03-15,353.8800048828125
2021-03-16,354.6000061035156
2021-03-17,352.17999267578125
2021-03-18,362.0499877929687
2021-03-19,365.5799865722656
2021-03-22,366.8599853515625
2021-03-23,368.5
2021-03-24,370.6000061035156
2021-03-25,371.0899963378906
2021-03-26,376.4800109863281
2021-03-29,379.05999755859375
2021-03-30,373.55999755859375
2021-03-31,372.0700073242187
2021-04-01,367.0700073242187
2021-04-05,370.1799926757813
2021-04-06,364.3699951171875
2021-04-07,365.6400146484375
2021-04-08,364.8900146484375
2021-04-09,376.2999877929687
2021-04-12,376.2799987792969
2021-04-13,374.5
2021-04-14,375.6300048828125
2021-04-15,390.010009765625
2021-04-16,391.010009765625
2021-04-19,389.8399963378906
2021-04-20,396.5299987792969
2021-04-21,398.80999755859375
2021-04-22,396.5400085449219
2021-04-23,400.30999755859375
2021-04-26,395.8599853515625
2021-04-27,394.5
2021-04-28,394.5899963378906
2021-04-29,401.5499877929687
2021-04-30,398.7999877929687
2021-05-03,405.8999938964844
2021-05-04,411.3399963378906
2021-05-05,412.5
2021-05-06,414.9700012207031
2021-05-07,417.6499938964844
2021-05-10,420.8900146484375
2021-05-11,411.7000122070313
2021-05-12,405.3699951171875
2021-05-13,408.55999755859375
2021-05-14,409.7999877929687
2021-05-17,408.6300048828125
2021-05-18,410.3800048828125
2021-05-19,409.5
2021-05-20,408.6400146484375
2021-05-21,411.6300048828125
2021-05-24,410.9500122070313
2021-05-25,413.0499877929687
2021-05-26,413.2099914550781
2021-05-27,412.7000122070313
2021-05-28,411.9200134277344
2021-06-01,406.7200012207031
2021-06-02,405.8500061035156
2021-06-03,407.9599914550781
2021-06-04,405.6400146484375
2021-06-07,400.25
2021-06-08,401.739990234375
2021-06-09,401.1000061035156
2021-06-10,401.489990234375
2021-06-11,397.8900146484375
2021-06-14,399.1600036621094
2021-06-15,400.2799987792969
2021-06-16,397.25
2021-06-17,397.3500061035156
2021-06-18,389.3699951171875
2021-06-21,398.0700073242187
2021-06-22,398.69000244140625
2021-06-23,395.55999755859375
2021-06-24,398.8699951171875
2021-06-25,404.9500122070313
2021-06-28,401.4599914550781
2021-06-29,398.1000061035156
2021-06-30,400.44000244140625
2021-07-01,404.8900146484375
2021-07-02,409.3599853515625
2021-07-06,410.260009765625
2021-07-07,411.6600036621094
2021-07-08,409.9500122070313
2021-07-09,412.1099853515625
2021-07-12,416.0400085449219
2021-07-13,418.5400085449219
2021-07-14,414.739990234375
2021-07-15,420.0499877929687
2021-07-16,419.7000122070313
2021-07-19,409.05999755859375
2021-07-20,412.9700012207031
2021-07-21,414.6400146484375
2021-07-22,415.7699890136719
2021-07-23,417.7000122070313
2021-07-26,413.5400085449219
2021-07-27,415.1000061035156
2021-07-28,409.1700134277344
2021-07-29,412.0799865722656
2021-07-30,412.2200012207031
2021-08-02,415.5700073242187
2021-08-03,421.8999938964844
2021-08-04,421.5400085449219
2021-08-05,411.19000244140625
2021-08-06,415.1199951171875
2021-08-09,410.8699951171875
2021-08-10,411.7799987792969
2021-08-11,407.739990234375
2021-08-12,405.9599914550781
2021-08-13,409.6700134277344
2021-08-16,417.2099914550781
2021-08-17,421.7799987792969
2021-08-18,417.3200073242187
2021-08-19,427.8900146484375
2021-08-20,429.7099914550781
2021-08-23,425.3599853515625
2021-08-24,423.4100036621094
2021-08-25,419.739990234375
2021-08-26,416.8500061035156
2021-08-27,418.760009765625
2021-08-30,418.2999877929687
2021-08-31,416.2699890136719
2021-09-01,417.3500061035156
2021-09-02,423.7099914550781
2021-09-03,422.8599853515625
2021-09-07,421.239990234375
2021-09-08,415.3900146484375
2021-09-09,414.5499877929687
2021-09-10,403.9100036621094
2021-09-13,414.5199890136719
2021-09-14,412.5400085449219
2021-09-15,417.5199890136719
2021-09-16,416.8399963378906
2021-09-17,420.1600036621094
2021-09-20,412.7000122070313
2021-09-21,412.3399963378906
2021-09-22,408.7000122070313
2021-09-23,408.0299987792969
2021-09-24,407.0799865722656
2021-09-27,405.2699890136719
2021-09-28,398.6199951171875
2021-09-29,400.4100036621094
2021-09-30,390.739990234375
2021-10-01,392.4299926757813
2021-10-04,387.010009765625
2021-10-05,393.4299926757813
2021-10-06,394.25
2021-10-07,404.7000122070313
2021-10-08,408.4599914550781
2021-10-11,404.989990234375
2021-10-12,403.239990234375
2021-10-13,403.5499877929687
2021-10-14,420.3599853515625
2021-10-15,428.0700073242187
2021-10-18,424.6199951171875
2021-10-19,424.3800048828125
2021-10-20,435.0899963378906
2021-10-21,442.2799987792969
2021-10-22,449.1600036621094
2021-10-25,449.489990234375
2021-10-26,454.6400146484375
2021-10-27,453.4800109863281
2021-10-28,455.44000244140625
2021-10-29,460.4700012207031
2021-11-01,454.1099853515625
2021-11-02,452.0400085449219
2021-11-03,457.3299865722656
2021-11-04,456.760009765625
2021-11-05,455.80999755859375
2021-11-08,462.6199951171875
2021-11-09,464.3500061035156
2021-11-10,459.8999938964844
2021-11-11,457.3900146484375
2021-11-12,458.989990234375
2021-11-15,450.7999877929687
2021-11-16,449.6199951171875
2021-11-17,448.9500122070313
2021-11-18,449.4700012207031
2021-11-19,440.0
2021-11-22,437.5400085449219
2021-11-23,447.1300048828125
2021-11-24,450.1600036621094
2021-11-26,439.9100036621094
2021-11-29,452.0
2021-11-30,444.2200012207031
2021-12-01,444.3399963378906
2021-12-02,446.0199890136719
2021-12-03,449.3200073242187
2021-12-06,460.1099853515625
2021-12-07,464.7300109863281
2021-12-08,468.8599853515625
2021-12-09,473.3200073242187
2021-12-10,478.2300109863281
2021-12-13,478.1400146484375
2021-12-14,479.4599914550781
2021-12-15,494.3800048828125
2021-12-16,492.8599853515625
2021-12-17,487.1199951171875
2021-12-20,483.7300109863281
2021-12-21,487.2099914550781
2021-12-22,494.1300048828125
2021-12-23,495.3800048828125
2021-12-27,499.5
2021-12-28,502.94000244140625
2021-12-29,505.5799865722656
2021-12-30,504.4299926757813
2021-12-31,502.1400146484375
2022-01-03,502.2799987792969
2022-01-04,490.8999938964844
2022-01-05,489.69000244140625
2022-01-06,469.6499938964844
2022-01-07,458.6000061035156
2022-01-10,465.0
2022-01-11,469.0
2022-01-12,473.7200012207031
2022-01-13,467.4299926757813
2022-01-14,468.69000244140625
2022-01-18,460.989990234375
2022-01-19,462.5199890136719
2022-01-20,463.0
2022-01-21,461.1700134277344
2022-01-24,462.2699890136719
2022-01-25,456.8399963378906
2022-01-26,458.4299926757813
2022-01-27,461.6000061035156
2022-01-28,466.05999755859375
2022-01-31,472.5700073242187
2022-02-01,468.4100036621094
2022-02-02,479.7799987792969
2022-02-03,488.7699890136719
2022-02-04,483.1700134277344
2022-02-07,483.7000122070313
2022-02-08,493.4100036621094
2022-02-09,498.1000061035156
2022-02-10,486.7200012207031
2022-02-11,478.1300048828125
2022-02-14,474.3999938964844
2022-02-15,478.2300109863281
2022-02-16,480.0499877929687
2022-02-17,470.3399963378906
2022-02-18,467.80999755859375
2022-02-22,462.510009765625
2022-02-23,459.6199951171875
2022-02-24,455.8900146484375
2022-02-25,475.75
2022-02-28,475.8699951171875
2022-03-01,476.25
2022-03-02,485.3800048828125
2022-03-03,486.5899963378906
2022-03-04,498.6499938964844
2022-03-07,486.8699951171875
2022-03-08,473.4599914550781
2022-03-09,485.5700073242187
2022-03-10,491.44000244140625
2022-03-11,482.8699951171875
2022-03-14,487.9200134277344
2022-03-15,497.9100036621094
2022-03-16,498.260009765625
2022-03-17,507.0199890136719
2022-03-18,506.1199951171875
2022-03-21,507.6600036621094
2022-03-22,505.3200073242187
2022-03-23,503.2300109863281
2022-03-24,513.4600219726562
2022-03-25,513.030029296875
2022-03-28,513.2000122070312
2022-03-29,510.7300109863281
2022-03-30,520.8200073242188
2022-03-31,509.9700012207031
2022-04-01,512.5900268554688
2022-04-04,510.0199890136719
2022-04-05,517.760009765625
2022-04-06,531.75
2022-04-07,536.9500122070312
2022-04-08,545.9600219726562
2022-04-11,537.4400024414062
2022-04-12,533.7100219726562
2022-04-13,537.0
2022-04-14,534.8200073242188
2022-04-18,534.0800170898438
2022-04-19,537.7000122070312
2022-04-20,546.010009765625
2022-04-21,537.4400024414062
2022-04-22,520.9400024414062
2022-04-25,524.27001953125
2022-04-26,513.780029296875
2022-04-27,513.8099975585938
2022-04-28,524.4199829101562
2022-04-29,508.5499877929687
2022-05-02,501.1499938964844
2022-05-03,499.6199951171875
2022-05-04,507.6199951171875
2022-05-05,494.7200012207031
2022-05-06,499.6199951171875
2022-05-09,486.4200134277344
2022-05-10,488.010009765625
2022-05-11,486.1499938964844
2022-05-12,478.7999877929687
2022-05-13,485.3999938964844
2022-05-16,489.2200012207031
2022-05-17,492.5299987792969
2022-05-18,471.3800048828125
2022-05-19,478.5499877929687
2022-05-20,485.7300109863281
2022-05-23,492.0799865722656
2022-05-24,497.55999755859375
2022-05-25,498.0899963378906
2022-05-26,502.2300109863281
2022-05-27,507.1099853515625
2022-05-31,496.7799987792969
2022-06-01,492.5499877929687
2022-06-02,492.260009765625
2022-06-03,485.6099853515625
2022-06-06,490.1799926757813
2022-06-07,497.1000061035156
2022-06-08,493.5299987792969
2022-06-09,489.4299926757813
2022-06-10,484.6300048828125
2022-06-13,469.7000122070313
2022-06-14,461.75
2022-06-15,464.3299865722656
2022-06-16,456.0899963378906
2022-06-17,452.05999755859375
2022-06-21,480.3200073242187
2022-06-22,489.6799926757813
2022-06-23,499.80999755859375
2022-06-24,495.6400146484375
2022-06-27,505.6600036621094
2022-06-28,508.44000244140625
2022-06-29,515.7100219726562
2022-06-30,513.6300048828125
2022-07-01,517.4000244140625
2022-07-05,505.239990234375
2022-07-06,515.2899780273438
2022-07-07,514.3800048828125
2022-07-08,518.6300048828125
2022-07-11,516.9500122070312
2022-07-12,514.4199829101562
2022-07-13,501.239990234375
2022-07-14,502.4299926757813
2022-07-15,529.75
2022-07-18,519.3699951171875
2022-07-19,533.4500122070312
2022-07-20,519.469970703125
2022-07-21,522.4600219726562
2022-07-22,521.4099731445312
2022-07-25,529.469970703125
2022-07-26,531.5900268554688
2022-07-27,534.6099853515625
2022-07-28,541.489990234375
2022-07-29,542.3400268554688
2022-08-01,535.3800048828125
2022-08-02,535.4600219726562
2022-08-03,540.6500244140625
2022-08-04,533.75
2022-08-05,535.0599975585938
2022-08-08,536.5999755859375
2022-08-09,537.260009765625
2022-08-10,537.719970703125
2022-08-11,532.8599853515625
2022-08-12,543.7000122070312
2022-08-15,544.6400146484375
2022-08-16,546.1199951171875
2022-08-17,545.0
2022-08-18,545.219970703125
2022-08-19,548.3200073242188
2022-08-22,544.5700073242188
2022-08-23,535.7999877929688
2022-08-24,536.4600219726562
2022-08-25,541.5700073242188
2022-08-26,529.25
2022-08-29,529.77001953125
2022-08-30,522.8400268554688
2022-08-31,519.3300170898438
2022-09-01,524.0
2022-09-02,516.3499755859375
2022-09-06,517.6799926757812
2022-09-07,521.6799926757812
2022-09-08,527.510009765625
2022-09-09,524.3400268554688
2022-09-12,531.25
2022-09-13,513.9600219726562
2022-09-14,509.7699890136719
2022-09-15,522.9099731445312
2022-09-16,521.02001953125
2022-09-19,523.5499877929688
2022-09-20,522.7999877929688
2022-09-21,512.0800170898438
2022-09-22,517.4600219726562
2022-09-23,513.6099853515625
2022-09-26,508.3599853515625
2022-09-27,508.3699951171875
2022-09-28,513.9400024414062
2022-09-29,508.8299865722656
2022-09-30,505.0400085449219
2022-10-03,515.510009765625
2022-10-04,523.1699829101562
2022-10-05,527.0700073242188
2022-10-06,519.1300048828125
2022-10-07,504.8500061035156
2022-10-10,498.8599853515625
2022-10-11,499.80999755859375
2022-10-12,499.9599914550781
2022-10-13,509.9100036621094
2022-10-14,513.1300048828125
2022-10-17,521.8800048828125
2022-10-18,522.2100219726562
2022-10-19,520.3200073242188
2022-10-20,520.8800048828125
2022-10-21,533.72998046875
2022-10-24,541.5999755859375
2022-10-25,540.219970703125
2022-10-26,543.1699829101562
2022-10-27,541.7999877929688
2022-10-28,551.239990234375
2022-10-31,555.1500244140625
2022-11-01,547.3099975585938
2022-11-02,543.4299926757812
2022-11-03,543.6099853515625
2022-11-04,538.1699829101562
2022-11-07,545.02001953125
2022-11-08,553.0499877929688
2022-11-09,540.6599731445312
2022-11-10,544.1699829101562
2022-11-11,522.0800170898438
2022-11-14,513.75
2022-11-15,503.010009765625
2022-11-16,511.5199890136719
2022-11-17,515.3099975585938
2022-11-18,530.0
2022-11-21,517.1900024414062
2022-11-22,523.0900268554688
2022-11-23,529.7100219726562
2022-11-25,537.6199951171875
2022-11-28,532.27001953125
2022-11-29,528.0
2022-11-30,547.760009765625
2022-12-01,536.9099731445312
2022-12-02,536.1599731445312
2022-12-05,535.0399780273438
2022-12-06,539.3200073242188
2022-12-07,542.9099731445312
2022-12-08,547.9199829101562
2022-12-09,539.2000122070312
2022-12-12,545.8599853515625
2022-12-13,538.219970703125
2022-12-14,538.3599853515625
2022-12-15,527.6799926757812
2022-12-16,523.7000122070312
2022-12-19,523.5999755859375
2022-12-20,520.2100219726562
2022-12-21,527.5399780273438
2022-12-22,527.0900268554688
2022-12-23,531.3099975585938
2022-12-27,531.989990234375
2022-12-28,528.4500122070312
2022-12-29,529.8800048828125
2022-12-30,530.1799926757812
2023-01-03,518.6400146484375
2023-01-04,504.5
2023-01-05,489.9599914550781
2023-01-06,490.0
2023-01-09,490.05999755859375
2023-01-10,486.0
2023-01-11,493.3999938964844
2023-01-12,495.6700134277344
2023-01-13,489.5700073242187
2023-01-17,485.0799865722656
2023-01-18,476.239990234375
2023-01-19,484.3599853515625
2023-01-20,486.7200012207031
2023-01-23,485.80999755859375
2023-01-24,491.6000061035156
2023-01-25,492.5
2023-01-26,492.4800109863281
2023-01-27,486.0499877929687
2023-01-30,485.7900085449219
2023-01-31,499.19000244140625
2023-02-01,497.0
2023-02-02,470.8299865722656
2023-02-03,472.0199890136719
2023-02-06,475.239990234375
2023-02-07,476.8800048828125
2023-02-08,483.2200012207031
2023-02-09,485.7300109863281
2023-02-10,494.25
2023-02-13,495.3500061035156
2023-02-14,492.8299865722656
2023-02-15,491.25
2023-02-16,487.3500061035156
2023-02-17,499.0799865722656
2023-02-21,491.30999755859375
2023-02-22,488.8900146484375
2023-02-23,491.69000244140625
2023-02-24,484.3299865722656
2023-02-27,483.3200073242187
2023-02-28,475.94000244140625
2023-03-01,475.2200012207031
2023-03-02,477.7000122070313
2023-03-03,478.55999755859375
2023-03-06,480.7799987792969
2023-03-07,473.8800048828125
2023-03-08,470.6000061035156
2023-03-09,464.9100036621094
2023-03-10,460.3299865722656
2023-03-13,463.6799926757813
2023-03-14,464.5799865722656
2023-03-15,465.4299926757813
2023-03-16,472.0199890136719
2023-03-17,469.5
2023-03-20,476.9599914550781
2023-03-21,480.1000061035156
2023-03-22,475.5199890136719
2023-03-23,469.9100036621094
2023-03-24,475.989990234375
2023-03-27,481.8999938964844
2023-03-28,472.5799865722656
2023-03-29,466.5899963378906
2023-03-30,470.05999755859375
2023-03-31,472.5899963378906
2023-04-03,494.19000244140625
2023-04-04,493.25
2023-04-05,509.2300109863281
2023-04-06,512.8099975585938
2023-04-10,515.1799926757812
2023-04-11,520.969970703125
2023-04-12,521.1900024414062
2023-04-13,526.22998046875
2023-04-14,511.7900085449219
2023-04-17,505.3500061035156
2023-04-18,504.4800109863281
2023-04-19,486.2000122070313
2023-04-20,487.4599914550781
2023-04-21,483.8200073242187
2023-04-24,488.94000244140625
2023-04-25,491.9200134277344
2023-04-26,482.9500122070313
2023-04-27,490.4700012207031
2023-04-28,492.0899963378906
2023-05-01,495.7000122070313
2023-05-02,493.3900146484375
2023-05-03,489.44000244140625
2023-05-04,487.2799987792969
2023-05-05,494.2799987792969
2023-05-08,492.6199951171875
2023-05-09,490.3800048828125
2023-05-10,490.0700073242187
2023-05-11,488.760009765625
2023-05-12,491.2300109863281
2023-05-15,486.8599853515625
2023-05-16,479.7200012207031
2023-05-17,484.80999755859375
2023-05-18,479.2300109863281
2023-05-19,478.8200073242187
2023-05-22,480.6199951171875
2023-05-23,479.44000244140625
2023-05-24,480.8299865722656
2023-05-25,477.7000122070313
2023-05-26,481.5199890136719
2023-05-30,479.8500061035156
2023-05-31,487.239990234375
2023-06-01,493.6300048828125
2023-06-02,499.5799865722656
2023-06-05,498.19000244140625
2023-06-06,487.5700073242187
2023-06-07,482.1300048828125
2023-06-08,490.2300109863281
2023-06-09,493.6199951171875
2023-06-12,492.5899963378906
2023-06-13,491.30999755859375
2023-06-14,459.8599853515625
2023-06-15,465.8900146484375
2023-06-16,458.489990234375
2023-06-20,469.3900146484375
2023-06-21,476.75
2023-06-22,479.0499877929687
2023-06-23,477.0
2023-06-26,479.05999755859375
2023-06-27,482.55999755859375
2023-06-28,474.4500122070313
2023-06-29,476.44000244140625
2023-06-30,480.6400146484375
2023-07-03,477.8800048828125
2023-07-05,471.2200012207031
2023-07-06,469.3599853515625
2023-07-07,461.5799865722656
2023-07-10,463.0499877929687
2023-07-11,462.8900146484375
2023-07-12,451.7000122070313
2023-07-13,447.75
2023-07-14,480.1700134277344
2023-07-17,484.0799865722656
2023-07-18,500.0
2023-07-19,503.7000122070313
2023-07-20,504.239990234375
2023-07-21,506.5299987792969
2023-07-24,508.6799926757813
2023-07-25,510.9299926757813
2023-07-26,508.0
2023-07-27,505.2300109863281
2023-07-28,502.9100036621094
2023-07-31,506.3699951171875
2023-08-01,504.739990234375
2023-08-02,504.7999877929687
2023-08-03,504.8599853515625
2023-08-04,502.7300109863281
2023-08-07,510.739990234375
2023-08-08,505.8599853515625
2023-08-09,502.1099853515625
2023-08-10,503.4800109863281
2023-08-11,508.010009765625
2023-08-14,510.9299926757813
2023-08-15,506.69000244140625
2023-08-16,503.55999755859375
2023-08-17,493.9599914550781
2023-08-18,498.44000244140625
2023-08-21,497.6799926757813
2023-08-22,492.3399963378906
2023-08-23,489.44000244140625
2023-08-24,488.1000061035156
2023-08-25,489.1199951171875
2023-08-28,491.2799987792969
2023-08-29,492.8299865722656
2023-08-30,491.5299987792969
2023-08-31,476.5799865722656
2023-09-01,476.239990234375
2023-09-05,480.80999755859375
2023-09-06,476.94000244140625
2023-09-07,484.80999755859375
2023-09-08,480.7699890136719
2023-09-11,479.3800048828125
2023-09-12,479.8999938964844
2023-09-13,479.8399963378906
2023-09-14,483.6000061035156
2023-09-15,486.7000122070313
2023-09-18,486.05999755859375
2023-09-19,480.6600036621094
2023-09-20,492.1300048828125
2023-09-21,501.1400146484375
2023-09-22,506.1000061035156
2023-09-25,510.2799987792969
2023-09-26,505.4500122070313
2023-09-27,503.7300109863281
2023-09-28,510.1000061035156
2023-09-29,504.19000244140625
2023-10-02,514.5700073242188
2023-10-03,509.4700012207031
2023-10-04,510.6199951171875
2023-10-05,516.22998046875
2023-10-06,524.8099975585938
2023-10-09,526.510009765625
2023-10-10,524.239990234375
2023-10-11,524.1300048828125
2023-10-12,525.5399780273438
2023-10-13,539.4000244140625
2023-10-16,538.030029296875
2023-10-17,536.6500244140625
2023-10-18,536.0599975585938
2023-10-19,531.6300048828125
2023-10-20,527.030029296875
2023-10-23,521.5700073242188
2023-10-24,525.0
2023-10-25,530.2100219726562
2023-10-26,528.3599853515625
2023-10-27,524.6599731445312
2023-10-30,529.989990234375
2023-10-31,535.5599975585938
2023-11-01,531.5999755859375
2023-11-02,536.1300048828125
2023-11-03,530.9000244140625
2023-11-06,533.4600219726562
2023-11-07,537.8300170898438
2023-11-08,536.72998046875
2023-11-09,539.0
2023-11-10,541.2100219726562
2023-11-13,542.5700073242188
2023-11-14,540.4600219726562
2023-11-15,538.4099731445312
2023-11-16,539.8200073242188
2023-11-17,536.2899780273438
2023-11-20,535.0999755859375
2023-11-21,539.5900268554688
2023-11-22,543.760009765625
2023-11-24,547.0999755859375
2023-11-27,543.5900268554688
2023-11-28,540.530029296875
2023-11-29,534.97998046875
2023-11-30,552.969970703125
2023-12-01,547.1599731445312
2023-12-04,548.280029296875
2023-12-05,550.260009765625
2023-12-06,549.530029296875
2023-12-07,548.27001953125
2023-12-08,549.77001953125
2023-12-11,543.6799926757812
2023-12-12,545.719970703125
2023-12-13,549.010009765625
2023-12-14,534.239990234375
2023-12-15,531.1199951171875
2023-12-18,526.5499877929688
2023-12-19,524.0399780273438
2023-12-20,515.9299926757812
2023-12-21,519.8800048828125
2023-12-22,520.3099975585938
2023-12-26,520.030029296875
2023-12-27,522.7899780273438
2023-12-28,524.9000244140625
2023-12-29,526.469970703125
2024-01-02,539.3400268554688
2024-01-03,542.030029296875
2024-01-04,545.4199829101562
2024-01-05,537.3800048828125
2024-01-08,536.52001953125
2024-01-09,538.3699951171875
2024-01-10,537.6400146484375
2024-01-11,539.6799926757812
2024-01-12,521.510009765625
2024-01-16,519.1500244140625
2024-01-17,524.9400024414062
2024-01-18,516.3400268554688
2024-01-19,503.55999755859375
2024-01-22,512.989990234375
2024-01-23,515.52001953125
2024-01-24,513.22998046875
2024-01-25,493.3999938964844
2024-01-26,503.2000122070313
2024-01-29,504.5400085449219
2024-01-30,503.6099853515625
2024-01-31,511.739990234375
2024-02-01,507.1400146484375
2024-02-02,510.2300109863281
2024-02-05,502.9599914550781
2024-02-06,510.6700134277344
2024-02-07,519.3900146484375
2024-02-08,520.0900268554688
2024-02-09,518.219970703125
2024-02-12,517.6400146484375
2024-02-13,516.8499755859375
2024-02-14,516.9400024414062
2024-02-15,520.8800048828125
2024-02-16,521.5499877929688
2024-02-20,521.0599975585938
2024-02-21,521.969970703125
2024-02-22,526.5
2024-02-23,527.239990234375
2024-02-26,525.3200073242188
2024-02-27,513.4199829101562
2024-02-28,498.2799987792969
2024-02-29,493.6000061035156
2024-03-01,489.5299987792969
2024-03-04,481.8699951171875
2024-03-05,473.1499938964844
2024-03-06,472.6000061035156
2024-03-07,478.7799987792969
2024-03-08,476.5700073242187
2024-03-11,489.1499938964844
2024-03-12,489.3500061035156
2024-03-13,488.0
2024-03-14,489.0
2024-03-15,490.8200073242187
2024-03-18,487.0499877929687
2024-03-19,493.3200073242187
2024-03-20,494.2300109863281
2024-03-21,491.69000244140625
2024-03-22,490.0700073242187
2024-03-25,485.8800048828125
2024-03-26,492.30999755859375
2024-03-27,493.1000061035156
2024-03-28,494.7000122070313
2024-04-01,489.7000122070313
2024-04-02,458.1400146484375
2024-04-03,459.739990234375
2024-04-04,455.3800048828125
2024-04-05,455.739990234375
2024-04-08,456.0
2024-04-09,459.7200012207031
2024-04-10,450.0499877929687
2024-04-11,441.7200012207031
2024-04-12,439.2000122070313
2024-04-15,445.6300048828125
2024-04-16,468.8900146484375
2024-04-17,478.989990234375
2024-04-18,493.1799926757813
2024-04-19,501.1300048828125
2024-04-22,491.2300109863281
2024-04-23,486.1799926757813
2024-04-24,487.2999877929687
2024-04-25,493.8599853515625
2024-04-26,495.3500061035156
2024-04-29,489.0299987792969
2024-04-30,483.7000122070313
2024-05-01,484.1099853515625
2024-05-02,492.9700012207031
2024-05-03,492.4500122070313
2024-05-06,494.3800048828125
2024-05-07,500.9599914550781
2024-05-08,503.2099914550781
2024-05-09,507.0299987792969
2024-05-10,512.8099975585938
2024-05-13,511.739990234375
2024-05-14,513.8800048828125
2024-05-15,517.5499877929688
2024-05-16,521.27001953125
2024-05-17,524.6300048828125
2024-05-20,517.22998046875
2024-05-21,523.5499877929688
2024-05-22,521.3499755859375
2024-05-23,516.8300170898438
2024-05-24,508.1700134277344
2024-05-28,503.6799926757813
2024-05-29,484.7200012207031
2024-05-30,481.6499938964844
2024-05-31,495.3699951171875
2024-06-03,497.44000244140625
2024-06-04,505.489990234375
2024-06-05,503.1199951171875
2024-06-06,501.9200134277344
2024-06-07,490.69000244140625
2024-06-10,495.0
2024-06-11,496.2200012207031
2024-06-12,493.0700073242187
2024-06-13,497.2999877929687
2024-06-14,497.1199951171875
2024-06-17,489.2300109863281
2024-06-18,481.0499877929687
2024-06-20,484.5199890136719
2024-06-21,482.5899963378906
2024-06-24,489.9800109863281
2024-06-25,484.5
2024-06-26,484.0400085449219
2024-06-27,486.44000244140625
2024-06-28,509.260009765625
