Date,V_Close
2014-06-30,52.6775016784668
2014-07-01,53.5625
2014-07-02,53.709999084472656
2014-07-03,54.127498626708984
2014-07-07,54.185001373291016
2014-07-08,53.814998626708984
2014-07-09,54.040000915527344
2014-07-10,53.8849983215332
2014-07-11,54.25
2014-07-14,55.25749969482422
2014-07-15,55.44499969482422
2014-07-16,55.66749954223633
2014-07-17,54.470001220703125
2014-07-18,55.04999923706055
2014-07-21,54.80500030517578
2014-07-22,55.314998626708984
2014-07-23,55.29999923706055
2014-07-24,55.685001373291016
2014-07-25,53.692501068115234
2014-07-28,53.55500030517578
2014-07-29,53.375
2014-07-30,53.51499938964844
2014-07-31,52.752498626708984
2014-08-01,52.95249938964844
2014-08-04,53.040000915527344
2014-08-05,52.6349983215332
2014-08-06,52.67250061035156
2014-08-07,52.2599983215332
2014-08-08,52.6150016784668
2014-08-11,52.64500045776367
2014-08-12,52.57500076293945
2014-08-13,52.85749816894531
2014-08-14,53.130001068115234
2014-08-15,52.54750061035156
2014-08-18,53.58000183105469
2014-08-19,53.75
2014-08-20,54.04999923706055
2014-08-21,53.9375
2014-08-22,54.022499084472656
2014-08-25,54.005001068115234
2014-08-26,54.182498931884766
2014-08-27,54.282501220703125
2014-08-28,53.650001525878906
2014-08-29,53.130001068115234
2014-09-02,53.682498931884766
2014-09-03,53.724998474121094
2014-09-04,53.564998626708984
2014-09-05,53.5525016784668
2014-09-08,53.942501068115234
2014-09-09,53.56999969482422
2014-09-10,54.220001220703125
2014-09-11,53.73749923706055
2014-09-12,53.5099983215332
2014-09-15,53.65999984741211
2014-09-16,54.32500076293945
2014-09-17,53.88249969482422
2014-09-18,54.11000061035156
2014-09-19,54.0625
2014-09-22,53.470001220703125
2014-09-23,53.1150016784668
2014-09-24,53.602500915527344
2014-09-25,52.6775016784668
2014-09-26,52.98500061035156
2014-09-29,52.73249816894531
2014-09-30,53.342498779296875
2014-10-01,52.502498626708984
2014-10-02,52.43000030517578
2014-10-03,52.997501373291016
2014-10-06,52.9474983215332
2014-10-07,52.01250076293945
2014-10-08,53.09000015258789
2014-10-09,51.9275016784668
2014-10-10,51.244998931884766
2014-10-13,51.06999969482422
2014-10-14,50.68000030517578
2014-10-15,50.0625
2014-10-16,50.75
2014-10-17,51.5
2014-10-20,51.962501525878906
2014-10-21,53.32749938964844
2014-10-22,52.72999954223633
2014-10-23,53.56999969482422
2014-10-24,53.369998931884766
2014-10-27,53.352500915527344
2014-10-28,54.1775016784668
2014-10-29,53.665000915527344
2014-10-30,59.162498474121094
2014-10-31,60.35749816894531
2014-11-03,60.3849983215332
2014-11-04,60.74250030517578
2014-11-05,62.38249969482422
2014-11-06,62.522499084472656
2014-11-07,63.10749816894531
2014-11-10,62.5525016784668
2014-11-11,62.432498931884766
2014-11-12,62.98749923706055
2014-11-13,62.72999954223633
2014-11-14,62.209999084472656
2014-11-17,62.45000076293945
2014-11-18,62.432498931884766
2014-11-19,62.46500015258789
2014-11-20,62.91749954223633
2014-11-21,63.55500030517578
2014-11-24,63.654998779296875
2014-11-25,64.31500244140625
2014-11-26,64.31500244140625
2014-11-28,64.54750061035156
2014-12-01,64.5374984741211
2014-12-02,65.00250244140625
2014-12-03,65.4000015258789
2014-12-04,65.28500366210938
2014-12-05,65.8375015258789
2014-12-08,65.7750015258789
2014-12-09,66.03500366210938
2014-12-10,65.43000030517578
2014-12-11,65.77999877929688
2014-12-12,64.19499969482422
2014-12-15,64.17500305175781
2014-12-16,63.352500915527344
2014-12-17,64.7699966430664
2014-12-18,66.04000091552734
2014-12-19,65.4175033569336
2014-12-22,66.05249786376953
2014-12-23,66.31500244140625
2014-12-24,66.90750122070312
2014-12-26,66.65499877929688
2014-12-29,66.35749816894531
2014-12-30,66.13749694824219
2014-12-31,65.55000305175781
2015-01-02,66.25499725341797
2015-01-05,64.7925033569336
2015-01-06,64.375
2015-01-07,65.23750305175781
2015-01-08,66.11250305175781
2015-01-09,65.13249969482422
2015-01-12,65.00499725341797
2015-01-13,65.19499969482422
2015-01-14,63.88999938964844
2015-01-15,63.282501220703125
2015-01-16,63.73749923706055
2015-01-20,64.20999908447266
2015-01-21,64.31999969482422
2015-01-22,64.4000015258789
2015-01-23,64.57250213623047
2015-01-26,64.13249969482422
2015-01-27,62.747501373291016
2015-01-28,61.59000015258789
2015-01-29,62.0
2015-01-30,63.727500915527344
2015-02-02,63.834999084472656
2015-02-03,64.94750213623047
2015-02-04,66.22250366210938
2015-02-05,67.94999694824219
2015-02-06,66.8550033569336
2015-02-09,66.36499786376953
2015-02-10,66.13749694824219
2015-02-11,66.49749755859375
2015-02-12,67.72750091552734
2015-02-13,67.40750122070312
2015-02-17,67.71749877929688
2015-02-18,67.27999877929688
2015-02-19,67.2750015258789
2015-02-20,68.25
2015-02-23,68.25250244140625
2015-02-24,68.11750030517578
2015-02-25,68.25250244140625
2015-02-26,68.4375
2015-02-27,67.82749938964844
2015-03-02,69.57250213623047
2015-03-03,68.82499694824219
2015-03-04,68.4375
2015-03-05,68.53250122070312
2015-03-06,67.33499908447266
2015-03-09,67.8550033569336
2015-03-10,66.30000305175781
2015-03-11,66.1875
2015-03-12,67.3949966430664
2015-03-13,66.25749969482422
2015-03-16,67.25499725341797
2015-03-17,66.125
2015-03-18,66.9175033569336
2015-03-19,66.80999755859375
2015-03-20,67.41000366210938
2015-03-23,67.08000183105469
2015-03-24,67.0999984741211
2015-03-25,65.7300033569336
2015-03-26,65.58999633789062
2015-03-27,65.54000091552734
2015-03-30,65.66000366210938
2015-03-31,65.41000366210938
2015-04-01,65.18000030517578
2015-04-02,65.29000091552734
2015-04-06,65.19999694824219
2015-04-07,65.80000305175781
2015-04-08,66.5
2015-04-09,66.44000244140625
2015-04-10,66.33999633789062
2015-04-13,65.61000061035156
2015-04-14,65.52999877929688
2015-04-15,65.68000030517578
2015-04-16,65.6500015258789
2015-04-17,64.5199966430664
2015-04-20,64.72000122070312
2015-04-21,65.3499984741211
2015-04-22,68.01000213623047
2015-04-23,67.72000122070312
2015-04-24,67.4800033569336
2015-04-27,67.0999984741211
2015-04-28,66.7699966430664
2015-04-29,67.33999633789062
2015-04-30,66.05000305175781
2015-05-01,65.7699966430664
2015-05-04,65.58000183105469
2015-05-05,65.95999908447266
2015-05-06,65.66999816894531
2015-05-07,66.58000183105469
2015-05-08,69.47000122070312
2015-05-11,69.0199966430664
2015-05-12,68.69000244140625
2015-05-13,68.6500015258789
2015-05-14,70.0
2015-05-15,69.56999969482422
2015-05-18,70.0
2015-05-19,70.16000366210938
2015-05-20,69.77999877929688
2015-05-21,69.37000274658203
2015-05-22,69.62000274658203
2015-05-26,68.54000091552734
2015-05-27,69.48999786376953
2015-05-28,69.55999755859375
2015-05-29,68.68000030517578
2015-06-01,69.11000061035156
2015-06-02,69.04000091552734
2015-06-03,68.94999694824219
2015-06-04,68.20999908447266
2015-06-05,68.37000274658203
2015-06-08,67.68000030517578
2015-06-09,67.94999694824219
2015-06-10,69.62999725341797
2015-06-11,69.63999938964844
2015-06-12,69.33000183105469
2015-06-15,68.56999969482422
2015-06-16,69.01000213623047
2015-06-17,68.75
2015-06-18,69.5
2015-06-19,68.69000244140625
2015-06-22,69.08999633789062
2015-06-23,69.41999816894531
2015-06-24,68.86000061035156
2015-06-25,68.62000274658203
2015-06-26,68.75
2015-06-29,66.72000122070312
2015-06-30,67.1500015258789
2015-07-01,67.8499984741211
2015-07-02,68.23999786376953
2015-07-06,68.12000274658203
2015-07-07,67.7699966430664
2015-07-08,66.7300033569336
2015-07-09,67.05000305175781
2015-07-10,68.41999816894531
2015-07-13,69.5199966430664
2015-07-14,70.0999984741211
2015-07-15,70.0199966430664
2015-07-16,70.56999969482422
2015-07-17,70.87999725341797
2015-07-20,72.69999694824219
2015-07-21,72.0199966430664
2015-07-22,71.97000122070312
2015-07-23,71.75
2015-07-24,74.80000305175781
2015-07-27,73.86000061035156
2015-07-28,74.73999786376953
2015-07-29,76.01000213623047
2015-07-30,76.37999725341797
2015-07-31,75.33999633789062
2015-08-03,75.7699966430664
2015-08-04,75.2699966430664
2015-08-05,74.9800033569336
2015-08-06,73.58000183105469
2015-08-07,74.20999908447266
2015-08-10,74.37999725341797
2015-08-11,73.36000061035156
2015-08-12,73.54000091552734
2015-08-13,73.93000030517578
2015-08-14,74.22000122070312
2015-08-17,74.41000366210938
2015-08-18,74.47000122070312
2015-08-19,74.4000015258789
2015-08-20,73.94999694824219
2015-08-21,71.19000244140625
2015-08-24,68.36000061035156
2015-08-25,66.97000122070312
2015-08-26,70.69000244140625
2015-08-27,72.4000015258789
2015-08-28,72.45999908447266
2015-08-31,71.30000305175781
2015-09-01,68.95999908447266
2015-09-02,69.62000274658203
2015-09-03,70.4000015258789
2015-09-04,69.16000366210938
2015-09-08,70.52999877929688
2015-09-09,69.5999984741211
2015-09-10,70.2300033569336
2015-09-11,70.76000213623047
2015-09-14,70.01000213623047
2015-09-15,70.51000213623047
2015-09-16,70.98999786376953
2015-09-17,70.95999908447266
2015-09-18,69.79000091552734
2015-09-21,70.77999877929688
2015-09-22,70.25
2015-09-23,70.94999694824219
2015-09-24,70.23999786376953
2015-09-25,70.69000244140625
2015-09-28,67.19999694824219
2015-09-29,68.52999877929688
2015-09-30,69.66000366210938
2015-10-01,69.98999786376953
2015-10-02,70.66999816894531
2015-10-05,72.2300033569336
2015-10-06,72.08000183105469
2015-10-07,73.22000122070312
2015-10-08,73.9000015258789
2015-10-09,73.9800033569336
2015-10-12,74.98999786376953
2015-10-13,75.0
2015-10-14,74.19999694824219
2015-10-15,75.33999633789062
2015-10-16,76.0
2015-10-19,76.98999786376953
2015-10-20,76.27999877929688
2015-10-21,75.45999908447266
2015-10-22,76.41999816894531
2015-10-23,77.06999969482422
2015-10-26,78.18000030517578
2015-10-27,77.5199966430664
2015-10-28,78.87000274658203
2015-10-29,78.51000213623047
2015-10-30,77.58000183105469
2015-11-02,75.22000122070312
2015-11-03,77.9000015258789
2015-11-04,78.3499984741211
2015-11-05,79.26000213623047
2015-11-06,78.75
2015-11-09,78.04000091552734
2015-11-10,79.4800033569336
2015-11-11,79.18000030517578
2015-11-12,78.30999755859375
2015-11-13,78.11000061035156
2015-11-16,78.9000015258789
2015-11-17,78.83000183105469
2015-11-18,80.45999908447266
2015-11-19,80.1500015258789
2015-11-20,80.19000244140625
2015-11-23,80.11000061035156
2015-11-24,79.79000091552734
2015-11-25,79.55999755859375
2015-11-27,79.83999633789062
2015-11-30,79.01000213623047
2015-12-01,79.91000366210938
2015-12-02,79.04000091552734
2015-12-03,78.29000091552734
2015-12-04,80.4000015258789
2015-12-07,79.55000305175781
2015-12-08,79.06999969482422
2015-12-09,77.87999725341797
2015-12-10,78.12000274658203
2015-12-11,76.11000061035156
2015-12-14,76.87000274658203
2015-12-15,78.62000274658203
2015-12-16,79.86000061035156
2015-12-17,78.69000244140625
2015-12-18,76.31999969482422
2015-12-21,77.16999816894531
2015-12-22,77.37999725341797
2015-12-23,78.55999755859375
2015-12-24,78.26000213623047
2015-12-28,78.52999877929688
2015-12-29,79.20999908447266
2015-12-30,78.3499984741211
2015-12-31,77.55000305175781
2016-01-04,75.69999694824219
2016-01-05,76.2699966430664
2016-01-06,75.2699966430664
2016-01-07,73.79000091552734
2016-01-08,72.87999725341797
2016-01-11,73.91999816894531
2016-01-12,74.76000213623047
2016-01-13,73.0999984741211
2016-01-14,73.80000305175781
2016-01-15,71.83000183105469
2016-01-19,71.38999938964844
2016-01-20,70.68000030517578
2016-01-21,71.55999755859375
2016-01-22,72.69999694824219
2016-01-25,71.73999786376953
2016-01-26,71.87999725341797
2016-01-27,70.91000366210938
2016-01-28,69.33000183105469
2016-01-29,74.48999786376953
2016-02-01,74.37999725341797
2016-02-02,73.4000015258789
2016-02-03,74.37999725341797
2016-02-04,73.68000030517578
2016-02-05,71.54000091552734
2016-02-08,67.7699966430664
2016-02-09,68.33000183105469
2016-02-10,70.1500015258789
2016-02-11,68.47000122070312
2016-02-12,70.41999816894531
2016-02-16,71.0999984741211
2016-02-17,72.02999877929688
2016-02-18,71.23999786376953
2016-02-19,71.52999877929688
2016-02-22,73.05999755859375
2016-02-23,72.1500015258789
2016-02-24,71.8499984741211
2016-02-25,73.2699966430664
2016-02-26,72.7300033569336
2016-02-29,72.38999938964844
2016-03-01,74.63999938964844
2016-03-02,74.30000305175781
2016-03-03,73.91000366210938
2016-03-04,73.9000015258789
2016-03-07,71.94000244140625
2016-03-08,70.62000274658203
2016-03-09,70.68000030517578
2016-03-10,70.22000122070312
2016-03-11,71.62999725341797
2016-03-14,71.48999786376953
2016-03-15,71.91000366210938
2016-03-16,72.37000274658203
2016-03-17,73.13999938964844
2016-03-18,73.77999877929688
2016-03-21,73.7699966430664
2016-03-22,72.95999908447266
2016-03-23,73.91000366210938
2016-03-24,74.13999938964844
2016-03-28,74.08000183105469
2016-03-29,75.37999725341797
2016-03-30,76.77999877929688
2016-03-31,76.4800033569336
2016-04-01,77.58999633789062
2016-04-04,77.83000183105469
2016-04-05,76.97000122070312
2016-04-06,78.20999908447266
2016-04-07,77.58000183105469
2016-04-08,78.02999877929688
2016-04-11,77.81999969482422
2016-04-12,78.5199966430664
2016-04-13,79.70999908447266
2016-04-14,80.33000183105469
2016-04-15,80.08000183105469
2016-04-18,81.44999694824219
2016-04-19,80.75
2016-04-20,81.1500015258789
2016-04-21,80.79000091552734
2016-04-22,79.11000061035156
2016-04-25,78.13999938964844
2016-04-26,78.52999877929688
2016-04-27,78.76000213623047
2016-04-28,77.68000030517578
2016-04-29,77.23999786376953
2016-05-02,78.45999908447266
2016-05-03,77.19000244140625
2016-05-04,77.06999969482422
2016-05-05,77.36000061035156
2016-05-06,77.72000122070312
2016-05-09,78.22000122070312
2016-05-10,79.19999694824219
2016-05-11,77.30000305175781
2016-05-12,77.88999938964844
2016-05-13,76.83000183105469
2016-05-16,77.80000305175781
2016-05-17,76.79000091552734
2016-05-18,77.43000030517578
2016-05-19,76.87999725341797
2016-05-20,77.66999816894531
2016-05-23,77.20999908447266
2016-05-24,79.37999725341797
2016-05-25,79.05999755859375
2016-05-26,79.0
2016-05-27,79.66000366210938
2016-05-31,78.94000244140625
2016-06-01,79.22000122070312
2016-06-02,79.94999694824219
2016-06-03,79.94000244140625
2016-06-06,80.54000091552734
2016-06-07,80.5999984741211
2016-06-08,81.6500015258789
2016-06-09,81.26000213623047
2016-06-10,80.18000030517578
2016-06-13,78.4000015258789
2016-06-14,78.56999969482422
2016-06-15,78.16999816894531
2016-06-16,78.3499984741211
2016-06-17,76.98999786376953
2016-06-20,77.33999633789062
2016-06-21,77.33000183105469
2016-06-22,76.52999877929688
2016-06-23,78.2300033569336
2016-06-24,75.05000305175781
2016-06-27,73.33999633789062
2016-06-28,75.16000366210938
2016-06-29,76.73999786376953
2016-06-30,74.16999816894531
2016-07-01,74.4800033569336
2016-07-05,74.66999816894531
2016-07-06,74.05999755859375
2016-07-07,74.51000213623047
2016-07-08,76.41999816894531
2016-07-11,76.5199966430664
2016-07-12,77.4800033569336
2016-07-13,77.45999908447266
2016-07-14,78.13999938964844
2016-07-15,78.30000305175781
2016-07-18,78.30999755859375
2016-07-19,78.72000122070312
2016-07-20,79.36000061035156
2016-07-21,78.79000091552734
2016-07-22,79.91000366210938
2016-07-25,78.94000244140625
2016-07-26,78.48999786376953
2016-07-27,78.52999877929688
2016-07-28,79.19000244140625
2016-07-29,78.05000305175781
2016-08-01,78.26000213623047
2016-08-02,78.27999877929688
2016-08-03,78.70999908447266
2016-08-04,79.4800033569336
2016-08-05,80.13999938964844
2016-08-08,79.94999694824219
2016-08-09,80.05999755859375
2016-08-10,79.68000030517578
2016-08-11,80.12000274658203
2016-08-12,80.0199966430664
2016-08-15,80.91000366210938
2016-08-16,80.80999755859375
2016-08-17,80.83999633789062
2016-08-18,80.2699966430664
2016-08-19,80.47000122070312
2016-08-22,81.05999755859375
2016-08-23,80.80000305175781
2016-08-24,80.29000091552734
2016-08-25,80.31999969482422
2016-08-26,80.56999969482422
2016-08-29,80.87000274658203
2016-08-30,81.16999816894531
2016-08-31,80.9000015258789
2016-09-01,81.30000305175781
2016-09-02,82.0
2016-09-06,82.52999877929688
2016-09-07,83.23999786376953
2016-09-08,82.97000122070312
2016-09-09,81.33000183105469
2016-09-12,82.97000122070312
2016-09-13,81.88999938964844
2016-09-14,81.48999786376953
2016-09-15,82.01000213623047
2016-09-16,82.06999969482422
2016-09-19,82.51000213623047
2016-09-20,82.4800033569336
2016-09-21,83.22000122070312
2016-09-22,83.36000061035156
2016-09-23,82.54000091552734
2016-09-26,81.80999755859375
2016-09-27,82.16000366210938
2016-09-28,82.97000122070312
2016-09-29,81.91999816894531
2016-09-30,82.69999694824219
2016-10-03,82.86000061035156
2016-10-04,82.7300033569336
2016-10-05,83.3499984741211
2016-10-06,83.36000061035156
2016-10-07,82.87999725341797
2016-10-10,83.12000274658203
2016-10-11,82.04000091552734
2016-10-12,82.25
2016-10-13,81.87000274658203
2016-10-14,82.44999694824219
2016-10-17,82.1500015258789
2016-10-18,81.58000183105469
2016-10-19,82.80999755859375
2016-10-20,82.5
2016-10-21,82.3499984741211
2016-10-24,83.16999816894531
2016-10-25,82.02999877929688
2016-10-26,81.75
2016-10-27,81.91999816894531
2016-10-28,82.22000122070312
2016-10-31,82.51000213623047
2016-11-01,81.62000274658203
2016-11-02,80.58000183105469
2016-11-03,80.6500015258789
2016-11-04,80.36000061035156
2016-11-07,82.51000213623047
2016-11-08,82.87999725341797
2016-11-09,83.23999786376953
2016-11-10,81.87000274658203
2016-11-11,81.87999725341797
2016-11-14,78.37999725341797
2016-11-15,78.56999969482422
2016-11-16,80.08000183105469
2016-11-17,81.06999969482422
2016-11-18,80.81999969482422
2016-11-21,81.69000244140625
2016-11-22,79.93000030517578
2016-11-23,79.56999969482422
2016-11-25,80.12999725341797
2016-11-28,79.08000183105469
2016-11-29,79.1500015258789
2016-11-30,77.31999969482422
2016-12-01,75.43000030517578
2016-12-02,75.72000122070312
2016-12-05,77.30999755859375
2016-12-06,77.11000061035156
2016-12-07,79.30999755859375
2016-12-08,79.27999877929688
2016-12-09,79.13999938964844
2016-12-12,78.5
2016-12-13,79.19999694824219
2016-12-14,79.12999725341797
2016-12-15,79.5
2016-12-16,78.3499984741211
2016-12-19,78.0999984741211
2016-12-20,78.36000061035156
2016-12-21,78.13999938964844
2016-12-22,77.9000015258789
2016-12-23,78.1500015258789
2016-12-27,78.3499984741211
2016-12-28,78.30000305175781
2016-12-29,78.33000183105469
2016-12-30,78.0199966430664
2017-01-03,79.5
2017-01-04,80.1500015258789
2017-01-05,81.08999633789062
2017-01-06,82.20999908447266
2017-01-09,81.75
2017-01-10,81.30999755859375
2017-01-11,81.80000305175781
2017-01-12,81.37000274658203
2017-01-13,81.16999816894531
2017-01-17,81.26000213623047
2017-01-18,81.58999633789062
2017-01-19,81.7300033569336
2017-01-20,81.83999633789062
2017-01-23,82.1500015258789
2017-01-24,83.2300033569336
2017-01-25,83.9000015258789
2017-01-26,83.23999786376953
2017-01-27,83.7699966430664
2017-01-30,83.69999694824219
2017-01-31,82.70999908447266
2017-02-01,82.44000244140625
2017-02-02,82.30000305175781
2017-02-03,86.08000183105469
2017-02-06,85.83000183105469
2017-02-07,85.77999877929688
2017-02-08,85.08999633789062
2017-02-09,85.58000183105469
2017-02-10,85.9000015258789
2017-02-13,86.44000244140625
2017-02-14,86.8499984741211
2017-02-15,87.54000091552734
2017-02-16,87.41000366210938
2017-02-17,87.45999908447266
2017-02-21,87.91999816894531
2017-02-22,87.80000305175781
2017-02-23,88.18000030517578
2017-02-24,88.43000030517578
2017-02-27,88.0
2017-02-28,87.94000244140625
2017-03-01,88.98999786376953
2017-03-02,88.52999877929688
2017-03-03,88.79000091552734
2017-03-06,88.94000244140625
2017-03-07,89.05999755859375
2017-03-08,88.95999908447266
2017-03-09,89.11000061035156
2017-03-10,89.7300033569336
2017-03-13,90.11000061035156
2017-03-14,89.55000305175781
2017-03-15,89.91999816894531
2017-03-16,90.04000091552734
2017-03-17,90.23999786376952
2017-03-20,89.18000030517578
2017-03-21,88.05999755859375
2017-03-22,88.5199966430664
2017-03-23,88.86000061035156
2017-03-24,89.19000244140625
2017-03-27,88.94999694824219
2017-03-28,89.12000274658203
2017-03-29,89.18000030517578
2017-03-30,89.01000213623047
2017-03-31,88.87000274658203
2017-04-03,89.36000061035156
2017-04-04,88.77999877929688
2017-04-05,89.02999877929688
2017-04-06,89.08999633789062
2017-04-07,88.73999786376953
2017-04-10,88.86000061035156
2017-04-11,88.8499984741211
2017-04-12,88.68000030517578
2017-04-13,88.87000274658203
2017-04-17,89.80999755859375
2017-04-18,89.7300033569336
2017-04-19,89.75
2017-04-20,91.1500015258789
2017-04-21,91.1500015258789
2017-04-24,91.8499984741211
2017-04-25,92.11000061035156
2017-04-26,91.81999969482422
2017-04-27,91.5999984741211
2017-04-28,91.22000122070312
2017-05-01,91.26000213623048
2017-05-02,92.54000091552734
2017-05-03,92.44000244140624
2017-05-04,92.62000274658205
2017-05-05,92.08999633789062
2017-05-08,91.91999816894533
2017-05-09,92.0
2017-05-10,92.25
2017-05-11,92.0999984741211
2017-05-12,92.7300033569336
2017-05-15,93.2300033569336
2017-05-16,93.1500015258789
2017-05-17,91.76000213623048
2017-05-18,91.70999908447266
2017-05-19,92.4800033569336
2017-05-22,93.30999755859376
2017-05-23,93.86000061035156
2017-05-24,94.80999755859376
2017-05-25,95.04000091552734
2017-05-26,94.66999816894533
2017-05-30,94.72000122070312
2017-05-31,95.2300033569336
2017-06-01,95.4000015258789
2017-06-02,96.1500015258789
2017-06-05,96.5500030517578
2017-06-06,95.79000091552734
2017-06-07,96.08999633789062
2017-06-08,96.08999633789062
2017-06-09,94.55999755859376
2017-06-12,93.5
2017-06-13,95.08000183105467
2017-06-14,95.31999969482422
2017-06-15,94.16999816894533
2017-06-16,94.16999816894533
2017-06-19,94.79000091552734
2017-06-20,94.37999725341795
2017-06-21,94.54000091552734
2017-06-22,93.9499969482422
2017-06-23,95.58000183105467
2017-06-26,95.22000122070312
2017-06-27,94.9000015258789
2017-06-28,96.2300033569336
2017-06-29,94.41999816894533
2017-06-30,93.77999877929688
2017-07-03,93.3499984741211
2017-07-05,94.01000213623048
2017-07-06,93.25
2017-07-07,93.91999816894533
2017-07-10,95.08999633789062
2017-07-11,95.41000366210938
2017-07-12,96.18000030517578
2017-07-13,95.94000244140624
2017-07-14,96.93000030517578
2017-07-17,96.83000183105467
2017-07-18,97.58000183105467
2017-07-19,98.25
2017-07-20,98.11000061035156
2017-07-21,99.5999984741211
2017-07-24,100.37000274658205
2017-07-25,99.98999786376952
2017-07-26,100.8499984741211
2017-07-27,99.56999969482422
2017-07-28,99.1500015258789
2017-07-31,99.55999755859376
2017-08-01,100.87000274658205
2017-08-02,101.27999877929688
2017-08-03,100.58999633789062
2017-08-04,100.88999938964844
2017-08-07,101.48999786376952
2017-08-08,101.27999877929688
2017-08-09,100.97000122070312
2017-08-10,99.48999786376952
2017-08-11,100.08999633789062
2017-08-14,101.87000274658205
2017-08-15,102.62999725341795
2017-08-16,103.31999969482422
2017-08-17,102.16000366210938
2017-08-18,102.51000213623048
2017-08-21,103.22000122070312
2017-08-22,104.06999969482422
2017-08-23,103.18000030517578
2017-08-24,103.22000122070312
2017-08-25,103.3499984741211
2017-08-28,103.77999877929688
2017-08-29,103.7699966430664
2017-08-30,103.7300033569336
2017-08-31,103.5199966430664
2017-09-01,103.9000015258789
2017-09-05,103.01000213623048
2017-09-06,103.18000030517578
2017-09-07,104.55999755859376
2017-09-08,104.43000030517578
2017-09-11,106.1500015258789
2017-09-12,106.20999908447266
2017-09-13,105.83000183105467
2017-09-14,106.08000183105467
2017-09-15,105.3000030517578
2017-09-18,104.83000183105467
2017-09-19,105.41000366210938
2017-09-20,104.97000122070312
2017-09-21,105.30999755859376
2017-09-22,105.55999755859376
2017-09-25,103.0199966430664
2017-09-26,102.94000244140624
2017-09-27,103.88999938964844
2017-09-28,104.58000183105467
2017-09-29,105.23999786376952
2017-10-02,105.44000244140624
2017-10-03,105.58999633789062
2017-10-04,105.30999755859376
2017-10-05,106.23999786376952
2017-10-06,106.7300033569336
2017-10-09,107.01000213623048
2017-10-10,107.30999755859376
2017-10-11,108.44000244140624
2017-10-12,108.11000061035156
2017-10-13,108.66000366210938
2017-10-16,108.3000030517578
2017-10-17,107.54000091552734
2017-10-18,107.8000030517578
2017-10-19,107.0199966430664
2017-10-20,107.5500030517578
2017-10-23,107.52999877929688
2017-10-24,108.41000366210938
2017-10-25,109.48999786376952
2017-10-26,109.8000030517578
2017-10-27,109.70999908447266
2017-10-30,110.04000091552734
2017-10-31,109.9800033569336
2017-11-01,111.06999969482422
2017-11-02,110.9800033569336
2017-11-03,111.36000061035156
2017-11-06,111.91999816894533
2017-11-07,112.08999633789062
2017-11-08,112.47000122070312
2017-11-09,112.13999938964844
2017-11-10,111.87999725341795
2017-11-13,111.4000015258789
2017-11-14,111.9800033569336
2017-11-15,110.25
2017-11-16,111.0199966430664
2017-11-17,109.81999969482422
2017-11-20,109.9499969482422
2017-11-21,111.4499969482422
2017-11-22,110.81999969482422
2017-11-24,111.97000122070312
2017-11-27,112.37999725341795
2017-11-28,113.36000061035156
2017-11-29,109.86000061035156
2017-11-30,112.58999633789062
2017-12-01,110.7300033569336
2017-12-04,107.43000030517578
2017-12-05,108.58000183105467
2017-12-06,109.73999786376952
2017-12-07,111.4000015258789
2017-12-08,112.5999984741211
2017-12-11,112.37000274658205
2017-12-12,113.45999908447266
2017-12-13,113.30999755859376
2017-12-14,112.91999816894533
2017-12-15,113.81999969482422
2017-12-18,113.5500030517578
2017-12-19,112.13999938964844
2017-12-20,112.12000274658205
2017-12-21,112.41000366210938
2017-12-22,112.69000244140624
2017-12-26,112.98999786376952
2017-12-27,114.0199966430664
2017-12-28,114.3499984741211
2017-12-29,114.0199966430664
2018-01-02,114.51000213623048
2018-01-03,115.6500015258789
2018-01-04,116.08000183105467
2018-01-05,118.86000061035156
2018-01-08,119.33999633789062
2018-01-09,119.11000061035156
2018-01-10,118.9800033569336
2018-01-11,119.83999633789062
2018-01-12,120.08999633789062
2018-01-16,120.38999938964844
2018-01-17,121.9800033569336
2018-01-18,123.11000061035156
2018-01-19,122.6999969482422
2018-01-22,124.33000183105467
2018-01-23,124.6500015258789
2018-01-24,124.5500030517578
2018-01-25,125.22000122070312
2018-01-26,126.31999969482422
2018-01-29,124.83999633789062
2018-01-30,123.5500030517578
2018-01-31,124.2300033569336
2018-02-01,125.72000122070312
2018-02-02,120.91000366210938
2018-02-05,116.2699966430664
2018-02-06,119.97000122070312
2018-02-07,119.6500015258789
2018-02-08,113.86000061035156
2018-02-09,116.31999969482422
2018-02-12,118.47000122070312
2018-02-13,118.3499984741211
2018-02-14,120.83000183105467
2018-02-15,122.27999877929688
2018-02-16,121.8499984741211
2018-02-20,122.01000213623048
2018-02-21,120.43000030517578
2018-02-22,120.37999725341795
2018-02-23,122.93000030517578
2018-02-26,124.58999633789062
2018-02-27,123.37000274658205
2018-02-28,122.94000244140624
2018-03-01,120.4000015258789
2018-03-02,120.7699966430664
2018-03-05,121.87999725341795
2018-03-06,121.05999755859376
2018-03-07,121.8499984741211
2018-03-08,122.22000122070312
2018-03-09,124.51000213623048
2018-03-12,124.23999786376952
2018-03-13,123.1999969482422
2018-03-14,122.58000183105467
2018-03-15,123.41000366210938
2018-03-16,124.52999877929688
2018-03-19,123.20999908447266
2018-03-20,124.91000366210938
2018-03-21,123.22000122070312
2018-03-22,119.98999786376952
2018-03-23,117.0
2018-03-26,120.63999938964844
2018-03-27,117.4000015258789
2018-03-28,116.98999786376952
2018-03-29,119.62000274658205
2018-04-02,118.38999938964844
2018-04-03,119.1999969482422
2018-04-04,119.80999755859376
2018-04-05,121.19000244140624
2018-04-06,117.6999969482422
2018-04-09,118.79000091552734
2018-04-10,120.72000122070312
2018-04-11,119.77999877929688
2018-04-12,121.06999969482422
2018-04-13,120.75
2018-04-16,121.87999725341795
2018-04-17,123.8000030517578
2018-04-18,124.4800033569336
2018-04-19,123.95999908447266
2018-04-20,124.1999969482422
2018-04-23,124.45999908447266
2018-04-24,121.2699966430664
2018-04-25,121.20999908447266
2018-04-26,127.08000183105467
2018-04-27,126.01000213623048
2018-04-30,126.87999725341795
2018-05-01,127.51000213623048
2018-05-02,126.37999725341795
2018-05-03,127.18000030517578
2018-05-04,128.16000366210938
2018-05-07,129.25999450683594
2018-05-08,129.89999389648438
2018-05-09,130.83999633789062
2018-05-10,131.0
2018-05-11,131.82000732421875
2018-05-14,131.2100067138672
2018-05-15,131.10000610351562
2018-05-16,130.88999938964844
2018-05-17,129.92999267578125
2018-05-18,129.92999267578125
2018-05-21,130.66000366210938
2018-05-22,130.7100067138672
2018-05-23,131.8800048828125
2018-05-24,131.88999938964844
2018-05-25,131.27999877929688
2018-05-29,129.69000244140625
2018-05-30,130.63999938964844
2018-05-31,130.72000122070312
2018-06-01,130.85000610351562
2018-06-04,133.07000732421875
2018-06-05,133.55999755859375
2018-06-06,136.27999877929688
2018-06-07,133.83999633789062
2018-06-08,134.74000549316406
2018-06-11,133.91000366210938
2018-06-12,134.86000061035156
2018-06-13,134.39999389648438
2018-06-14,135.0
2018-06-15,135.10000610351562
2018-06-18,136.1999969482422
2018-06-19,135.11000061035156
2018-06-20,135.5
2018-06-21,134.52999877929688
2018-06-22,135.3300018310547
2018-06-25,130.92999267578125
2018-06-26,132.5500030517578
2018-06-27,131.02000427246094
2018-06-28,132.74000549316406
2018-06-29,132.4499969482422
2018-07-02,132.5
2018-07-03,131.4499969482422
2018-07-05,133.2899932861328
2018-07-06,134.08999633789062
2018-07-09,135.52000427246094
2018-07-10,136.69000244140625
2018-07-11,138.14999389648438
2018-07-12,139.89999389648438
2018-07-13,139.4199981689453
2018-07-16,138.4600067138672
2018-07-17,139.63999938964844
2018-07-18,140.89999389648438
2018-07-19,140.1300048828125
2018-07-20,140.99000549316406
2018-07-23,140.02999877929688
2018-07-24,140.02999877929688
2018-07-25,142.63999938964844
2018-07-26,142.5
2018-07-27,140.7100067138672
2018-07-30,136.47999572753906
2018-07-31,136.74000549316406
2018-08-01,138.25
2018-08-02,138.9199981689453
2018-08-03,139.82000732421875
2018-08-06,139.7100067138672
2018-08-07,140.27999877929688
2018-08-08,140.67999267578125
2018-08-09,140.00999450683594
2018-08-10,139.72999572753906
2018-08-13,140.2100067138672
2018-08-14,140.75999450683594
2018-08-15,139.9199981689453
2018-08-16,140.64999389648438
2018-08-17,141.3300018310547
2018-08-20,140.94000244140625
2018-08-21,140.0399932861328
2018-08-22,141.13999938964844
2018-08-23,142.10000610351562
2018-08-24,144.1999969482422
2018-08-27,145.39999389648438
2018-08-28,145.1999969482422
2018-08-29,147.02999877929688
2018-08-30,146.74000549316406
2018-08-31,146.88999938964844
2018-09-04,147.8000030517578
2018-09-05,142.6699981689453
2018-09-06,144.5
2018-09-07,143.1999969482422
2018-09-10,144.0800018310547
2018-09-11,145.49000549316406
2018-09-12,146.57000732421875
2018-09-13,147.6300048828125
2018-09-14,147.83999633789062
2018-09-17,146.17999267578125
2018-09-18,147.6300048828125
2018-09-19,147.4199981689453
2018-09-20,149.24000549316406
2018-09-21,150.0500030517578
2018-09-24,149.11000061035156
2018-09-25,149.5800018310547
2018-09-26,149.27000427246094
2018-09-27,150.02000427246094
2018-09-28,150.08999633789062
2018-10-01,150.7899932861328
2018-10-02,149.6699981689453
2018-10-03,149.3699951171875
2018-10-04,146.75999450683594
2018-10-05,145.36000061035156
2018-10-08,141.88999938964844
2018-10-09,142.30999755859375
2018-10-10,135.52000427246094
2018-10-11,133.72999572753906
2018-10-12,140.05999755859375
2018-10-15,137.22999572753906
2018-10-16,141.74000549316406
2018-10-17,142.4499969482422
2018-10-18,139.2899932861328
2018-10-19,140.0800018310547
2018-10-22,140.63999938964844
2018-10-23,139.1199951171875
2018-10-24,134.25999450683594
2018-10-25,140.52000427246094
2018-10-26,137.74000549316406
2018-10-29,134.3300018310547
2018-10-30,132.75999450683594
2018-10-31,137.85000610351562
2018-11-01,140.8300018310547
2018-11-02,139.77999877929688
2018-11-05,139.8000030517578
2018-11-06,140.7899932861328
2018-11-07,144.77999877929688
2018-11-08,145.22999572753906
2018-11-09,143.92999267578125
2018-11-12,139.72000122070312
2018-11-13,139.72000122070312
2018-11-14,139.49000549316406
2018-11-15,141.83999633789062
2018-11-16,140.17999267578125
2018-11-19,134.75999450683594
2018-11-20,133.3699951171875
2018-11-21,134.4199981689453
2018-11-23,132.8699951171875
2018-11-26,135.94000244140625
2018-11-27,135.91000366210938
2018-11-28,141.3800048828125
2018-11-29,139.10000610351562
2018-11-30,141.7100067138672
2018-12-03,145.0
2018-12-04,138.63999938964844
2018-12-06,141.0500030517578
2018-12-07,137.11000061035156
2018-12-10,137.8800048828125
2018-12-11,136.80999755859375
2018-12-12,137.8000030517578
2018-12-13,137.5399932861328
2018-12-14,135.08999633789062
2018-12-17,131.39999389648438
2018-12-18,132.66000366210938
2018-12-19,131.25999450683594
2018-12-20,128.75999450683594
2018-12-21,124.26000213623048
2018-12-24,121.7300033569336
2018-12-26,130.22999572753906
2018-12-27,132.00999450683594
2018-12-28,130.94000244140625
2018-12-31,131.94000244140625
2019-01-02,132.9199981689453
2019-01-03,128.1300048828125
2019-01-04,133.64999389648438
2019-01-07,136.05999755859375
2019-01-08,136.8000030517578
2019-01-09,138.41000366210938
2019-01-10,138.6699981689453
2019-01-11,138.05999755859375
2019-01-14,137.10000610351562
2019-01-15,137.33999633789062
2019-01-16,137.33999633789062
2019-01-17,137.27999877929688
2019-01-18,138.5
2019-01-22,138.0500030517578
2019-01-23,137.00999450683594
2019-01-24,137.6999969482422
2019-01-25,138.6699981689453
2019-01-28,135.99000549316406
2019-01-29,135.0
2019-01-30,137.60000610351562
2019-01-31,135.00999450683594
2019-02-01,140.14999389648438
2019-02-04,141.5
2019-02-05,142.52999877929688
2019-02-06,141.49000549316406
2019-02-07,140.1699981689453
2019-02-08,140.3800048828125
2019-02-11,140.8000030517578
2019-02-12,141.99000549316406
2019-02-13,143.49000549316406
2019-02-14,143.16000366210938
2019-02-15,144.91000366210938
2019-02-19,144.44000244140625
2019-02-20,144.72999572753906
2019-02-21,144.0
2019-02-22,145.8699951171875
2019-02-25,146.05999755859375
2019-02-26,147.0399932861328
2019-02-27,147.22000122070312
2019-02-28,148.1199951171875
2019-03-01,149.47000122070312
2019-03-04,147.9600067138672
2019-03-05,147.9499969482422
2019-03-06,147.80999755859375
2019-03-07,146.8300018310547
2019-03-08,147.35000610351562
2019-03-11,150.6699981689453
2019-03-12,151.72999572753906
2019-03-13,152.47000122070312
2019-03-14,154.1999969482422
2019-03-15,155.4600067138672
2019-03-18,154.9600067138672
2019-03-19,154.58999633789062
2019-03-20,153.75
2019-03-21,155.8000030517578
2019-03-22,153.07000732421875
2019-03-25,153.02999877929688
2019-03-26,155.3000030517578
2019-03-27,154.22000122070312
2019-03-28,154.6699981689453
2019-03-29,156.19000244140625
2019-04-01,157.25999450683594
2019-04-02,157.77999877929688
2019-04-03,158.4600067138672
2019-04-04,157.63999938964844
2019-04-05,157.64999389648438
2019-04-08,157.75
2019-04-09,157.49000549316406
2019-04-10,158.55999755859375
2019-04-11,157.86000061035156
2019-04-12,159.63999938964844
2019-04-15,160.44000244140625
2019-04-16,160.22999572753906
2019-04-17,160.44000244140625
2019-04-18,160.16000366210938
2019-04-22,160.39999389648438
2019-04-23,161.66000366210938
2019-04-24,161.49000549316406
2019-04-25,161.02000427246094
2019-04-26,162.92999267578125
2019-04-29,164.14999389648438
2019-04-30,164.42999267578125
2019-05-01,162.7899932861328
2019-05-02,161.1199951171875
2019-05-03,162.0399932861328
2019-05-06,162.27999877929688
2019-05-07,160.2100067138672
2019-05-08,160.75999450683594
2019-05-09,159.80999755859375
2019-05-10,160.7100067138672
2019-05-13,157.3300018310547
2019-05-14,160.2100067138672
2019-05-15,162.7899932861328
2019-05-16,164.8699951171875
2019-05-17,164.08999633789062
2019-05-20,163.47000122070312
2019-05-21,163.86000061035156
2019-05-22,164.24000549316406
2019-05-23,161.50999450683594
2019-05-24,162.63999938964844
2019-05-28,163.7100067138672
2019-05-29,162.72999572753906
2019-05-30,162.75999450683594
2019-05-31,161.3300018310547
2019-06-03,158.60000610351562
2019-06-04,162.3300018310547
2019-06-05,165.38999938964844
2019-06-06,166.9199981689453
2019-06-07,170.0500030517578
2019-06-10,170.82000732421875
2019-06-11,170.30999755859375
2019-06-12,171.58999633789062
2019-06-13,169.35000610351562
2019-06-14,169.66000366210938
2019-06-17,169.55999755859375
2019-06-18,169.27999877929688
2019-06-19,170.69000244140625
2019-06-20,173.74000549316406
2019-06-21,173.44000244140625
2019-06-24,173.85000610351562
2019-06-25,171.27999877929688
2019-06-26,171.05999755859375
2019-06-27,171.22999572753906
2019-06-28,173.5500030517578
2019-07-01,173.94000244140625
2019-07-02,175.27999877929688
2019-07-03,176.8699951171875
2019-07-05,176.66000366210938
2019-07-08,176.19000244140625
2019-07-09,177.72999572753906
2019-07-10,179.30999755859375
2019-07-11,180.7400054931641
2019-07-12,180.3300018310547
2019-07-15,180.57000732421875
2019-07-16,179.30999755859375
2019-07-17,179.14999389648438
2019-07-18,180.52999877929688
2019-07-19,179.24000549316406
2019-07-22,180.57000732421875
2019-07-23,180.8999938964844
2019-07-24,183.3300018310547
2019-07-25,181.58999633789065
2019-07-26,183.69000244140625
2019-07-29,183.2100067138672
2019-07-30,181.52999877929688
2019-07-31,178.0
2019-08-01,179.1699981689453
2019-08-02,177.4199981689453
2019-08-05,168.86000061035156
2019-08-06,172.47999572753906
2019-08-07,175.32000732421875
2019-08-08,179.89999389648438
2019-08-09,179.0500030517578
2019-08-12,176.33999633789062
2019-08-13,178.61000061035156
2019-08-14,173.50999450683594
2019-08-15,176.27000427246094
2019-08-16,178.22999572753906
2019-08-19,179.74000549316406
2019-08-20,179.24000549316406
2019-08-21,180.94000244140625
2019-08-22,180.08999633789062
2019-08-23,175.22999572753906
2019-08-26,177.58999633789062
2019-08-27,178.3800048828125
2019-08-28,178.6699981689453
2019-08-29,181.1699981689453
2019-08-30,180.82000732421875
2019-09-03,179.1999969482422
2019-09-04,181.77000427246097
2019-09-05,184.72999572753903
2019-09-06,185.7400054931641
2019-09-09,181.5500030517578
2019-09-10,176.35000610351562
2019-09-11,174.97999572753906
2019-09-12,177.97999572753906
2019-09-13,177.27000427246094
2019-09-16,176.11000061035156
2019-09-17,176.4499969482422
2019-09-18,175.2899932861328
2019-09-19,175.9600067138672
2019-09-20,174.05999755859375
2019-09-23,174.91000366210938
2019-09-24,174.47999572753906
2019-09-25,175.27999877929688
2019-09-26,175.64999389648438
2019-09-27,174.0
2019-09-30,172.00999450683594
2019-10-01,174.2899932861328
2019-10-02,169.8300018310547
2019-10-03,172.8699951171875
2019-10-04,175.97999572753906
2019-10-07,174.89999389648438
2019-10-08,172.4199981689453
2019-10-09,174.8800048828125
2019-10-10,174.8800048828125
2019-10-11,177.05999755859375
2019-10-14,177.36000061035156
2019-10-15,178.75
2019-10-16,177.8699951171875
2019-10-17,177.94000244140625
2019-10-18,175.7100067138672
2019-10-21,176.42999267578125
2019-10-22,170.86000061035156
2019-10-23,171.32000732421875
2019-10-24,176.16000366210938
2019-10-25,177.85000610351562
2019-10-28,179.83999633789062
2019-10-29,177.6300048828125
2019-10-30,179.25
2019-10-31,178.86000061035156
2019-11-01,180.92999267578125
2019-11-04,178.9499969482422
2019-11-05,176.3699951171875
2019-11-06,176.77000427246094
2019-11-07,178.42999267578125
2019-11-08,178.97000122070312
2019-11-11,179.5399932861328
2019-11-12,179.74000549316406
2019-11-13,179.41000366210938
2019-11-14,179.75
2019-11-15,179.77000427246094
2019-11-18,179.66000366210938
2019-11-19,182.77000427246097
2019-11-20,181.66000366210935
2019-11-21,179.88999938964844
2019-11-22,179.47000122070312
2019-11-25,180.97000122070312
2019-11-26,182.5500030517578
2019-11-27,184.3699951171875
2019-11-29,184.5099945068359
2019-12-02,181.7899932861328
2019-12-03,181.8999938964844
2019-12-04,180.6000061035156
2019-12-05,181.88999938964844
2019-12-06,182.1699981689453
2019-12-09,182.9199981689453
2019-12-10,182.2599945068359
2019-12-11,182.0099945068359
2019-12-12,182.63999938964844
2019-12-13,185.13999938964844
2019-12-16,186.2400054931641
2019-12-17,185.52000427246097
2019-12-18,184.8999938964844
2019-12-19,186.5399932861328
2019-12-20,188.0
2019-12-23,187.0800018310547
2019-12-24,187.57000732421875
2019-12-26,189.16000366210935
2019-12-27,189.38999938964844
2019-12-30,187.8300018310547
2019-12-31,187.8999938964844
2020-01-02,191.1199951171875
2020-01-03,189.6000061035156
2020-01-06,189.19000244140625
2020-01-07,188.69000244140625
2020-01-08,191.9199981689453
2020-01-09,193.25
2020-01-10,193.77000427246097
2020-01-13,195.3300018310547
2020-01-14,196.0500030517578
2020-01-15,199.8000030517578
2020-01-16,200.9499969482422
2020-01-17,204.6999969482422
2020-01-21,207.2899932861328
2020-01-22,207.8999938964844
2020-01-23,206.52000427246097
2020-01-24,205.0
2020-01-27,201.69000244140625
2020-01-28,202.8500061035156
2020-01-29,204.86000061035156
2020-01-30,208.2100067138672
2020-01-31,198.97000122070312
2020-02-03,200.80999755859375
2020-02-04,203.55999755859375
2020-02-05,202.80999755859375
2020-02-06,203.0399932861328
2020-02-07,202.7400054931641
2020-02-10,205.9900054931641
2020-02-11,203.94000244140625
2020-02-12,207.44000244140625
2020-02-13,207.3999938964844
2020-02-14,210.2899932861328
2020-02-18,211.1999969482422
2020-02-19,213.30999755859375
2020-02-20,211.4499969482422
2020-02-21,208.80999755859375
2020-02-24,198.7899932861328
2020-02-25,188.3999938964844
2020-02-26,187.2100067138672
2020-02-27,180.00999450683594
2020-02-28,181.7599945068359
2020-03-02,192.3300018310547
2020-03-03,185.72999572753903
2020-03-04,194.2899932861328
2020-03-05,186.9600067138672
2020-03-06,184.36000061035156
2020-03-09,171.1300048828125
2020-03-10,182.6000061035156
2020-03-11,172.9499969482422
2020-03-12,160.0800018310547
2020-03-13,175.8300018310547
2020-03-16,152.00999450683594
2020-03-17,157.88999938964844
2020-03-18,148.47999572753906
2020-03-19,152.25
2020-03-20,146.8300018310547
2020-03-23,135.74000549316406
2020-03-24,154.52999877929688
2020-03-25,161.77999877929688
2020-03-26,168.8800048828125
2020-03-27,161.55999755859375
2020-03-30,165.57000732421875
2020-03-31,161.1199951171875
2020-04-01,153.11000061035156
2020-04-02,157.38999938964844
2020-04-03,151.85000610351562
2020-04-06,169.44000244140625
2020-04-07,168.58999633789062
2020-04-08,174.94000244140625
2020-04-09,173.69000244140625
2020-04-13,168.99000549316406
2020-04-14,174.6199951171875
2020-04-15,165.9600067138672
2020-04-16,162.4199981689453
2020-04-17,169.5399932861328
2020-04-20,164.22000122070312
2020-04-21,160.52999877929688
2020-04-22,166.58999633789062
2020-04-23,166.3800048828125
2020-04-24,167.32000732421875
2020-04-27,171.75999450683594
2020-04-28,171.25
2020-04-29,181.7899932861328
2020-04-30,178.72000122070312
2020-05-01,175.57000732421875
2020-05-04,176.14999389648438
2020-05-05,178.44000244140625
2020-05-06,178.77999877929688
2020-05-07,182.72000122070312
2020-05-08,185.08999633789065
2020-05-11,183.55999755859375
2020-05-12,179.47000122070312
2020-05-13,177.08999633789062
2020-05-14,180.8999938964844
2020-05-15,183.4900054931641
2020-05-18,191.3800048828125
2020-05-19,189.36000061035156
2020-05-20,193.86000061035156
2020-05-21,190.6199951171875
2020-05-22,190.86000061035156
2020-05-26,193.22000122070312
2020-05-27,192.82000732421875
2020-05-28,194.2599945068359
2020-05-29,195.2400054931641
2020-06-01,194.3500061035156
2020-06-02,196.36000061035156
2020-06-03,196.8699951171875
2020-06-04,193.63999938964844
2020-06-05,199.61000061035156
2020-06-08,199.6000061035156
2020-06-09,199.0800018310547
2020-06-10,200.47999572753903
2020-06-11,188.8800048828125
2020-06-12,192.2599945068359
2020-06-15,191.7599945068359
2020-06-16,192.8800048828125
2020-06-17,193.55999755859375
2020-06-18,193.91000366210935
2020-06-19,192.1999969482422
2020-06-22,194.9600067138672
2020-06-23,197.97000122070312
2020-06-24,191.41000366210935
2020-06-25,193.97999572753903
2020-06-26,189.27000427246097
2020-06-29,191.3800048828125
2020-06-30,193.1699981689453
2020-07-01,193.77999877929688
2020-07-02,195.6699981689453
2020-07-06,197.7599945068359
2020-07-07,194.1999969482422
2020-07-08,195.07000732421875
2020-07-09,192.2100067138672
2020-07-10,192.5500030517578
2020-07-13,189.02000427246097
2020-07-14,193.3300018310547
2020-07-15,196.5500030517578
2020-07-16,193.5
2020-07-17,195.08999633789065
2020-07-20,198.47000122070312
2020-07-21,196.47999572753903
2020-07-22,198.86000061035156
2020-07-23,197.42999267578125
2020-07-24,195.1499938964844
2020-07-27,196.91000366210935
2020-07-28,196.7400054931641
2020-07-29,198.5800018310547
2020-07-30,194.05999755859375
2020-07-31,190.3999938964844
2020-08-03,190.69000244140625
2020-08-04,192.2899932861328
2020-08-05,196.1000061035156
2020-08-06,198.77000427246097
2020-08-07,196.36000061035156
2020-08-10,196.7899932861328
2020-08-11,197.77000427246097
2020-08-12,198.7400054931641
2020-08-13,197.5800018310547
2020-08-14,196.63999938964844
2020-08-17,199.42999267578125
2020-08-18,199.0099945068359
2020-08-19,200.9900054931641
2020-08-20,204.1499938964844
2020-08-21,204.1300048828125
2020-08-24,206.41000366210935
2020-08-25,208.1000061035156
2020-08-26,210.2599945068359
2020-08-27,211.02999877929688
2020-08-28,215.7100067138672
2020-08-31,211.9900054931641
2020-09-01,213.3500061035156
2020-09-02,216.47999572753903
2020-09-03,208.9600067138672
2020-09-04,204.66000366210935
2020-09-08,200.1199951171875
2020-09-09,204.05999755859375
2020-09-10,201.5399932861328
2020-09-11,200.67999267578125
2020-09-14,204.97999572753903
2020-09-15,205.38999938964844
2020-09-16,205.1300048828125
2020-09-17,205.27000427246097
2020-09-18,202.61000061035156
2020-09-21,197.4499969482422
2020-09-22,200.55999755859375
2020-09-23,195.3699951171875
2020-09-24,195.52000427246097
2020-09-25,197.25
2020-09-28,200.32000732421875
2020-09-29,199.44000244140625
2020-09-30,199.97000122070312
2020-10-01,203.3500061035156
2020-10-02,201.4600067138672
2020-10-05,203.5399932861328
2020-10-06,200.4499969482422
2020-10-07,202.47000122070312
2020-10-08,202.97999572753903
2020-10-09,206.63999938964844
2020-10-12,206.3999938964844
2020-10-13,204.32000732421875
2020-10-14,202.1999969482422
2020-10-15,199.5500030517578
2020-10-16,200.2599945068359
2020-10-19,196.97000122070312
2020-10-20,197.6999969482422
2020-10-21,198.42999267578125
2020-10-22,197.9900054931641
2020-10-23,198.0099945068359
2020-10-26,193.07000732421875
2020-10-27,190.05999755859375
2020-10-28,180.8699951171875
2020-10-29,184.8699951171875
2020-10-30,181.7100067138672
2020-11-02,184.7400054931641
2020-11-03,188.33999633789065
2020-11-04,193.97000122070312
2020-11-05,197.63999938964844
2020-11-06,198.47000122070312
2020-11-09,212.67999267578125
2020-11-10,213.30999755859375
2020-11-11,212.6999969482422
2020-11-12,208.2599945068359
2020-11-13,210.47999572753903
2020-11-16,212.6999969482422
2020-11-17,210.7100067138672
2020-11-18,207.8300018310547
2020-11-19,207.57000732421875
2020-11-20,203.8800048828125
2020-11-23,208.16000366210935
2020-11-24,209.67999267578125
2020-11-25,210.88999938964844
2020-11-27,211.0
2020-11-30,210.3500061035156
2020-12-01,211.1999969482422
2020-12-02,210.17999267578125
2020-12-03,208.0500030517578
2020-12-04,212.67999267578125
2020-12-07,212.6499938964844
2020-12-08,212.77000427246097
2020-12-09,209.5800018310547
2020-12-10,207.61000061035156
2020-12-11,206.2400054931641
2020-12-14,207.25
2020-12-15,208.36000061035156
2020-12-16,208.27000427246097
2020-12-17,211.17999267578125
2020-12-18,211.30999755859375
2020-12-21,209.0099945068359
2020-12-22,205.83999633789065
2020-12-23,205.3000030517578
2020-12-24,208.6999969482422
2020-12-28,212.6300048828125
2020-12-29,214.3699951171875
2020-12-30,218.36000061035156
2020-12-31,218.72999572753903
2021-01-04,217.7599945068359
2021-01-05,214.5099945068359
2021-01-06,212.6199951171875
2021-01-07,213.80999755859375
2021-01-08,215.4499969482422
2021-01-11,212.88999938964844
2021-01-12,208.86000061035156
2021-01-13,209.3500061035156
2021-01-14,201.86000061035156
2021-01-15,201.58999633789065
2021-01-19,201.66000366210935
2021-01-20,206.0099945068359
2021-01-21,205.13999938964844
2021-01-22,202.02000427246097
2021-01-25,200.97999572753903
2021-01-26,202.0099945068359
2021-01-27,194.97000122070312
2021-01-28,198.22000122070312
2021-01-29,193.25
2021-02-01,198.36000061035156
2021-02-02,202.61000061035156
2021-02-03,201.36000061035156
2021-02-04,209.25
2021-02-05,208.77000427246097
2021-02-08,206.88999938964844
2021-02-09,206.52000427246097
2021-02-10,206.44000244140625
2021-02-11,210.66000366210935
2021-02-12,209.9600067138672
2021-02-16,207.8999938964844
2021-02-17,207.5099945068359
2021-02-18,209.3500061035156
2021-02-19,204.72999572753903
2021-02-22,208.32000732421875
2021-02-23,212.11000061035156
2021-02-24,219.42999267578125
2021-02-25,213.75
2021-02-26,212.38999938964844
2021-03-01,216.6300048828125
2021-03-02,215.77000427246097
2021-03-03,214.8500061035156
2021-03-04,211.5
2021-03-05,215.41000366210935
2021-03-08,220.27000427246097
2021-03-09,220.36000061035156
2021-03-10,223.1699981689453
2021-03-11,226.1499938964844
2021-03-12,224.36000061035156
2021-03-15,223.27000427246097
2021-03-16,224.6999969482422
2021-03-17,223.02000427246097
2021-03-18,220.66000366210935
2021-03-19,206.8999938964844
2021-03-22,208.0
2021-03-23,208.1499938964844
2021-03-24,208.07000732421875
2021-03-25,207.97000122070312
2021-03-26,213.52999877929688
2021-03-29,214.5099945068359
2021-03-30,211.8999938964844
2021-03-31,211.72999572753903
2021-04-01,216.86000061035156
2021-04-05,219.0399932861328
2021-04-06,218.6499938964844
2021-04-07,219.27000427246097
2021-04-08,220.6999969482422
2021-04-09,222.52000427246097
2021-04-12,221.47000122070312
2021-04-13,221.02000427246097
2021-04-14,221.97999572753903
2021-04-15,226.27999877929688
2021-04-16,226.41000366210935
2021-04-19,225.7899932861328
2021-04-20,223.27999877929688
2021-04-21,227.4499969482422
2021-04-22,227.57000732421875
2021-04-23,230.0
2021-04-26,230.33999633789065
2021-04-27,229.91000366210935
2021-04-28,233.4499969482422
2021-04-29,236.86000061035156
2021-04-30,233.55999755859375
2021-05-03,232.61000061035156
2021-05-04,232.02999877929688
2021-05-05,229.2100067138672
2021-05-06,231.32000732421875
2021-05-07,232.1199951171875
2021-05-10,225.97000122070312
2021-05-11,225.47999572753903
2021-05-12,220.6300048828125
2021-05-13,223.7400054931641
2021-05-14,226.94000244140625
2021-05-17,226.44000244140625
2021-05-18,225.57000732421875
2021-05-19,224.58999633789065
2021-05-20,226.44000244140625
2021-05-21,226.77000427246097
2021-05-24,229.32000732421875
2021-05-25,229.02000427246097
2021-05-26,227.07000732421875
2021-05-27,226.86000061035156
2021-05-28,227.3000030517578
2021-06-01,226.6300048828125
2021-06-02,229.66000366210935
2021-06-03,228.11000061035156
2021-06-04,230.13999938964844
2021-06-07,231.32000732421875
2021-06-08,232.0500030517578
2021-06-09,232.30999755859375
2021-06-10,233.9499969482422
2021-06-11,234.9600067138672
2021-06-14,234.0800018310547
2021-06-15,232.97999572753903
2021-06-16,229.6000061035156
2021-06-17,232.1499938964844
2021-06-18,230.41000366210935
2021-06-21,234.32000732421875
2021-06-22,235.92999267578125
2021-06-23,234.67999267578125
2021-06-24,236.2400054931641
2021-06-25,237.32000732421875
2021-06-28,234.08999633789065
2021-06-29,235.9499969482422
2021-06-30,233.82000732421875
2021-07-01,235.1499938964844
2021-07-02,238.6300048828125
2021-07-06,239.6000061035156
2021-07-07,240.0
2021-07-08,236.61000061035156
2021-07-09,238.47000122070312
2021-07-12,237.8699951171875
2021-07-13,242.3500061035156
2021-07-14,245.9900054931641
2021-07-15,248.5500030517578
2021-07-16,248.1199951171875
2021-07-19,240.41000366210935
2021-07-20,242.6999969482422
2021-07-21,243.66000366210935
2021-07-22,244.13999938964844
2021-07-23,249.02000427246097
2021-07-26,250.25
2021-07-27,250.92999267578125
2021-07-28,246.94000244140625
2021-07-29,247.9199981689453
2021-07-30,246.38999938964844
2021-08-02,239.77999877929688
2021-08-03,237.08999633789065
2021-08-04,236.6699981689453
2021-08-05,240.2100067138672
2021-08-06,241.3999938964844
2021-08-09,240.0
2021-08-10,238.07000732421875
2021-08-11,235.05999755859375
2021-08-12,231.7899932861328
2021-08-13,232.6499938964844
2021-08-16,235.36000061035156
2021-08-17,234.52999877929688
2021-08-18,231.6300048828125
2021-08-19,231.57000732421875
2021-08-20,231.36000061035156
2021-08-23,234.13999938964844
2021-08-24,234.2400054931641
2021-08-25,232.58999633789065
2021-08-26,230.52000427246097
2021-08-27,232.69000244140625
2021-08-30,231.22999572753903
2021-08-31,229.1000061035156
2021-09-01,230.1199951171875
2021-09-02,224.17999267578125
2021-09-03,225.11000061035156
2021-09-07,226.27000427246097
2021-09-08,229.08999633789065
2021-09-09,227.4900054931641
2021-09-10,224.91000366210935
2021-09-13,224.6300048828125
2021-09-14,223.02999877929688
2021-09-15,223.80999755859375
2021-09-16,224.3300018310547
2021-09-17,221.75
2021-09-20,220.0500030517578
2021-09-21,220.1699981689453
2021-09-22,222.75
2021-09-23,228.30999755859375
2021-09-24,231.58999633789065
2021-09-27,229.6000061035156
2021-09-28,225.55999755859375
2021-09-29,226.67999267578125
2021-09-30,222.75
2021-10-01,230.4600067138672
2021-10-04,224.72999572753903
2021-10-05,224.27999877929688
2021-10-06,226.5099945068359
2021-10-07,230.5500030517578
2021-10-08,230.27000427246097
2021-10-11,225.11000061035156
2021-10-12,224.0500030517578
2021-10-13,222.4600067138672
2021-10-14,225.17999267578125
2021-10-15,230.9900054931641
2021-10-18,230.6499938964844
2021-10-19,233.52000427246097
2021-10-20,231.4199981689453
2021-10-21,230.2400054931641
2021-10-22,231.22999572753903
2021-10-25,233.8800048828125
2021-10-26,231.82000732421875
2021-10-27,215.77999877929688
2021-10-28,209.83999633789065
2021-10-29,211.77000427246097
2021-11-01,212.4600067138672
2021-11-02,209.13999938964844
2021-11-03,208.1000061035156
2021-11-04,208.77999877929688
2021-11-05,216.6699981689453
2021-11-08,220.4900054931641
2021-11-09,213.38999938964844
2021-11-10,215.55999755859375
2021-11-11,210.4199981689453
2021-11-12,212.08999633789065
2021-11-15,212.3000030517578
2021-11-16,215.17999267578125
2021-11-17,205.05999755859375
2021-11-18,203.3300018310547
2021-11-19,200.86000061035156
2021-11-22,195.5800018310547
2021-11-23,198.4900054931641
2021-11-24,203.25
2021-11-26,197.6499938964844
2021-11-29,196.2899932861328
2021-11-30,193.77000427246097
2021-12-01,190.16000366210935
2021-12-02,198.2899932861328
2021-12-03,196.32000732421875
2021-12-06,202.67999267578125
2021-12-07,207.3699951171875
2021-12-08,208.9900054931641
2021-12-09,211.38999938964844
2021-12-10,213.3999938964844
2021-12-13,211.02000427246097
2021-12-14,209.97999572753903
2021-12-15,212.30999755859375
2021-12-16,214.3699951171875
2021-12-17,211.8800048828125
2021-12-20,208.7400054931641
2021-12-21,215.3800048828125
2021-12-22,217.9600067138672
2021-12-23,216.6199951171875
2021-12-27,217.6300048828125
2021-12-28,218.0500030517578
2021-12-29,218.1699981689453
2021-12-30,217.8699951171875
2021-12-31,216.7100067138672
2022-01-03,221.42999267578125
2022-01-04,222.4600067138672
2022-01-05,220.0
2022-01-06,219.75
2022-01-07,216.9600067138672
2022-01-10,211.97000122070312
2022-01-11,214.3800048828125
2022-01-12,215.7100067138672
2022-01-13,215.0
2022-01-14,214.6699981689453
2022-01-18,215.7100067138672
2022-01-19,214.67999267578125
2022-01-20,214.3500061035156
2022-01-21,205.92999267578125
2022-01-24,201.8500061035156
2022-01-25,202.0
2022-01-26,205.8699951171875
2022-01-27,206.1499938964844
2022-01-28,228.0
2022-01-31,226.1699981689453
2022-02-01,232.36000061035156
2022-02-02,235.4199981689453
2022-02-03,231.5399932861328
2022-02-04,228.38999938964844
2022-02-07,227.16000366210935
2022-02-08,227.94000244140625
2022-02-09,230.8699951171875
2022-02-10,225.58999633789065
2022-02-11,224.69000244140625
2022-02-14,225.33999633789065
2022-02-15,227.82000732421875
2022-02-16,228.82000732421875
2022-02-17,224.61000061035156
2022-02-18,222.69000244140625
2022-02-22,221.32000732421875
2022-02-23,215.9499969482422
2022-02-24,217.3000030517578
2022-02-25,219.27000427246097
2022-02-28,216.1199951171875
2022-03-01,208.97000122070312
2022-03-02,208.47999572753903
2022-03-03,207.22999572753903
2022-03-04,200.2899932861328
2022-03-07,190.6999969482422
2022-03-08,191.7100067138672
2022-03-09,199.7599945068359
2022-03-10,197.97000122070312
2022-03-11,196.7100067138672
2022-03-14,200.3300018310547
2022-03-15,206.13999938964844
2022-03-16,211.8699951171875
2022-03-17,213.4499969482422
2022-03-18,219.11000061035156
2022-03-21,217.0399932861328
2022-03-22,218.47000122070312
2022-03-23,214.67999267578125
2022-03-24,217.30999755859375
2022-03-25,218.42999267578125
2022-03-28,220.77000427246097
2022-03-29,228.1199951171875
2022-03-30,223.9499969482422
2022-03-31,221.77000427246097
2022-04-01,226.36000061035156
2022-04-04,227.7400054931641
2022-04-05,226.08999633789065
2022-04-06,219.0099945068359
2022-04-07,216.1499938964844
2022-04-08,216.97999572753903
2022-04-11,214.75
2022-04-12,211.3999938964844
2022-04-13,213.27000427246097
2022-04-14,212.7899932861328
2022-04-18,213.1699981689453
2022-04-19,215.6999969482422
2022-04-20,217.7899932861328
2022-04-21,216.4499969482422
2022-04-22,208.1699981689453
2022-04-25,209.9499969482422
2022-04-26,201.1000061035156
2022-04-27,214.11000061035156
2022-04-28,220.66000366210935
2022-04-29,213.1300048828125
2022-05-02,211.52999877929688
2022-05-03,208.55999755859375
2022-05-04,214.52000427246097
2022-05-05,205.2400054931641
2022-05-06,202.82000732421875
2022-05-09,193.0
2022-05-10,193.5800018310547
2022-05-11,196.72000122070312
2022-05-12,193.97000122070312
2022-05-13,199.22999572753903
2022-05-16,197.80999755859375
2022-05-17,204.0
2022-05-18,199.9900054931641
2022-05-19,197.3699951171875
2022-05-20,199.02999877929688
2022-05-23,207.55999755859375
2022-05-24,202.6300048828125
2022-05-25,203.83999633789065
2022-05-26,208.5500030517578
2022-05-27,212.8800048828125
2022-05-31,212.1699981689453
2022-06-01,209.92999267578125
2022-06-02,215.0500030517578
2022-06-03,212.6499938964844
2022-06-06,212.94000244140625
2022-06-07,214.5
2022-06-08,213.5
2022-06-09,206.11000061035156
2022-06-10,199.5099945068359
2022-06-13,192.2599945068359
2022-06-14,193.52000427246097
2022-06-15,196.16000366210935
2022-06-16,189.0500030517578
2022-06-17,190.0099945068359
2022-06-21,194.38999938964844
2022-06-22,193.82000732421875
2022-06-23,196.63999938964844
2022-06-24,205.5099945068359
2022-06-27,203.55999755859375
2022-06-28,198.1199951171875
2022-06-29,199.5
2022-06-30,196.88999938964844
2022-07-01,199.17999267578125
2022-07-05,200.5399932861328
2022-07-06,201.1199951171875
2022-07-07,202.8000030517578
2022-07-08,203.57000732421875
2022-07-11,205.05999755859375
2022-07-12,204.82000732421875
2022-07-13,204.1499938964844
2022-07-14,205.91000366210935
2022-07-15,210.0399932861328
2022-07-18,207.2100067138672
2022-07-19,213.66000366210935
2022-07-20,213.3699951171875
2022-07-21,216.19000244140625
2022-07-22,213.6999969482422
2022-07-25,214.27000427246097
2022-07-26,212.4900054931641
2022-07-27,210.47000122070312
2022-07-28,211.3500061035156
2022-07-29,212.11000061035156
2022-08-01,211.36000061035156
2022-08-02,206.2599945068359
2022-08-03,208.47999572753903
2022-08-04,213.47000122070312
2022-08-05,215.8699951171875
2022-08-08,213.32000732421875
2022-08-09,210.2599945068359
2022-08-10,212.1000061035156
2022-08-11,211.0800018310547
2022-08-12,211.3300018310547
2022-08-15,216.4199981689453
2022-08-16,217.13999938964844
2022-08-17,214.52000427246097
2022-08-18,215.25
2022-08-19,212.82000732421875
2022-08-22,208.61000061035156
2022-08-23,206.8000030517578
2022-08-24,206.6699981689453
2022-08-25,209.82000732421875
2022-08-26,202.88999938964844
2022-08-29,202.3300018310547
2022-08-30,201.3800048828125
2022-08-31,198.7100067138672
2022-09-01,200.1300048828125
2022-09-02,197.7599945068359
2022-09-06,198.63999938964844
2022-09-07,200.4199981689453
2022-09-08,200.7100067138672
2022-09-09,205.1999969482422
2022-09-12,206.6300048828125
2022-09-13,199.6699981689453
2022-09-14,199.41000366210935
2022-09-15,195.3699951171875
2022-09-16,193.3000030517578
2022-09-19,193.1300048828125
2022-09-20,192.07000732421875
2022-09-21,187.02000427246097
2022-09-22,185.7899932861328
2022-09-23,183.9600067138672
2022-09-26,180.58999633789065
2022-09-27,177.8699951171875
2022-09-28,179.17999267578125
2022-09-29,180.05999755859375
2022-09-30,177.64999389648438
2022-10-03,181.6499938964844
2022-10-04,185.6499938964844
2022-10-05,187.6699981689453
2022-10-06,185.58999633789065
2022-10-07,183.8300018310547
2022-10-10,182.17999267578125
2022-10-11,179.13999938964844
2022-10-12,178.24000549316406
2022-10-13,184.66000366210935
2022-10-14,182.6199951171875
2022-10-17,185.25
2022-10-18,187.1699981689453
2022-10-19,186.41000366210935
2022-10-20,187.22000122070312
2022-10-21,190.3699951171875
2022-10-24,190.7100067138672
2022-10-25,194.3800048828125
2022-10-26,203.3300018310547
2022-10-27,204.2899932861328
2022-10-28,209.33999633789065
2022-10-31,207.16000366210935
2022-11-01,206.92999267578125
2022-11-02,200.9499969482422
2022-11-03,194.75
2022-11-04,196.97999572753903
2022-11-07,200.1000061035156
2022-11-08,201.77999877929688
2022-11-09,193.92999267578125
2022-11-10,205.57000732421875
2022-11-11,205.0
2022-11-14,206.86000061035156
2022-11-15,209.9900054931641
2022-11-16,210.13999938964844
2022-11-17,210.9900054931641
2022-11-18,210.8000030517578
2022-11-21,206.32000732421875
2022-11-22,210.3300018310547
2022-11-23,211.72999572753903
2022-11-25,213.7899932861328
2022-11-28,211.2599945068359
2022-11-29,209.05999755859375
2022-11-30,217.0
2022-12-01,217.0
2022-12-02,217.66000366210935
2022-12-05,213.67999267578125
2022-12-06,209.0800018310547
2022-12-07,207.80999755859375
2022-12-08,209.1000061035156
2022-12-09,208.6999969482422
2022-12-12,214.58999633789065
2022-12-13,213.0399932861328
2022-12-14,213.32000732421875
2022-12-15,207.91000366210935
2022-12-16,206.88999938964844
2022-12-19,204.82000732421875
2022-12-20,205.36000061035156
2022-12-21,206.80999755859375
2022-12-22,205.05999755859375
2022-12-23,205.8300018310547
2022-12-27,206.2899932861328
2022-12-28,204.9900054931641
2022-12-29,208.05999755859375
2022-12-30,207.7599945068359
2023-01-03,207.38999938964844
2023-01-04,212.61000061035156
2023-01-05,211.11000061035156
2023-01-06,217.75
2023-01-09,218.6000061035156
2023-01-10,221.08999633789065
2023-01-11,222.1000061035156
2023-01-12,223.6199951171875
2023-01-13,223.05999755859375
2023-01-17,223.0
2023-01-18,219.4600067138672
2023-01-19,220.41000366210935
2023-01-20,224.30999755859375
2023-01-23,224.17999267578125
2023-01-24,223.88999938964844
2023-01-25,224.8999938964844
2023-01-26,224.7100067138672
2023-01-27,231.44000244140625
2023-01-30,229.1000061035156
2023-01-31,230.2100067138672
2023-02-01,230.8999938964844
2023-02-02,229.55999755859375
2023-02-03,230.1300048828125
2023-02-06,229.44000244140625
2023-02-07,231.32000732421875
2023-02-08,230.1999969482422
2023-02-09,229.3500061035156
2023-02-10,227.1999969482422
2023-02-13,228.8800048828125
2023-02-14,229.38999938964844
2023-02-15,228.9199981689453
2023-02-16,225.8300018310547
2023-02-17,223.55999755859375
2023-02-21,220.6199951171875
2023-02-22,220.02000427246097
2023-02-23,221.1300048828125
2023-02-24,219.5500030517578
2023-02-27,220.3500061035156
2023-02-28,219.94000244140625
2023-03-01,218.36000061035156
2023-03-02,219.05999755859375
2023-03-03,223.77000427246097
2023-03-06,226.75
2023-03-07,223.1699981689453
2023-03-08,222.19000244140625
2023-03-09,220.0099945068359
2023-03-10,216.13999938964844
2023-03-13,214.47000122070312
2023-03-14,218.66000366210935
2023-03-15,216.3699951171875
2023-03-16,217.4499969482422
2023-03-17,217.38999938964844
2023-03-20,218.1499938964844
2023-03-21,221.9499969482422
2023-03-22,220.0399932861328
2023-03-23,222.58999633789065
2023-03-24,221.0399932861328
2023-03-27,221.80999755859375
2023-03-28,220.3300018310547
2023-03-29,223.3000030517578
2023-03-30,222.36000061035156
2023-03-31,225.4600067138672
2023-04-03,229.0
2023-04-04,227.66000366210935
2023-04-05,228.1699981689453
2023-04-06,225.9900054931641
2023-04-10,226.42999267578125
2023-04-11,228.4499969482422
2023-04-12,227.80999755859375
2023-04-13,232.69000244140625
2023-04-14,234.02000427246097
2023-04-17,233.47999572753903
2023-04-18,233.6000061035156
2023-04-19,232.57000732421875
2023-04-20,234.6000061035156
2023-04-21,234.0500030517578
2023-04-24,232.7599945068359
2023-04-25,229.58999633789065
2023-04-26,228.1499938964844
2023-04-27,229.0099945068359
2023-04-28,232.72999572753903
2023-05-01,232.5099945068359
2023-05-02,226.97999572753903
2023-05-03,225.97999572753903
2023-05-04,225.6000061035156
2023-05-05,231.77999877929688
2023-05-08,232.22999572753903
2023-05-09,233.2599945068359
2023-05-10,231.27000427246097
2023-05-11,231.0099945068359
2023-05-12,231.3800048828125
2023-05-15,232.80999755859375
2023-05-16,230.47000122070312
2023-05-17,232.6499938964844
2023-05-18,233.6000061035156
2023-05-19,233.30999755859375
2023-05-22,231.27999877929688
2023-05-23,224.5800018310547
2023-05-24,222.25
2023-05-25,223.3800048828125
2023-05-26,225.0099945068359
2023-05-30,221.63999938964844
2023-05-31,221.02999877929688
2023-06-01,226.5
2023-06-02,228.7899932861328
2023-06-05,226.77000427246097
2023-06-06,228.22000122070312
2023-06-07,225.27000427246097
2023-06-08,223.0500030517578
2023-06-09,223.55999755859375
2023-06-12,226.1699981689453
2023-06-13,223.3999938964844
2023-06-14,223.44000244140625
2023-06-15,226.1699981689453
2023-06-16,228.91000366210935
2023-06-20,226.47000122070312
2023-06-21,227.25
2023-06-22,228.38999938964844
2023-06-23,229.5500030517578
2023-06-26,226.3000030517578
2023-06-27,227.33999633789065
2023-06-28,227.9600067138672
2023-06-29,234.32000732421875
2023-06-30,237.47999572753903
2023-07-03,237.97000122070312
2023-07-05,239.4499969482422
2023-07-06,238.8800048828125
2023-07-07,236.4499969482422
2023-07-10,238.16000366210935
2023-07-11,240.5500030517578
2023-07-12,242.2100067138672
2023-07-13,243.30999755859375
2023-07-14,243.16000366210935
2023-07-17,243.9900054931641
2023-07-18,240.77000427246097
2023-07-19,241.4199981689453
2023-07-20,239.6199951171875
2023-07-21,239.25
2023-07-24,240.7400054931641
2023-07-25,238.69000244140625
2023-07-26,237.1000061035156
2023-07-27,234.44000244140625
2023-07-28,235.75
2023-07-31,237.72999572753903
2023-08-01,239.77999877929688
2023-08-02,237.55999755859375
2023-08-03,238.7599945068359
2023-08-04,238.9900054931641
2023-08-07,241.5099945068359
2023-08-08,239.2899932861328
2023-08-09,239.7599945068359
2023-08-10,240.16000366210935
2023-08-11,240.0399932861328
2023-08-14,242.8999938964844
2023-08-15,239.8300018310547
2023-08-16,239.2899932861328
2023-08-17,237.3699951171875
2023-08-18,238.1699981689453
2023-08-21,239.4600067138672
2023-08-22,240.57000732421875
2023-08-23,242.3000030517578
2023-08-24,239.47000122070312
2023-08-25,242.57000732421875
2023-08-28,243.8300018310547
2023-08-29,245.33999633789065
2023-08-30,246.22999572753903
2023-08-31,245.67999267578125
2023-09-01,248.11000061035156
2023-09-05,245.33999633789065
2023-09-06,246.16000366210935
2023-09-07,247.13999938964844
2023-09-08,247.2899932861328
2023-09-11,247.22000122070312
2023-09-12,247.3000030517578
2023-09-13,247.8300018310547
2023-09-14,241.5
2023-09-15,241.07000732421875
2023-09-18,244.66000366210935
2023-09-19,243.55999755859375
2023-09-20,241.86000061035156
2023-09-21,236.61000061035156
2023-09-22,235.0800018310547
2023-09-25,233.36000061035156
2023-09-26,229.6499938964844
2023-09-27,229.5
2023-09-28,231.66000366210935
2023-09-29,230.0099945068359
2023-10-02,231.27000427246097
2023-10-03,228.80999755859375
2023-10-04,231.22000122070312
2023-10-05,233.47999572753903
2023-10-06,235.0399932861328
2023-10-09,234.44000244140625
2023-10-10,236.6000061035156
2023-10-11,235.67999267578125
2023-10-12,236.77999877929688
2023-10-13,237.6699981689453
2023-10-16,240.07000732421875
2023-10-17,241.1999969482422
2023-10-18,237.47000122070312
2023-10-19,233.80999755859375
2023-10-20,233.3800048828125
2023-10-23,231.52999877929688
2023-10-24,234.6499938964844
2023-10-25,236.8500061035156
2023-10-26,231.27999877929688
2023-10-27,229.27000427246097
2023-10-30,233.0800018310547
2023-10-31,235.1000061035156
2023-11-01,238.5800018310547
2023-11-02,243.25
2023-11-03,243.6000061035156
2023-11-06,243.4900054931641
2023-11-07,244.77000427246097
2023-11-08,243.91000366210935
2023-11-09,241.63999938964844
2023-11-10,245.25
2023-11-13,244.6699981689453
2023-11-14,246.94000244140625
2023-11-15,248.11000061035156
2023-11-16,248.57000732421875
2023-11-17,249.55999755859375
2023-11-20,249.97000122070312
2023-11-21,252.22999572753903
2023-11-22,253.72000122070312
2023-11-24,254.3000030517578
2023-11-27,254.13999938964844
2023-11-28,252.94000244140625
2023-11-29,254.22999572753903
2023-11-30,256.67999267578125
2023-12-01,256.45001220703125
2023-12-04,254.44000244140625
2023-12-05,254.61000061035156
2023-12-06,254.2899932861328
2023-12-07,255.82000732421875
2023-12-08,255.7400054931641
2023-12-11,256.5199890136719
2023-12-12,259.55999755859375
2023-12-13,262.3800048828125
2023-12-14,258.7300109863281
2023-12-15,258.0299987792969
2023-12-18,258.3699951171875
2023-12-19,259.989990234375
2023-12-20,257.1099853515625
2023-12-21,259.5400085449219
2023-12-22,258.42999267578125
2023-12-26,259.1600036621094
2023-12-27,258.92999267578125
2023-12-28,260.3999938964844
2023-12-29,260.3500061035156
2024-01-02,258.8699951171875
2024-01-03,257.9800109863281
2024-01-04,259.6099853515625
2024-01-05,259.69000244140625
2024-01-08,262.5400085449219
2024-01-09,263.3299865722656
2024-01-10,264.55999755859375
2024-01-11,264.0299987792969
2024-01-12,264.1700134277344
2024-01-16,265.239990234375
2024-01-17,266.6300048828125
2024-01-18,268.1400146484375
2024-01-19,270.8999938964844
2024-01-22,271.20001220703125
2024-01-23,271.260009765625
2024-01-24,271.6499938964844
2024-01-25,272.6099853515625
2024-01-26,267.94000244140625
2024-01-29,273.6600036621094
2024-01-30,277.1499938964844
2024-01-31,273.260009765625
2024-02-01,277.04998779296875
2024-02-02,277.17999267578125
2024-02-05,275.5799865722656
2024-02-06,276.760009765625
2024-02-07,279.3900146484375
2024-02-08,275.7799987792969
2024-02-09,276.42999267578125
2024-02-12,275.07000732421875
2024-02-13,275.80999755859375
2024-02-14,277.55999755859375
2024-02-15,280.9800109863281
2024-02-16,278.55999755859375
2024-02-20,275.1499938964844
2024-02-21,276.760009765625
2024-02-22,283.75
2024-02-23,283.6000061035156
2024-02-26,284.1499938964844
2024-02-27,283.1700134277344
2024-02-28,285.6300048828125
2024-02-29,282.6400146484375
2024-03-01,283.1600036621094
2024-03-04,280.5299987792969
2024-03-05,279.3800048828125
2024-03-06,280.42999267578125
2024-03-07,278.260009765625
2024-03-08,280.0400085449219
2024-03-11,280.55999755859375
2024-03-12,283.9200134277344
2024-03-13,285.1400146484375
2024-03-14,286.4100036621094
2024-03-15,283.0400085449219
2024-03-18,285.04998779296875
2024-03-19,287.3500061035156
2024-03-20,289.2799987792969
2024-03-21,290.3699951171875
2024-03-22,283.260009765625
2024-03-25,281.2099914550781
2024-03-26,280.6000061035156
2024-03-27,279.0199890136719
2024-03-28,279.0799865722656
2024-04-01,278.2799987792969
2024-04-02,278.44000244140625
2024-04-03,276.9599914550781
2024-04-04,274.0
2024-04-05,277.1400146484375
2024-04-08,277.760009765625
2024-04-09,276.7200012207031
2024-04-10,274.4800109863281
2024-04-11,275.67999267578125
2024-04-12,275.9599914550781
2024-04-15,271.2799987792969
2024-04-16,271.3500061035156
2024-04-17,272.69000244140625
2024-04-18,271.3699951171875
2024-04-19,269.7799987792969
2024-04-22,272.3299865722656
2024-04-23,274.1099853515625
2024-04-24,275.0199890136719
2024-04-25,275.1600036621094
2024-04-26,274.5199890136719
2024-04-29,271.8399963378906
2024-04-30,268.6099853515625
2024-05-01,267.32000732421875
2024-05-02,267.6099853515625
2024-05-03,268.489990234375
2024-05-06,272.6700134277344
2024-05-07,276.4599914550781
2024-05-08,277.19000244140625
2024-05-09,278.5400085449219
2024-05-10,280.739990234375
2024-05-13,279.3900146484375
2024-05-14,277.739990234375
2024-05-15,281.5
2024-05-16,279.8399963378906
2024-05-17,280.1000061035156
2024-05-20,278.5400085449219
2024-05-21,275.95001220703125
2024-05-22,275.5799865722656
2024-05-23,274.2300109863281
2024-05-24,274.489990234375
2024-05-28,270.9800109863281
2024-05-29,268.8599853515625
2024-05-30,271.29998779296875
2024-05-31,272.4599914550781
2024-06-03,270.3800048828125
2024-06-04,272.4200134277344
2024-06-05,274.5
2024-06-06,277.0400085449219
2024-06-07,278.6700134277344
2024-06-10,275.0400085449219
2024-06-11,274.6700134277344
2024-06-12,270.32000732421875
2024-06-13,271.19000244140625
2024-06-14,270.6600036621094
2024-06-17,271.1700134277344
2024-06-18,273.6199951171875
2024-06-20,276.82000732421875
2024-06-21,275.2200012207031
2024-06-24,276.29998779296875
2024-06-25,273.5299987792969
2024-06-26,273.6000061035156
2024-06-27,266.5899963378906
2024-06-28,262.4700012207031
