Date,Open,High,Low,Close,Adj Close,Volume
2014-06-30,0.05999999865889549,0.05999999865889549,0.05999999865889549,0.05999999865889549,0.05999999865889549,0
2014-07-01,10300.0,10300.0,10300.0,10300.0,10300.0,3000
2014-07-02,0.054999999701976776,0.054999999701976776,0.054999999701976776,0.054999999701976776,0.054999999701976776,2046
2014-07-03,10300.0,10300.0,10300.0,10300.0,10300.0,0
2014-07-07,0.054999999701976776,0.054999999701976776,0.054999999701976776,0.054999999701976776,0.054999999701976776,0
2014-07-08,0.054999999701976776,0.054999999701976776,0.054999999701976776,0.054999999701976776,0.054999999701976776,0
2014-07-09,0.054999999701976776,0.054999999701976776,0.054999999701976776,0.054999999701976776,0.054999999701976776,1600
2014-07-10,0.054999999701976776,0.054999999701976776,0.054999999701976776,0.054999999701976776,0.054999999701976776,0
2014-07-11,0.054999999701976776,0.054999999701976776,0.054999999701976776,0.054999999701976776,0.054999999701976776,4000
2014-07-14,10740.0,10740.0,10740.0,10740.0,10740.0,1000
2014-07-15,0.054999999701976776,0.054999999701976776,0.054999999701976776,0.054999999701976776,0.054999999701976776,2500
2014-07-16,0.054999999701976776,0.054999999701976776,0.054999999701976776,0.054999999701976776,0.054999999701976776,0
2014-07-17,10700.0,10700.0,10700.0,10700.0,10700.0,922
2014-07-18,0.05000000074505806,0.054999999701976776,0.05000000074505806,0.054999999701976776,0.054999999701976776,14250
2014-07-21,10700.0,10700.0,10700.0,10700.0,10700.0,0
2014-07-22,0.054999999701976776,0.054999999701976776,0.054999999701976776,0.054999999701976776,0.054999999701976776,6300
2014-07-23,0.054999999701976776,0.054999999701976776,0.054999999701976776,0.054999999701976776,0.054999999701976776,8260
2014-07-24,10700.0,10700.0,10700.0,10700.0,10700.0,0
2014-07-25,10700.0,10700.0,10700.0,10700.0,10700.0,0
2014-07-28,10700.0,10700.0,10700.0,10700.0,10700.0,0
2014-07-29,10700.0,10700.0,10700.0,10700.0,10700.0,0
2014-07-30,0.06499999761581421,0.06499999761581421,0.06499999761581421,0.06499999761581421,0.06499999761581421,230000
2014-07-31,0.054999999701976776,0.054999999701976776,0.054999999701976776,0.054999999701976776,0.054999999701976776,2200
2014-08-01,10700.0,10700.0,10700.0,10700.0,10700.0,0
2014-08-04,10700.0,10700.0,10700.0,10700.0,10700.0,0
2014-08-06,0.05000000074505806,0.054999999701976776,0.05000000074505806,0.054999999701976776,0.054999999701976776,4440
2014-08-07,0.054999999701976776,0.05999999865889549,0.054999999701976776,0.054999999701976776,0.054999999701976776,43333
2014-08-08,0.054999999701976776,0.054999999701976776,0.054999999701976776,0.054999999701976776,0.054999999701976776,0
2014-08-11,0.054999999701976776,0.054999999701976776,0.054999999701976776,0.054999999701976776,0.054999999701976776,0
2014-08-12,0.054999999701976776,0.054999999701976776,0.054999999701976776,0.054999999701976776,0.054999999701976776,3755
2014-08-21,0.054999999701976776,0.054999999701976776,0.054999999701976776,0.054999999701976776,0.054999999701976776,5950
2014-08-22,0.054999999701976776,0.054999999701976776,0.054999999701976776,0.054999999701976776,0.054999999701976776,0
2014-08-25,0.05000000074505806,0.05000000074505806,0.05000000074505806,0.05000000074505806,0.05000000074505806,4245
2014-08-26,0.01600000075995922,0.01600000075995922,0.01600000075995922,0.01600000075995922,0.01600000075995922,0
2014-08-27,0.012000000104308128,0.01600000075995922,0.012000000104308128,0.01600000075995922,0.01600000075995922,24374
2014-08-28,0.01600000075995922,0.01600000075995922,0.01600000075995922,0.01600000075995922,0.01600000075995922,0
2014-08-29,0.05000000074505806,0.05000000074505806,0.05000000074505806,0.05000000074505806,0.05000000074505806,0
2014-09-02,0.01600000075995922,0.01600000075995922,0.01600000075995922,0.01600000075995922,0.01600000075995922,0
2014-09-03,0.01600000075995922,0.01600000075995922,0.01600000075995922,0.01600000075995922,0.01600000075995922,0
2014-09-04,0.029999999329447746,0.029999999329447746,0.028999999165534973,0.028999999165534973,0.028999999165534973,74374
2014-09-05,0.028999999165534973,0.028999999165534973,0.028999999165534973,0.028999999165534973,0.028999999165534973,0
2014-09-08,0.028999999165534973,0.028999999165534973,0.028999999165534973,0.028999999165534973,0.028999999165534973,19626
2014-09-09,0.028999999165534973,0.028999999165534973,0.028999999165534973,0.028999999165534973,0.028999999165534973,0
2014-09-10,0.028999999165534973,0.028999999165534973,0.028999999165534973,0.028999999165534973,0.028999999165534973,0
2014-09-11,0.028999999165534973,0.028999999165534973,0.028999999165534973,0.028999999165534973,0.028999999165534973,0
2014-09-12,0.028999999165534973,0.028999999165534973,0.028999999165534973,0.028999999165534973,0.028999999165534973,0
2014-09-15,0.028999999165534973,0.028999999165534973,0.028999999165534973,0.028999999165534973,0.028999999165534973,0
2014-09-16,0.04500000178813934,0.04500000178813934,0.04500000178813934,0.04500000178813934,0.04500000178813934,6000
2014-09-17,0.04500000178813934,0.04500000178813934,0.04500000178813934,0.04500000178813934,0.04500000178813934,5740
2014-09-18,0.04500000178813934,0.04500000178813934,0.04500000178813934,0.04500000178813934,0.04500000178813934,0
2014-09-19,0.04500000178813934,0.04500000178813934,0.03999999910593033,0.04500000178813934,0.04500000178813934,122764
2014-09-22,0.019999999552965164,0.019999999552965164,0.019999999552965164,0.019999999552965164,0.019999999552965164,0
2014-09-23,0.04500000178813934,0.04500000178813934,0.04500000178813934,0.04500000178813934,0.04500000178813934,19000
2014-09-24,0.019999999552965164,0.019999999552965164,0.019999999552965164,0.019999999552965164,0.019999999552965164,0
2014-09-25,0.019999999552965164,0.019999999552965164,0.019999999552965164,0.019999999552965164,0.019999999552965164,0
2014-09-26,0.019999999552965164,0.019999999552965164,0.019999999552965164,0.019999999552965164,0.019999999552965164,0
2014-09-29,0.019999999552965164,0.019999999552965164,0.019999999552965164,0.019999999552965164,0.019999999552965164,0
2014-09-30,0.019999999552965164,0.019999999552965164,0.019999999552965164,0.019999999552965164,0.019999999552965164,0
2014-10-01,0.019999999552965164,0.019999999552965164,0.019999999552965164,0.019999999552965164,0.019999999552965164,0
2014-10-02,0.019999999552965164,0.019999999552965164,0.019999999552965164,0.019999999552965164,0.019999999552965164,0
2014-10-03,0.019999999552965164,0.019999999552965164,0.019999999552965164,0.019999999552965164,0.019999999552965164,0
2014-10-06,0.019999999552965164,0.019999999552965164,0.019999999552965164,0.019999999552965164,0.019999999552965164,0
2014-10-07,0.019999999552965164,0.019999999552965164,0.019999999552965164,0.019999999552965164,0.019999999552965164,0
2014-10-08,0.019999999552965164,0.019999999552965164,0.019999999552965164,0.019999999552965164,0.019999999552965164,0
2014-10-09,0.03500000014901161,0.03500000014901161,0.03500000014901161,0.03500000014901161,0.03500000014901161,0
2014-10-10,0.019999999552965164,0.019999999552965164,0.019999999552965164,0.019999999552965164,0.019999999552965164,0
2014-10-13,0.019999999552965164,0.019999999552965164,0.019999999552965164,0.019999999552965164,0.019999999552965164,0
2014-10-14,0.019999999552965164,0.019999999552965164,0.019999999552965164,0.019999999552965164,0.019999999552965164,0
2014-10-15,0.03500000014901161,0.03500000014901161,0.03500000014901161,0.03500000014901161,0.03500000014901161,10750
2014-10-16,0.03500000014901161,0.03500000014901161,0.03500000014901161,0.03500000014901161,0.03500000014901161,0
2014-10-17,0.03500000014901161,0.03500000014901161,0.03500000014901161,0.03500000014901161,0.03500000014901161,69150
2014-10-20,0.029999999329447746,0.029999999329447746,0.029999999329447746,0.029999999329447746,0.029999999329447746,606000
2014-10-21,0.029999999329447746,0.029999999329447746,0.029999999329447746,0.029999999329447746,0.029999999329447746,0
2014-10-22,0.029999999329447746,0.029999999329447746,0.029999999329447746,0.029999999329447746,0.029999999329447746,0
2014-10-23,0.029999999329447746,0.029999999329447746,0.029999999329447746,0.029999999329447746,0.029999999329447746,6927
2014-10-24,0.029999999329447746,0.029999999329447746,0.029999999329447746,0.029999999329447746,0.029999999329447746,0
2014-10-27,0.029999999329447746,0.029999999329447746,0.029999999329447746,0.029999999329447746,0.029999999329447746,1290
2014-10-28,0.029999999329447746,0.029999999329447746,0.029999999329447746,0.029999999329447746,0.029999999329447746,1500
2014-10-29,0.029999999329447746,0.029999999329447746,0.029999999329447746,0.029999999329447746,0.029999999329447746,2200
2014-10-30,0.02500000037252903,0.02500000037252903,0.02500000037252903,0.02500000037252903,0.02500000037252903,4455
2014-10-31,0.02500000037252903,0.02500000037252903,0.02500000037252903,0.02500000037252903,0.02500000037252903,20000
2014-11-03,0.019999999552965164,0.019999999552965164,0.019999999552965164,0.019999999552965164,0.019999999552965164,5010
2014-11-04,0.01600000075995922,0.01600000075995922,0.01600000075995922,0.01600000075995922,0.01600000075995922,0
2014-11-05,0.019999999552965164,0.019999999552965164,0.019999999552965164,0.019999999552965164,0.019999999552965164,2757
2014-11-06,0.01600000075995922,0.01600000075995922,0.01600000075995922,0.01600000075995922,0.01600000075995922,0
2014-11-07,0.02500000037252903,0.02500000037252903,0.02500000037252903,0.02500000037252903,0.02500000037252903,16000
2014-11-10,0.029999999329447746,0.029999999329447746,0.029999999329447746,0.029999999329447746,0.029999999329447746,55100
2014-11-11,0.01600000075995922,0.01600000075995922,0.01600000075995922,0.01600000075995922,0.01600000075995922,0
2014-11-12,0.01600000075995922,0.01600000075995922,0.01600000075995922,0.01600000075995922,0.01600000075995922,0
2014-11-13,0.017000000923871994,0.017000000923871994,0.014999999664723873,0.014999999664723873,0.014999999664723873,42765
2014-11-14,0.014999999664723873,0.014999999664723873,0.014999999664723873,0.014999999664723873,0.014999999664723873,0
2014-11-17,0.014999999664723873,0.014999999664723873,0.014999999664723873,0.014999999664723873,0.014999999664723873,0
2014-11-18,0.02500000037252903,0.02500000037252903,0.02500000037252903,0.02500000037252903,0.02500000037252903,0
2014-11-19,0.02500000037252903,0.02500000037252903,0.02500000037252903,0.02500000037252903,0.02500000037252903,0
2014-11-20,0.014999999664723873,0.014999999664723873,0.014999999664723873,0.014999999664723873,0.014999999664723873,0
2014-11-21,0.02500000037252903,0.02500000037252903,0.02500000037252903,0.02500000037252903,0.02500000037252903,5200
2014-11-24,0.014999999664723873,0.014999999664723873,0.014999999664723873,0.014999999664723873,0.014999999664723873,0
2014-11-25,0.014999999664723873,0.014999999664723873,0.014999999664723873,0.014999999664723873,0.014999999664723873,0
2014-11-26,0.014999999664723873,0.014999999664723873,0.014999999664723873,0.014999999664723873,0.014999999664723873,11108
2014-11-28,0.019999999552965164,0.019999999552965164,0.019999999552965164,0.019999999552965164,0.019999999552965164,6000
2014-12-01,0.014999999664723873,0.014999999664723873,0.014999999664723873,0.014999999664723873,0.014999999664723873,0
2014-12-02,0.02500000037252903,0.02500000037252903,0.02500000037252903,0.02500000037252903,0.02500000037252903,16340
2014-12-03,0.02500000037252903,0.02500000037252903,0.02500000037252903,0.02500000037252903,0.02500000037252903,3000
2014-12-04,0.02500000037252903,0.02500000037252903,0.02500000037252903,0.02500000037252903,0.02500000037252903,52270
2014-12-05,0.014999999664723873,0.014999999664723873,0.014999999664723873,0.014999999664723873,0.014999999664723873,0
2014-12-08,0.019999999552965164,0.029999999329447746,0.019999999552965164,0.029999999329447746,0.029999999329447746,15630
2014-12-09,0.014999999664723873,0.014999999664723873,0.014999999664723873,0.014999999664723873,0.014999999664723873,0
2014-12-10,0.014999999664723873,0.014999999664723873,0.014999999664723873,0.014999999664723873,0.014999999664723873,0
2014-12-11,0.02500000037252903,0.02500000037252903,0.02500000037252903,0.02500000037252903,0.02500000037252903,1062
2014-12-12,0.02500000037252903,0.02500000037252903,0.02500000037252903,0.02500000037252903,0.02500000037252903,99490
2014-12-15,0.014999999664723873,0.014999999664723873,0.014999999664723873,0.014999999664723873,0.014999999664723873,0
2014-12-16,0.014999999664723873,0.014999999664723873,0.014999999664723873,0.014999999664723873,0.014999999664723873,0
2014-12-17,0.014999999664723873,0.014999999664723873,0.014999999664723873,0.014999999664723873,0.014999999664723873,0
2014-12-18,0.014999999664723873,0.014999999664723873,0.014999999664723873,0.014999999664723873,0.014999999664723873,0
2014-12-19,0.019999999552965164,0.019999999552965164,0.019999999552965164,0.019999999552965164,0.019999999552965164,20700
2014-12-22,0.014999999664723873,0.014999999664723873,0.014999999664723873,0.014999999664723873,0.014999999664723873,0
2014-12-23,0.014999999664723873,0.014999999664723873,0.014999999664723873,0.014999999664723873,0.014999999664723873,0
2014-12-24,0.014999999664723873,0.014999999664723873,0.014999999664723873,0.014999999664723873,0.014999999664723873,0
2014-12-26,0.014999999664723873,0.014999999664723873,0.014999999664723873,0.014999999664723873,0.014999999664723873,0
2014-12-29,94.19999694824219,94.19999694824219,94.19999694824219,94.19999694824219,94.19999694824219,0
2014-12-30,94.05000305175781,94.05000305175781,94.05000305175781,94.05000305175781,94.05000305175781,0
2014-12-31,94.05000305175781,94.05000305175781,94.05000305175781,94.05000305175781,94.05000305175781,0
2015-01-02,0.019999999552965164,0.019999999552965164,0.019999999552965164,0.019999999552965164,0.019999999552965164,0
2015-01-05,93.30000305175781,94.05999755859375,91.80999755859375,91.80999755859375,91.80999755859375,316
2015-01-06,0.019999999552965164,0.019999999552965164,0.019999999552965164,0.019999999552965164,0.019999999552965164,0
2015-01-07,91.44999694824219,92.2300033569336,91.20999908447266,91.5999984741211,91.5999984741211,785
2015-01-08,92.5999984741211,94.38999938964844,92.5999984741211,94.38999938964844,94.38999938964844,500
2015-01-09,94.19999694824219,94.19999694824219,94.19999694824219,94.19999694824219,94.19999694824219,0
2015-01-12,92.80000305175781,93.80000305175781,92.80000305175781,93.80000305175781,93.80000305175781,45
2015-01-13,92.5999984741211,93.6500015258789,92.5999984741211,93.6500015258789,93.6500015258789,100
2015-01-14,92.6500015258789,93.0,92.6500015258789,92.83999633789062,92.83999633789062,200
2015-01-15,93.80999755859375,94.69000244140625,93.80999755859375,94.69000244140625,94.69000244140625,215
2015-01-16,94.16000366210938,94.5999984741211,94.16000366210938,94.3499984741211,94.3499984741211,1548
2015-01-20,0.019999999552965164,0.019999999552965164,0.019999999552965164,0.019999999552965164,0.019999999552965164,0
2015-01-21,97.75,98.62999725341797,97.61000061035156,98.62999725341797,98.62999725341797,450
2015-01-22,98.5999984741211,98.5999984741211,98.58000183105469,98.58000183105469,98.58000183105469,10
2015-01-23,99.5,100.5,99.5,100.5,100.5,122
2015-01-26,100.30000305175781,103.0,100.30000305175781,103.0,103.0,2316
2015-01-27,0.019999999552965164,0.019999999552965164,0.019999999552965164,0.019999999552965164,0.019999999552965164,0
2015-01-28,0.019999999552965164,0.019999999552965164,0.019999999552965164,0.019999999552965164,0.019999999552965164,0
2015-01-29,0.019999999552965164,0.019999999552965164,0.019999999552965164,0.019999999552965164,0.019999999552965164,0
2015-01-30,0.019999999552965164,0.019999999552965164,0.019999999552965164,0.019999999552965164,0.019999999552965164,0
2015-02-02,0.019999999552965164,0.019999999552965164,0.019999999552965164,0.019999999552965164,0.019999999552965164,0
2015-02-03,0.019999999552965164,0.019999999552965164,0.019999999552965164,0.019999999552965164,0.019999999552965164,2005
2015-02-04,0.019999999552965164,0.019999999552965164,0.019999999552965164,0.019999999552965164,0.019999999552965164,15200
2015-02-05,0.019999999552965164,0.019999999552965164,0.019999999552965164,0.019999999552965164,0.019999999552965164,0
2015-02-06,0.019999999552965164,0.019999999552965164,0.019999999552965164,0.019999999552965164,0.019999999552965164,0
2015-02-09,0.019999999552965164,0.019999999552965164,0.019999999552965164,0.019999999552965164,0.019999999552965164,0
2015-02-10,0.019999999552965164,0.019999999552965164,0.019999999552965164,0.019999999552965164,0.019999999552965164,0
2015-02-11,0.019999999552965164,0.019999999552965164,0.019999999552965164,0.019999999552965164,0.019999999552965164,0
2015-02-12,0.019999999552965164,0.019999999552965164,0.019999999552965164,0.019999999552965164,0.019999999552965164,0
2015-02-13,0.019999999552965164,0.019999999552965164,0.019999999552965164,0.019999999552965164,0.019999999552965164,151700
2015-02-17,0.019999999552965164,0.019999999552965164,0.019999999552965164,0.019999999552965164,0.019999999552965164,26100
2015-02-18,0.019999999552965164,0.019999999552965164,0.019999999552965164,0.019999999552965164,0.019999999552965164,0
2015-02-19,0.014999999664723873,0.014999999664723873,0.014999999664723873,0.014999999664723873,0.014999999664723873,12154
2015-02-20,0.019999999552965164,0.019999999552965164,0.014999999664723873,0.014999999664723873,0.014999999664723873,22300
2015-02-23,0.014999999664723873,0.014999999664723873,0.014999999664723873,0.014999999664723873,0.014999999664723873,0
2015-02-24,0.014999999664723873,0.014999999664723873,0.014999999664723873,0.014999999664723873,0.014999999664723873,101000
2015-02-25,0.014999999664723873,0.014999999664723873,0.014999999664723873,0.014999999664723873,0.014999999664723873,0
2015-02-26,0.014999999664723873,0.014999999664723873,0.014999999664723873,0.014999999664723873,0.014999999664723873,30000
2015-02-27,0.014999999664723873,0.014999999664723873,0.014999999664723873,0.014999999664723873,0.014999999664723873,6000
2015-03-02,0.014999999664723873,0.019999999552965164,0.014999999664723873,0.019999999552965164,0.019999999552965164,37780
2015-03-03,0.019999999552965164,0.019999999552965164,0.019999999552965164,0.019999999552965164,0.019999999552965164,0
2015-03-04,0.019999999552965164,0.019999999552965164,0.019999999552965164,0.019999999552965164,0.019999999552965164,0
2015-03-05,0.014999999664723873,0.014999999664723873,0.014999999664723873,0.014999999664723873,0.014999999664723873,5870
2015-03-06,0.014999999664723873,0.014999999664723873,0.014999999664723873,0.014999999664723873,0.014999999664723873,430378
2015-03-09,0.014999999664723873,0.014999999664723873,0.014999999664723873,0.014999999664723873,0.014999999664723873,0
2015-03-10,0.014999999664723873,0.014999999664723873,0.014999999664723873,0.014999999664723873,0.014999999664723873,0
2015-03-11,0.014999999664723873,0.014999999664723873,0.014999999664723873,0.014999999664723873,0.014999999664723873,0
2015-03-12,0.009999999776482582,0.009999999776482582,0.009999999776482582,0.009999999776482582,0.009999999776482582,10150
2015-03-13,0.009999999776482582,0.009999999776482582,0.009999999776482582,0.009999999776482582,0.009999999776482582,9950
2015-03-16,0.014999999664723873,0.014999999664723873,0.014999999664723873,0.014999999664723873,0.014999999664723873,12500
2015-03-17,0.014999999664723873,0.014999999664723873,0.014999999664723873,0.014999999664723873,0.014999999664723873,0
2015-03-18,0.014999999664723873,0.014999999664723873,0.014999999664723873,0.014999999664723873,0.014999999664723873,0
2015-03-19,0.014999999664723873,0.019999999552965164,0.014999999664723873,0.019999999552965164,0.019999999552965164,215000
2015-03-20,0.014999999664723873,0.019999999552965164,0.014999999664723873,0.019999999552965164,0.019999999552965164,108550
2015-03-23,0.019999999552965164,0.019999999552965164,0.019999999552965164,0.019999999552965164,0.019999999552965164,0
2015-03-24,0.019999999552965164,0.019999999552965164,0.019999999552965164,0.019999999552965164,0.019999999552965164,0
2015-03-25,0.019999999552965164,0.02500000037252903,0.019999999552965164,0.02500000037252903,0.02500000037252903,730650
2015-03-26,0.02500000037252903,0.02500000037252903,0.02500000037252903,0.02500000037252903,0.02500000037252903,0
2015-03-27,0.019999999552965164,0.019999999552965164,0.019999999552965164,0.019999999552965164,0.019999999552965164,100192
2015-03-30,0.02500000037252903,0.02500000037252903,0.02500000037252903,0.02500000037252903,0.02500000037252903,23550
2015-03-31,0.02500000037252903,0.02500000037252903,0.02500000037252903,0.02500000037252903,0.02500000037252903,15000
2015-04-01,0.02500000037252903,0.02500000037252903,0.02500000037252903,0.02500000037252903,0.02500000037252903,0
2015-04-02,0.02500000037252903,0.02500000037252903,0.02500000037252903,0.02500000037252903,0.02500000037252903,0
2015-04-06,0.02500000037252903,0.02500000037252903,0.02500000037252903,0.02500000037252903,0.02500000037252903,0
2015-04-07,0.02500000037252903,0.02500000037252903,0.02500000037252903,0.02500000037252903,0.02500000037252903,0
2015-04-08,0.019999999552965164,0.019999999552965164,0.019999999552965164,0.019999999552965164,0.019999999552965164,3600
2015-04-09,0.019999999552965164,0.019999999552965164,0.019999999552965164,0.019999999552965164,0.019999999552965164,25150
2015-04-10,0.019999999552965164,0.019999999552965164,0.019999999552965164,0.019999999552965164,0.019999999552965164,10143
2015-04-13,0.019999999552965164,0.019999999552965164,0.019999999552965164,0.019999999552965164,0.019999999552965164,0
2015-04-14,0.019999999552965164,0.019999999552965164,0.019999999552965164,0.019999999552965164,0.019999999552965164,0
2015-04-15,0.019999999552965164,0.019999999552965164,0.019999999552965164,0.019999999552965164,0.019999999552965164,0
2015-04-16,0.019999999552965164,0.019999999552965164,0.019999999552965164,0.019999999552965164,0.019999999552965164,0
2015-04-17,0.019999999552965164,0.019999999552965164,0.019999999552965164,0.019999999552965164,0.019999999552965164,14010
2015-04-20,0.019999999552965164,0.019999999552965164,0.019999999552965164,0.019999999552965164,0.019999999552965164,56000
2015-04-21,0.02500000037252903,0.02500000037252903,0.02500000037252903,0.02500000037252903,0.02500000037252903,40050
2015-04-22,0.02500000037252903,0.02500000037252903,0.02500000037252903,0.02500000037252903,0.02500000037252903,0
2015-04-23,0.019999999552965164,0.02500000037252903,0.019999999552965164,0.02500000037252903,0.02500000037252903,94360
2015-04-24,0.02500000037252903,0.02500000037252903,0.02500000037252903,0.02500000037252903,0.02500000037252903,60200
2015-04-27,0.02500000037252903,0.02500000037252903,0.02500000037252903,0.02500000037252903,0.02500000037252903,0
2015-04-28,0.02500000037252903,0.02500000037252903,0.02500000037252903,0.02500000037252903,0.02500000037252903,0
2015-04-29,0.02500000037252903,0.02500000037252903,0.02500000037252903,0.02500000037252903,0.02500000037252903,11100
2015-04-30,0.02500000037252903,0.02500000037252903,0.02500000037252903,0.02500000037252903,0.02500000037252903,0
2015-05-01,0.02500000037252903,0.02500000037252903,0.02500000037252903,0.02500000037252903,0.02500000037252903,0
2015-05-04,0.019999999552965164,0.019999999552965164,0.019999999552965164,0.019999999552965164,0.019999999552965164,1000
2015-05-05,0.019999999552965164,0.019999999552965164,0.019999999552965164,0.019999999552965164,0.019999999552965164,0
2015-05-06,0.019999999552965164,0.019999999552965164,0.019999999552965164,0.019999999552965164,0.019999999552965164,2690
2015-05-07,0.019999999552965164,0.019999999552965164,0.019999999552965164,0.019999999552965164,0.019999999552965164,10600
2015-05-08,0.019999999552965164,0.019999999552965164,0.019999999552965164,0.019999999552965164,0.019999999552965164,0
2015-05-11,0.02500000037252903,0.029999999329447746,0.02500000037252903,0.029999999329447746,0.029999999329447746,175000
2015-05-12,0.029999999329447746,0.029999999329447746,0.029999999329447746,0.029999999329447746,0.029999999329447746,0
2015-05-13,0.029999999329447746,0.029999999329447746,0.029999999329447746,0.029999999329447746,0.029999999329447746,0
2015-05-14,0.029999999329447746,0.029999999329447746,0.029999999329447746,0.029999999329447746,0.029999999329447746,0
2015-05-15,0.029999999329447746,0.029999999329447746,0.029999999329447746,0.029999999329447746,0.029999999329447746,0
2015-05-18,0.029999999329447746,0.029999999329447746,0.029999999329447746,0.029999999329447746,0.029999999329447746,0
2015-05-19,0.02500000037252903,0.02500000037252903,0.02500000037252903,0.02500000037252903,0.02500000037252903,2242
2015-05-20,0.02500000037252903,0.02500000037252903,0.02500000037252903,0.02500000037252903,0.02500000037252903,1000
2015-05-21,0.02500000037252903,0.02500000037252903,0.02500000037252903,0.02500000037252903,0.02500000037252903,0
2015-05-22,0.02500000037252903,0.02500000037252903,0.02500000037252903,0.02500000037252903,0.02500000037252903,0
2015-05-26,0.02500000037252903,0.02500000037252903,0.02500000037252903,0.02500000037252903,0.02500000037252903,0
2015-05-27,0.02500000037252903,0.02500000037252903,0.02500000037252903,0.02500000037252903,0.02500000037252903,0
2015-05-28,0.02500000037252903,0.02500000037252903,0.02500000037252903,0.02500000037252903,0.02500000037252903,26000
2015-05-29,0.02500000037252903,0.02500000037252903,0.02500000037252903,0.02500000037252903,0.02500000037252903,9000
2015-06-01,0.029999999329447746,0.029999999329447746,0.029999999329447746,0.029999999329447746,0.029999999329447746,90800
2015-06-02,0.029999999329447746,0.03500000014901161,0.029999999329447746,0.03500000014901161,0.03500000014901161,577700
2015-06-03,0.03500000014901161,0.03500000014901161,0.03500000014901161,0.03500000014901161,0.03500000014901161,0
2015-06-04,0.029999999329447746,0.029999999329447746,0.02500000037252903,0.02500000037252903,0.02500000037252903,43375
2015-06-05,0.02500000037252903,0.02500000037252903,0.02500000037252903,0.02500000037252903,0.02500000037252903,0
2015-06-08,0.02500000037252903,0.02500000037252903,0.02500000037252903,0.02500000037252903,0.02500000037252903,0
2015-06-09,0.02500000037252903,0.02500000037252903,0.02500000037252903,0.02500000037252903,0.02500000037252903,0
2015-06-10,0.02500000037252903,0.029999999329447746,0.02500000037252903,0.029999999329447746,0.029999999329447746,75000
2015-06-11,0.029999999329447746,0.029999999329447746,0.029999999329447746,0.029999999329447746,0.029999999329447746,0
2015-06-12,0.029999999329447746,0.029999999329447746,0.029999999329447746,0.029999999329447746,0.029999999329447746,0
2015-06-15,0.02500000037252903,0.02500000037252903,0.02500000037252903,0.02500000037252903,0.02500000037252903,2200
2015-06-16,0.02500000037252903,0.02500000037252903,0.02500000037252903,0.02500000037252903,0.02500000037252903,18100
2015-06-17,0.02500000037252903,0.02500000037252903,0.02500000037252903,0.02500000037252903,0.02500000037252903,0
2015-06-18,0.02500000037252903,0.02500000037252903,0.02500000037252903,0.02500000037252903,0.02500000037252903,0
2015-06-19,0.02500000037252903,0.02500000037252903,0.02500000037252903,0.02500000037252903,0.02500000037252903,0
2015-06-22,0.02500000037252903,0.02500000037252903,0.02500000037252903,0.02500000037252903,0.02500000037252903,420000
2015-06-23,0.02500000037252903,0.02500000037252903,0.02500000037252903,0.02500000037252903,0.02500000037252903,0
2015-06-24,0.02500000037252903,0.02500000037252903,0.02500000037252903,0.02500000037252903,0.02500000037252903,524000
2015-06-25,0.02500000037252903,0.02500000037252903,0.019999999552965164,0.019999999552965164,0.019999999552965164,126090
2015-06-26,0.019999999552965164,0.02500000037252903,0.019999999552965164,0.02500000037252903,0.02500000037252903,106500
2015-06-29,0.019999999552965164,0.019999999552965164,0.019999999552965164,0.019999999552965164,0.019999999552965164,3000
2015-06-30,0.02500000037252903,0.02500000037252903,0.02500000037252903,0.02500000037252903,0.02500000037252903,2000
2015-07-01,0.02500000037252903,0.02500000037252903,0.02500000037252903,0.02500000037252903,0.02500000037252903,0
2015-07-02,0.02500000037252903,0.02500000037252903,0.02500000037252903,0.02500000037252903,0.02500000037252903,0
2015-07-06,0.02500000037252903,0.02500000037252903,0.02500000037252903,0.02500000037252903,0.02500000037252903,0
2015-07-07,0.019999999552965164,0.019999999552965164,0.019999999552965164,0.019999999552965164,0.019999999552965164,174000
2015-07-08,0.019999999552965164,0.019999999552965164,0.019999999552965164,0.019999999552965164,0.019999999552965164,0
2015-07-09,0.019999999552965164,0.019999999552965164,0.019999999552965164,0.019999999552965164,0.019999999552965164,0
2015-07-10,0.019999999552965164,0.019999999552965164,0.019999999552965164,0.019999999552965164,0.019999999552965164,0
2015-07-13,0.019999999552965164,0.019999999552965164,0.019999999552965164,0.019999999552965164,0.019999999552965164,0
2015-07-14,0.019999999552965164,0.019999999552965164,0.019999999552965164,0.019999999552965164,0.019999999552965164,0
2015-07-15,0.019999999552965164,0.019999999552965164,0.019999999552965164,0.019999999552965164,0.019999999552965164,0
2015-07-16,0.019999999552965164,0.019999999552965164,0.019999999552965164,0.019999999552965164,0.019999999552965164,16100
2015-07-17,0.019999999552965164,0.019999999552965164,0.019999999552965164,0.019999999552965164,0.019999999552965164,0
2015-07-20,0.019999999552965164,0.019999999552965164,0.019999999552965164,0.019999999552965164,0.019999999552965164,0
2015-07-21,0.019999999552965164,0.019999999552965164,0.019999999552965164,0.019999999552965164,0.019999999552965164,50000
2015-07-22,0.019999999552965164,0.019999999552965164,0.019999999552965164,0.019999999552965164,0.019999999552965164,0
2015-07-23,0.019999999552965164,0.019999999552965164,0.019999999552965164,0.019999999552965164,0.019999999552965164,0
2015-07-24,0.019999999552965164,0.019999999552965164,0.019999999552965164,0.019999999552965164,0.019999999552965164,0
2015-07-27,0.019999999552965164,0.019999999552965164,0.019999999552965164,0.019999999552965164,0.019999999552965164,0
2015-07-28,0.019999999552965164,0.019999999552965164,0.019999999552965164,0.019999999552965164,0.019999999552965164,0
2015-07-29,0.019999999552965164,0.019999999552965164,0.019999999552965164,0.019999999552965164,0.019999999552965164,0
2015-07-30,0.019999999552965164,0.019999999552965164,0.019999999552965164,0.019999999552965164,0.019999999552965164,68000
2015-07-31,0.019999999552965164,0.019999999552965164,0.019999999552965164,0.019999999552965164,0.019999999552965164,7080
2015-08-04,0.019999999552965164,0.019999999552965164,0.019999999552965164,0.019999999552965164,0.019999999552965164,46800
2015-08-25,0.019999999552965164,0.019999999552965164,0.019999999552965164,0.019999999552965164,0.019999999552965164,0
2015-08-26,0.019999999552965164,0.019999999552965164,0.019999999552965164,0.019999999552965164,0.019999999552965164,10000
2015-08-27,0.019999999552965164,0.019999999552965164,0.019999999552965164,0.019999999552965164,0.019999999552965164,0
2015-08-28,0.019999999552965164,0.019999999552965164,0.019999999552965164,0.019999999552965164,0.019999999552965164,20000
2015-08-31,0.019999999552965164,0.019999999552965164,0.019999999552965164,0.019999999552965164,0.019999999552965164,0
2015-09-01,0.014999999664723873,0.014999999664723873,0.014999999664723873,0.014999999664723873,0.014999999664723873,1000
2015-09-02,0.014999999664723873,0.014999999664723873,0.014999999664723873,0.014999999664723873,0.014999999664723873,0
2015-09-03,0.014999999664723873,0.014999999664723873,0.014999999664723873,0.014999999664723873,0.014999999664723873,8000
2015-09-04,0.014999999664723873,0.014999999664723873,0.014999999664723873,0.014999999664723873,0.014999999664723873,0
2015-09-08,0.014999999664723873,0.014999999664723873,0.014999999664723873,0.014999999664723873,0.014999999664723873,1000
2015-09-09,0.014999999664723873,0.014999999664723873,0.014999999664723873,0.014999999664723873,0.014999999664723873,0
2015-09-10,0.014999999664723873,0.014999999664723873,0.014999999664723873,0.014999999664723873,0.014999999664723873,0
2015-09-11,0.014999999664723873,0.014999999664723873,0.014999999664723873,0.014999999664723873,0.014999999664723873,105000
2015-09-15,0.014999999664723873,0.02500000037252903,0.014999999664723873,0.02500000037252903,0.02500000037252903,540000
2015-09-17,0.02500000037252903,0.02500000037252903,0.02500000037252903,0.02500000037252903,0.02500000037252903,500600
2015-09-18,0.02500000037252903,0.02500000037252903,0.02500000037252903,0.02500000037252903,0.02500000037252903,38000
2015-09-21,0.019999999552965164,0.019999999552965164,0.019999999552965164,0.019999999552965164,0.019999999552965164,5600
2015-09-22,0.029999999329447746,0.029999999329447746,0.029999999329447746,0.029999999329447746,0.029999999329447746,10020
2015-09-23,0.02500000037252903,0.02500000037252903,0.02500000037252903,0.02500000037252903,0.02500000037252903,50000
2015-09-24,0.02500000037252903,0.02500000037252903,0.02500000037252903,0.02500000037252903,0.02500000037252903,0
2015-09-25,0.02500000037252903,0.02500000037252903,0.02500000037252903,0.02500000037252903,0.02500000037252903,150000
2015-10-01,0.019999999552965164,0.019999999552965164,0.019999999552965164,0.019999999552965164,0.019999999552965164,600000
2015-10-02,0.019999999552965164,0.019999999552965164,0.019999999552965164,0.019999999552965164,0.019999999552965164,500000
2015-10-05,0.019999999552965164,0.019999999552965164,0.019999999552965164,0.019999999552965164,0.019999999552965164,0
2015-10-06,0.019999999552965164,0.019999999552965164,0.019999999552965164,0.019999999552965164,0.019999999552965164,0
2015-10-07,0.019999999552965164,0.019999999552965164,0.019999999552965164,0.019999999552965164,0.019999999552965164,25600
2015-10-08,0.019999999552965164,0.019999999552965164,0.019999999552965164,0.019999999552965164,0.019999999552965164,0
2015-10-09,0.019999999552965164,0.019999999552965164,0.019999999552965164,0.019999999552965164,0.019999999552965164,3000
2015-10-12,0.019999999552965164,0.019999999552965164,0.019999999552965164,0.019999999552965164,0.019999999552965164,0
2015-10-13,0.019999999552965164,0.019999999552965164,0.019999999552965164,0.019999999552965164,0.019999999552965164,0
2015-10-14,0.019999999552965164,0.019999999552965164,0.019999999552965164,0.019999999552965164,0.019999999552965164,0
2015-10-16,0.019999999552965164,0.019999999552965164,0.019999999552965164,0.019999999552965164,0.019999999552965164,1110
2015-10-19,0.019999999552965164,0.019999999552965164,0.019999999552965164,0.019999999552965164,0.019999999552965164,0
2015-10-22,0.014999999664723873,0.014999999664723873,0.014999999664723873,0.014999999664723873,0.014999999664723873,115230
2015-10-23,0.014999999664723873,0.014999999664723873,0.014999999664723873,0.014999999664723873,0.014999999664723873,21300
2015-10-26,0.014999999664723873,0.014999999664723873,0.014999999664723873,0.014999999664723873,0.014999999664723873,0
2015-10-27,0.014999999664723873,0.014999999664723873,0.014999999664723873,0.014999999664723873,0.014999999664723873,0
2015-10-28,0.014999999664723873,0.014999999664723873,0.014999999664723873,0.014999999664723873,0.014999999664723873,81150
2015-10-29,0.014999999664723873,0.014999999664723873,0.014999999664723873,0.014999999664723873,0.014999999664723873,474100
2015-10-30,0.014999999664723873,0.014999999664723873,0.014999999664723873,0.014999999664723873,0.014999999664723873,0
2015-11-04,0.014999999664723873,0.014999999664723873,0.014999999664723873,0.014999999664723873,0.014999999664723873,1100
2015-11-05,0.014999999664723873,0.014999999664723873,0.014999999664723873,0.014999999664723873,0.014999999664723873,5000
2015-11-10,0.014999999664723873,0.014999999664723873,0.014999999664723873,0.014999999664723873,0.014999999664723873,0
2015-11-11,0.014999999664723873,0.014999999664723873,0.014999999664723873,0.014999999664723873,0.014999999664723873,0
2015-11-13,0.014999999664723873,0.014999999664723873,0.014999999664723873,0.014999999664723873,0.014999999664723873,5000
2015-11-16,1634.5400390625,1634.5400390625,1634.5400390625,1634.5400390625,1634.5400390625,0
2015-11-17,1634.5400390625,1634.5400390625,1634.5400390625,1634.5400390625,1634.5400390625,0
2015-11-19,0.014999999664723873,0.014999999664723873,0.014999999664723873,0.014999999664723873,0.014999999664723873,22000
2015-11-23,0.014999999664723873,0.014999999664723873,0.014999999664723873,0.014999999664723873,0.014999999664723873,500
2015-11-30,0.014999999664723873,0.014999999664723873,0.014999999664723873,0.014999999664723873,0.014999999664723873,0
2015-12-01,0.014999999664723873,0.014999999664723873,0.014999999664723873,0.014999999664723873,0.014999999664723873,0
2015-12-02,0.014999999664723873,0.014999999664723873,0.014999999664723873,0.014999999664723873,0.014999999664723873,21037
2015-12-03,0.014999999664723873,0.014999999664723873,0.014999999664723873,0.014999999664723873,0.014999999664723873,15510
2015-12-04,0.014999999664723873,0.014999999664723873,0.014999999664723873,0.014999999664723873,0.014999999664723873,542
2015-12-07,0.014999999664723873,0.014999999664723873,0.014999999664723873,0.014999999664723873,0.014999999664723873,0
2015-12-08,0.014999999664723873,0.014999999664723873,0.014999999664723873,0.014999999664723873,0.014999999664723873,10000
2015-12-09,0.014999999664723873,0.014999999664723873,0.014999999664723873,0.014999999664723873,0.014999999664723873,2000
2015-12-10,0.014999999664723873,0.014999999664723873,0.014999999664723873,0.014999999664723873,0.014999999664723873,4000
2015-12-11,0.014999999664723873,0.014999999664723873,0.014999999664723873,0.014999999664723873,0.014999999664723873,0
2015-12-14,0.014999999664723873,0.014999999664723873,0.014999999664723873,0.014999999664723873,0.014999999664723873,200
2015-12-15,0.014999999664723873,0.014999999664723873,0.014999999664723873,0.014999999664723873,0.014999999664723873,0
2015-12-16,0.009999999776482582,0.009999999776482582,0.009999999776482582,0.009999999776482582,0.009999999776482582,1000
2015-12-17,0.009999999776482582,0.009999999776482582,0.009999999776482582,0.009999999776482582,0.009999999776482582,0
2015-12-18,0.009999999776482582,0.009999999776482582,0.009999999776482582,0.009999999776482582,0.009999999776482582,0
2015-12-21,0.009999999776482582,0.009999999776482582,0.009999999776482582,0.009999999776482582,0.009999999776482582,500
2015-12-22,0.009999999776482582,0.009999999776482582,0.009999999776482582,0.009999999776482582,0.009999999776482582,900
2015-12-23,0.009999999776482582,0.009999999776482582,0.009999999776482582,0.009999999776482582,0.009999999776482582,850
2015-12-24,0.009999999776482582,0.014999999664723873,0.009999999776482582,0.014999999664723873,0.014999999664723873,34500
2015-12-28,0.014999999664723873,0.014999999664723873,0.014999999664723873,0.014999999664723873,0.014999999664723873,0
2015-12-29,0.009999999776482582,0.009999999776482582,0.009999999776482582,0.009999999776482582,0.009999999776482582,54971
2015-12-30,0.009999999776482582,0.009999999776482582,0.009999999776482582,0.009999999776482582,0.009999999776482582,32
2015-12-31,0.009999999776482582,0.009999999776482582,0.009999999776482582,0.009999999776482582,0.009999999776482582,4200
2016-01-04,0.009999999776482582,0.009999999776482582,0.009999999776482582,0.009999999776482582,0.009999999776482582,0
2016-01-05,0.014999999664723873,0.014999999664723873,0.014999999664723873,0.014999999664723873,0.014999999664723873,5500
2016-01-06,0.014999999664723873,0.014999999664723873,0.014999999664723873,0.014999999664723873,0.014999999664723873,34250
2016-01-07,0.014999999664723873,0.02500000037252903,0.014999999664723873,0.02500000037252903,0.02500000037252903,396050
2016-01-08,0.014999999664723873,0.014999999664723873,0.014999999664723873,0.014999999664723873,0.014999999664723873,20000
2016-01-11,0.014999999664723873,0.019999999552965164,0.014999999664723873,0.019999999552965164,0.019999999552965164,24900
2016-01-12,0.019999999552965164,0.019999999552965164,0.019999999552965164,0.019999999552965164,0.019999999552965164,0
2016-01-13,0.019999999552965164,0.019999999552965164,0.019999999552965164,0.019999999552965164,0.019999999552965164,0
2016-01-14,0.014999999664723873,0.019999999552965164,0.014999999664723873,0.019999999552965164,0.019999999552965164,123400
2016-01-15,0.019999999552965164,0.019999999552965164,0.019999999552965164,0.019999999552965164,0.019999999552965164,300000
2016-01-19,0.014999999664723873,0.014999999664723873,0.014999999664723873,0.014999999664723873,0.014999999664723873,0
2016-01-20,0.014999999664723873,0.014999999664723873,0.014999999664723873,0.014999999664723873,0.014999999664723873,0
2016-01-21,0.014999999664723873,0.014999999664723873,0.014999999664723873,0.014999999664723873,0.014999999664723873,0
2016-01-22,0.014999999664723873,0.014999999664723873,0.014999999664723873,0.014999999664723873,0.014999999664723873,0
2016-01-25,0.014999999664723873,0.014999999664723873,0.014999999664723873,0.014999999664723873,0.014999999664723873,0
2016-01-26,0.019999999552965164,0.019999999552965164,0.019999999552965164,0.019999999552965164,0.019999999552965164,313100
2016-01-27,0.02500000037252903,0.02500000037252903,0.019999999552965164,0.019999999552965164,0.019999999552965164,13200
2016-01-28,0.019999999552965164,0.019999999552965164,0.019999999552965164,0.019999999552965164,0.019999999552965164,1000
2016-01-29,0.02500000037252903,0.029999999329447746,0.02500000037252903,0.029999999329447746,0.029999999329447746,435000
2016-02-01,0.029999999329447746,0.029999999329447746,0.029999999329447746,0.029999999329447746,0.029999999329447746,0
2016-02-02,0.02500000037252903,0.02500000037252903,0.02500000037252903,0.02500000037252903,0.02500000037252903,4750
2016-02-03,0.02500000037252903,0.02500000037252903,0.02500000037252903,0.02500000037252903,0.02500000037252903,146400
2016-02-04,0.02500000037252903,0.02500000037252903,0.019999999552965164,0.02500000037252903,0.02500000037252903,362500
2016-02-05,0.02500000037252903,0.02500000037252903,0.02500000037252903,0.02500000037252903,0.02500000037252903,147000
2016-02-08,0.02500000037252903,0.02500000037252903,0.02500000037252903,0.02500000037252903,0.02500000037252903,0
2016-02-09,0.02500000037252903,0.03500000014901161,0.02500000037252903,0.03500000014901161,0.03500000014901161,167000
2016-02-10,0.029999999329447746,0.029999999329447746,0.029999999329447746,0.029999999329447746,0.029999999329447746,2000
2016-02-11,0.029999999329447746,0.03500000014901161,0.029999999329447746,0.03500000014901161,0.03500000014901161,168250
2016-02-12,0.03500000014901161,0.04500000178813934,0.03500000014901161,0.04500000178813934,0.04500000178813934,125000
2016-02-16,0.05000000074505806,0.05000000074505806,0.03999999910593033,0.03999999910593033,0.03999999910593033,80200
2016-02-17,0.04500000178813934,0.054999999701976776,0.04500000178813934,0.054999999701976776,0.054999999701976776,292900
2016-02-18,0.054999999701976776,0.054999999701976776,0.05000000074505806,0.05000000074505806,0.05000000074505806,35000
2016-02-19,0.054999999701976776,0.06499999761581421,0.054999999701976776,0.05999999865889549,0.05999999865889549,565449
2016-02-22,0.05999999865889549,0.05999999865889549,0.05999999865889549,0.05999999865889549,0.05999999865889549,30400
2016-02-23,0.05000000074505806,0.05000000074505806,0.04500000178813934,0.04500000178813934,0.04500000178813934,540000
2016-02-24,0.05000000074505806,0.06499999761581421,0.04500000178813934,0.05999999865889549,0.05999999865889549,422416
2016-02-25,0.05999999865889549,0.05999999865889549,0.05999999865889549,0.05999999865889549,0.05999999865889549,20000
2016-02-26,0.054999999701976776,0.054999999701976776,0.054999999701976776,0.054999999701976776,0.054999999701976776,55200
2016-02-29,0.054999999701976776,0.054999999701976776,0.05000000074505806,0.05000000074505806,0.05000000074505806,56500
2016-03-01,0.054999999701976776,0.05999999865889549,0.054999999701976776,0.05999999865889549,0.05999999865889549,26000
2016-03-02,0.05999999865889549,0.05999999865889549,0.05999999865889549,0.05999999865889549,0.05999999865889549,1000
2016-03-03,0.05999999865889549,0.06499999761581421,0.054999999701976776,0.06499999761581421,0.06499999761581421,304070
2016-03-04,0.05999999865889549,0.05999999865889549,0.05999999865889549,0.05999999865889549,0.05999999865889549,103200
2016-03-07,0.054999999701976776,0.05999999865889549,0.054999999701976776,0.05999999865889549,0.05999999865889549,77000
2016-03-08,0.054999999701976776,0.05999999865889549,0.054999999701976776,0.054999999701976776,0.054999999701976776,164000
2016-03-09,0.05999999865889549,0.05999999865889549,0.054999999701976776,0.05999999865889549,0.05999999865889549,712000
2016-03-10,0.054999999701976776,0.05999999865889549,0.054999999701976776,0.05999999865889549,0.05999999865889549,67130
2016-03-11,0.05999999865889549,0.06499999761581421,0.05999999865889549,0.06499999761581421,0.06499999761581421,268150
2016-03-14,0.05999999865889549,0.07000000029802322,0.05999999865889549,0.07000000029802322,0.07000000029802322,969350
2016-03-15,0.07000000029802322,0.07000000029802322,0.07000000029802322,0.07000000029802322,0.07000000029802322,1430
2016-03-16,0.05999999865889549,0.05999999865889549,0.05999999865889549,0.05999999865889549,0.05999999865889549,102000
2016-03-17,0.06499999761581421,0.06499999761581421,0.06499999761581421,0.06499999761581421,0.06499999761581421,2550
2016-03-18,0.06499999761581421,0.06499999761581421,0.06499999761581421,0.06499999761581421,0.06499999761581421,0
2016-03-21,0.07000000029802322,0.07000000029802322,0.05999999865889549,0.05999999865889549,0.05999999865889549,151300
2016-03-22,0.05999999865889549,0.07000000029802322,0.05999999865889549,0.06499999761581421,0.06499999761581421,272000
2016-03-23,0.05999999865889549,0.06499999761581421,0.05999999865889549,0.06499999761581421,0.06499999761581421,126000
2016-03-24,0.05999999865889549,0.05999999865889549,0.05999999865889549,0.05999999865889549,0.05999999865889549,78500
2016-03-28,0.05999999865889549,0.05999999865889549,0.05999999865889549,0.05999999865889549,0.05999999865889549,48500
2016-03-29,0.05999999865889549,0.05999999865889549,0.05999999865889549,0.05999999865889549,0.05999999865889549,56800
2016-03-30,0.05999999865889549,0.06499999761581421,0.05999999865889549,0.06499999761581421,0.06499999761581421,3000
2016-03-31,0.06499999761581421,0.07000000029802322,0.05999999865889549,0.05999999865889549,0.05999999865889549,110000
2016-04-01,0.06499999761581421,0.07500000298023224,0.06499999761581421,0.07000000029802322,0.07000000029802322,147100
2016-04-04,0.07000000029802322,0.07500000298023224,0.07000000029802322,0.07500000298023224,0.07500000298023224,89000
2016-04-05,0.07000000029802322,0.07999999821186066,0.07000000029802322,0.07999999821186066,0.07999999821186066,244700
2016-04-06,0.07999999821186066,0.09000000357627869,0.07999999821186066,0.08500000089406967,0.08500000089406967,323380
2016-04-07,0.09000000357627869,0.0949999988079071,0.09000000357627869,0.0949999988079071,0.0949999988079071,911150
2016-04-08,0.0949999988079071,0.10000000149011612,0.09000000357627869,0.10000000149011612,0.10000000149011612,788450
2016-04-11,0.10000000149011612,0.10000000149011612,0.0949999988079071,0.0949999988079071,0.0949999988079071,247500
2016-04-12,0.10000000149011612,0.10000000149011612,0.0949999988079071,0.10000000149011612,0.10000000149011612,599600
2016-04-13,0.10499999672174454,0.11500000208616257,0.10000000149011612,0.11500000208616257,0.11500000208616257,1094650
2016-04-14,0.11500000208616257,0.11500000208616257,0.10999999940395355,0.10999999940395355,0.10999999940395355,665118
2016-04-15,0.10999999940395355,0.17499999701976776,0.10499999672174454,0.1599999964237213,0.1599999964237213,7017664
2016-04-18,0.18000000715255737,0.18000000715255737,0.15000000596046448,0.1599999964237213,0.1599999964237213,2247103
2016-04-19,0.17000000178813934,0.17499999701976776,0.12999999523162842,0.14000000059604645,0.14000000059604645,1267860
2016-04-20,0.14000000059604645,0.15000000596046448,0.11999999731779099,0.15000000596046448,0.15000000596046448,1201300
2016-04-21,0.1550000011920929,0.17000000178813934,0.15000000596046448,0.1550000011920929,0.1550000011920929,1215985
2016-04-22,0.16500000655651093,0.16500000655651093,0.1550000011920929,0.16500000655651093,0.16500000655651093,768345
2016-04-25,0.1550000011920929,0.1599999964237213,0.15000000596046448,0.15000000596046448,0.15000000596046448,104400
2016-04-26,0.1550000011920929,0.1550000011920929,0.14499999582767487,0.14499999582767487,0.14499999582767487,584100
2016-04-27,0.15000000596046448,0.15000000596046448,0.14000000059604645,0.14000000059604645,0.14000000059604645,333800
2016-04-28,0.14499999582767487,0.14499999582767487,0.14000000059604645,0.14000000059604645,0.14000000059604645,449900
2016-04-29,0.14000000059604645,0.1599999964237213,0.12999999523162842,0.1599999964237213,0.1599999964237213,1114790
2016-05-02,0.15000000596046448,0.1550000011920929,0.14499999582767487,0.1550000011920929,0.1550000011920929,337088
2016-05-03,0.1550000011920929,0.1550000011920929,0.14499999582767487,0.14499999582767487,0.14499999582767487,57500
2016-05-04,0.1550000011920929,0.1550000011920929,0.14499999582767487,0.14499999582767487,0.14499999582767487,173750
2016-05-05,0.15000000596046448,0.17000000178813934,0.15000000596046448,0.17000000178813934,0.17000000178813934,934050
2016-05-06,0.17000000178813934,0.17499999701976776,0.16500000655651093,0.17000000178813934,0.17000000178813934,1371480
2016-05-09,0.18000000715255737,0.18000000715255737,0.17499999701976776,0.18000000715255737,0.18000000715255737,574438
2016-05-10,0.18000000715255737,0.1850000023841858,0.1550000011920929,0.17000000178813934,0.17000000178813934,2887150
2016-05-11,0.16500000655651093,0.17000000178813934,0.1599999964237213,0.16500000655651093,0.16500000655651093,172230
2016-05-12,0.17000000178813934,0.17000000178813934,0.15000000596046448,0.1550000011920929,0.1550000011920929,213300
2016-05-13,0.15000000596046448,0.1599999964237213,0.15000000596046448,0.1550000011920929,0.1550000011920929,351463
2016-05-16,0.1550000011920929,0.1599999964237213,0.1550000011920929,0.1599999964237213,0.1599999964237213,247050
2016-05-17,0.1599999964237213,0.16500000655651093,0.1599999964237213,0.1599999964237213,0.1599999964237213,501400
2016-05-18,0.1599999964237213,0.1599999964237213,0.1550000011920929,0.1550000011920929,0.1550000011920929,451500
2016-05-19,0.1599999964237213,0.1599999964237213,0.14499999582767487,0.1550000011920929,0.1550000011920929,815000
2016-05-20,0.1599999964237213,0.17000000178813934,0.1550000011920929,0.16500000655651093,0.16500000655651093,2199163
2016-05-23,0.16500000655651093,0.16500000655651093,0.16500000655651093,0.16500000655651093,0.16500000655651093,0
2016-05-24,0.17000000178813934,0.17499999701976776,0.1599999964237213,0.16500000655651093,0.16500000655651093,1397857
2016-05-25,0.17000000178813934,0.17499999701976776,0.1599999964237213,0.1599999964237213,0.1599999964237213,997059
2016-05-26,0.16500000655651093,0.16500000655651093,0.15000000596046448,0.15000000596046448,0.15000000596046448,920400
2016-05-27,0.1550000011920929,0.1550000011920929,0.14499999582767487,0.15000000596046448,0.15000000596046448,471503
2016-05-31,0.1550000011920929,0.1550000011920929,0.14499999582767487,0.15000000596046448,0.15000000596046448,284615
2016-06-01,0.1550000011920929,0.1550000011920929,0.14499999582767487,0.15000000596046448,0.15000000596046448,61229
2016-06-02,0.1599999964237213,0.16500000655651093,0.15000000596046448,0.16500000655651093,0.16500000655651093,839815
2016-06-03,0.16500000655651093,0.17000000178813934,0.16500000655651093,0.16500000655651093,0.16500000655651093,1159684
2016-06-06,0.17000000178813934,0.25,0.17000000178813934,0.2199999988079071,0.2199999988079071,7741148
2016-06-07,0.23000000417232513,0.23000000417232513,0.1899999976158142,0.20999999344348907,0.20999999344348907,2574356
2016-06-08,0.2199999988079071,0.2199999988079071,0.20000000298023224,0.2199999988079071,0.2199999988079071,670757
2016-06-09,0.2199999988079071,0.2199999988079071,0.20999999344348907,0.2150000035762787,0.2150000035762787,361625
2016-06-10,0.2199999988079071,0.23499999940395355,0.20999999344348907,0.23499999940395355,0.23499999940395355,1992862
2016-06-13,0.23499999940395355,0.24500000476837158,0.23000000417232513,0.23499999940395355,0.23499999940395355,801852
2016-06-14,0.23499999940395355,0.23999999463558197,0.2150000035762787,0.2199999988079071,0.2199999988079071,2392680
2016-06-15,0.2199999988079071,0.23000000417232513,0.20999999344348907,0.2199999988079071,0.2199999988079071,356250
2016-06-16,0.2199999988079071,0.22499999403953552,0.2150000035762787,0.2150000035762787,0.2150000035762787,435900
2016-06-17,0.2199999988079071,0.2199999988079071,0.20999999344348907,0.2199999988079071,0.2199999988079071,242790
2016-06-20,0.2199999988079071,0.22499999403953552,0.2150000035762787,0.2150000035762787,0.2150000035762787,134600
2016-06-21,0.2199999988079071,0.23499999940395355,0.2150000035762787,0.23499999940395355,0.23499999940395355,944615
2016-06-22,0.23499999940395355,0.23499999940395355,0.22499999403953552,0.22499999403953552,0.22499999403953552,525657
2016-06-23,0.23000000417232513,0.23000000417232513,0.2199999988079071,0.22499999403953552,0.22499999403953552,296250
2016-06-24,0.2150000035762787,0.2150000035762787,0.20000000298023224,0.20000000298023224,0.20000000298023224,1322300
2016-06-27,0.20499999821186066,0.20499999821186066,0.1899999976158142,0.1899999976158142,0.1899999976158142,772059
2016-06-28,0.19499999284744263,0.20000000298023224,0.19499999284744263,0.20000000298023224,0.20000000298023224,241555
2016-06-29,0.20000000298023224,0.20000000298023224,0.19499999284744263,0.19499999284744263,0.19499999284744263,236350
2016-06-30,0.20000000298023224,0.20999999344348907,0.20000000298023224,0.20000000298023224,0.20000000298023224,710450
2016-07-01,0.20000000298023224,0.20000000298023224,0.20000000298023224,0.20000000298023224,0.20000000298023224,0
2016-07-05,0.20000000298023224,0.20999999344348907,0.19499999284744263,0.20499999821186066,0.20499999821186066,1142200
2016-07-06,0.20999999344348907,0.23000000417232513,0.20999999344348907,0.23000000417232513,0.23000000417232513,1065200
2016-07-07,0.23000000417232513,0.23000000417232513,0.2199999988079071,0.2199999988079071,0.2199999988079071,620897
2016-07-08,0.2199999988079071,0.23999999463558197,0.2199999988079071,0.23000000417232513,0.23000000417232513,1596800
2016-07-11,0.23000000417232513,0.23499999940395355,0.22499999403953552,0.23499999940395355,0.23499999940395355,674687
2016-07-12,0.23000000417232513,0.23499999940395355,0.2199999988079071,0.22499999403953552,0.22499999403953552,237900
2016-07-13,0.22499999403953552,0.22499999403953552,0.20000000298023224,0.20499999821186066,0.20499999821186066,607900
2016-07-14,0.20499999821186066,0.2199999988079071,0.20499999821186066,0.2150000035762787,0.2150000035762787,260930
2016-07-15,0.2150000035762787,0.2199999988079071,0.20499999821186066,0.2150000035762787,0.2150000035762787,542800
2016-07-18,0.20999999344348907,0.2150000035762787,0.20499999821186066,0.20499999821186066,0.20499999821186066,194170
2016-07-19,0.2150000035762787,0.2150000035762787,0.20499999821186066,0.20499999821186066,0.20499999821186066,264757
2016-07-20,0.20999999344348907,0.20999999344348907,0.1899999976158142,0.20000000298023224,0.20000000298023224,601400
2016-07-21,0.20000000298023224,0.20000000298023224,0.1850000023841858,0.1850000023841858,0.1850000023841858,403839
2016-07-22,0.1850000023841858,0.1899999976158142,0.18000000715255737,0.1899999976158142,0.1899999976158142,642165
2016-07-25,0.1899999976158142,0.1899999976158142,0.18000000715255737,0.1899999976158142,0.1899999976158142,304000
2016-07-26,0.19499999284744263,0.20000000298023224,0.19499999284744263,0.20000000298023224,0.20000000298023224,643200
2016-07-27,0.20000000298023224,0.20499999821186066,0.19499999284744263,0.19499999284744263,0.19499999284744263,216850
2016-07-28,0.20000000298023224,0.20499999821186066,0.19499999284744263,0.20499999821186066,0.20499999821186066,234300
2016-07-29,0.20499999821186066,0.20999999344348907,0.20000000298023224,0.20499999821186066,0.20499999821186066,664600
2016-08-01,0.20499999821186066,0.20499999821186066,0.20499999821186066,0.20499999821186066,0.20499999821186066,0
2016-08-02,0.20499999821186066,0.20499999821186066,0.20000000298023224,0.20000000298023224,0.20000000298023224,59384
2016-08-03,0.20000000298023224,0.20499999821186066,0.20000000298023224,0.20000000298023224,0.20000000298023224,396150
2016-08-04,0.20499999821186066,0.22499999403953552,0.20499999821186066,0.2199999988079071,0.2199999988079071,2327204
2016-08-05,0.2199999988079071,0.23000000417232513,0.2199999988079071,0.2199999988079071,0.2199999988079071,536106
2016-08-08,0.2199999988079071,0.2199999988079071,0.2150000035762787,0.2150000035762787,0.2150000035762787,233227
2016-08-09,0.2150000035762787,0.2150000035762787,0.20000000298023224,0.20999999344348907,0.20999999344348907,599800
2016-08-10,0.2150000035762787,0.23999999463558197,0.2150000035762787,0.23499999940395355,0.23499999940395355,1711794
2016-08-11,0.23999999463558197,0.25,0.23999999463558197,0.23999999463558197,0.23999999463558197,1898180
2016-08-12,0.25,0.26499998569488525,0.23999999463558197,0.23999999463558197,0.23999999463558197,1701898
2016-08-15,0.25,0.25,0.23999999463558197,0.23999999463558197,0.23999999463558197,392860
2016-08-16,0.23999999463558197,0.24500000476837158,0.23999999463558197,0.24500000476837158,0.24500000476837158,449575
2016-08-17,0.23999999463558197,0.23999999463558197,0.2199999988079071,0.2199999988079071,0.2199999988079071,887212
2016-08-18,0.2199999988079071,0.22499999403953552,0.2199999988079071,0.2199999988079071,0.2199999988079071,109500
2016-08-19,0.22499999403953552,0.22499999403953552,0.2199999988079071,0.2199999988079071,0.2199999988079071,382512
2016-08-22,0.2199999988079071,0.2199999988079071,0.20499999821186066,0.20499999821186066,0.20499999821186066,397465
2016-08-23,0.2150000035762787,0.22499999403953552,0.20999999344348907,0.2199999988079071,0.2199999988079071,468447
2016-08-24,0.22499999403953552,0.22499999403953552,0.20499999821186066,0.20999999344348907,0.20999999344348907,710523
2016-08-25,0.20999999344348907,0.2150000035762787,0.20499999821186066,0.20999999344348907,0.20999999344348907,475400
2016-08-26,0.20999999344348907,0.2150000035762787,0.20499999821186066,0.20999999344348907,0.20999999344348907,370599
2016-08-29,0.20499999821186066,0.2150000035762787,0.20499999821186066,0.20999999344348907,0.20999999344348907,204500
2016-08-30,0.2150000035762787,0.2150000035762787,0.20999999344348907,0.20999999344348907,0.20999999344348907,161695
2016-08-31,0.20999999344348907,0.2150000035762787,0.20999999344348907,0.2150000035762787,0.2150000035762787,167320
2016-09-01,0.20999999344348907,0.2199999988079071,0.20999999344348907,0.2150000035762787,0.2150000035762787,387050
2016-09-02,0.2199999988079071,0.22499999403953552,0.2150000035762787,0.2150000035762787,0.2150000035762787,243950
2016-09-06,0.2199999988079071,0.23499999940395355,0.2150000035762787,0.23499999940395355,0.23499999940395355,463365
2016-09-07,0.23000000417232513,0.23000000417232513,0.22499999403953552,0.22499999403953552,0.22499999403953552,470338
2016-09-08,0.23000000417232513,0.23000000417232513,0.22499999403953552,0.22499999403953552,0.22499999403953552,280200
2016-09-09,0.22499999403953552,0.22499999403953552,0.2199999988079071,0.2199999988079071,0.2199999988079071,486822
2016-09-12,0.2199999988079071,0.2199999988079071,0.20999999344348907,0.20999999344348907,0.20999999344348907,216628
2016-09-13,0.20999999344348907,0.2150000035762787,0.20000000298023224,0.20499999821186066,0.20499999821186066,623628
2016-09-14,0.20499999821186066,0.20999999344348907,0.20499999821186066,0.20499999821186066,0.20499999821186066,165000
2016-09-15,0.20999999344348907,0.2150000035762787,0.20499999821186066,0.20999999344348907,0.20999999344348907,242153
2016-09-16,0.20999999344348907,0.20999999344348907,0.20499999821186066,0.20999999344348907,0.20999999344348907,136000
2016-09-19,0.2150000035762787,0.2150000035762787,0.20499999821186066,0.20499999821186066,0.20499999821186066,81528
2016-09-20,0.20499999821186066,0.20499999821186066,0.17499999701976776,0.1899999976158142,0.1899999976158142,693535
2016-09-21,0.19499999284744263,0.20000000298023224,0.1850000023841858,0.1850000023841858,0.1850000023841858,488055
2016-09-22,0.1899999976158142,0.1899999976158142,0.1850000023841858,0.1850000023841858,0.1850000023841858,144000
2016-09-23,0.1850000023841858,0.1899999976158142,0.18000000715255737,0.1899999976158142,0.1899999976158142,204260
2016-09-26,0.18000000715255737,0.1850000023841858,0.18000000715255737,0.1850000023841858,0.1850000023841858,196600
2016-09-27,0.18000000715255737,0.1850000023841858,0.18000000715255737,0.18000000715255737,0.18000000715255737,301800
2016-09-28,0.18000000715255737,0.18000000715255737,0.18000000715255737,0.18000000715255737,0.18000000715255737,472900
2016-09-29,0.18000000715255737,0.18000000715255737,0.17499999701976776,0.17499999701976776,0.17499999701976776,196800
2016-09-30,0.18000000715255737,0.1850000023841858,0.17499999701976776,0.1850000023841858,0.1850000023841858,246885
2016-10-03,0.18000000715255737,0.1850000023841858,0.17499999701976776,0.18000000715255737,0.18000000715255737,146500
2016-10-04,0.18000000715255737,0.18000000715255737,0.17499999701976776,0.17499999701976776,0.17499999701976776,5500
2016-10-05,0.18000000715255737,0.18000000715255737,0.17000000178813934,0.17000000178813934,0.17000000178813934,135500
2016-10-06,0.17499999701976776,0.18000000715255737,0.17000000178813934,0.17000000178813934,0.17000000178813934,134900
2016-10-07,0.18000000715255737,0.18000000715255737,0.17000000178813934,0.18000000715255737,0.18000000715255737,23900
2016-10-10,0.18000000715255737,0.18000000715255737,0.18000000715255737,0.18000000715255737,0.18000000715255737,0
2016-10-11,0.17499999701976776,0.18000000715255737,0.17000000178813934,0.17000000178813934,0.17000000178813934,88850
2016-10-12,0.17499999701976776,0.17499999701976776,0.16500000655651093,0.17000000178813934,0.17000000178813934,17000
2016-10-13,0.17000000178813934,0.17000000178813934,0.1550000011920929,0.1550000011920929,0.1550000011920929,606830
2016-10-14,0.1550000011920929,0.1550000011920929,0.14499999582767487,0.1550000011920929,0.1550000011920929,273000
2016-10-17,0.1550000011920929,0.1599999964237213,0.14499999582767487,0.15000000596046448,0.15000000596046448,824710
2016-10-18,0.15000000596046448,0.16500000655651093,0.15000000596046448,0.1550000011920929,0.1550000011920929,103500
2016-10-19,0.1599999964237213,0.16500000655651093,0.1599999964237213,0.1599999964237213,0.1599999964237213,4450
2016-10-20,0.1550000011920929,0.1599999964237213,0.1550000011920929,0.1550000011920929,0.1550000011920929,23290
2016-10-21,0.1550000011920929,0.1599999964237213,0.1550000011920929,0.1599999964237213,0.1599999964237213,81100
2016-10-24,0.1550000011920929,0.1550000011920929,0.14499999582767487,0.1550000011920929,0.1550000011920929,118000
2016-10-25,0.1550000011920929,0.16500000655651093,0.1550000011920929,0.16500000655651093,0.16500000655651093,353000
2016-10-26,0.1599999964237213,0.16500000655651093,0.1599999964237213,0.16500000655651093,0.16500000655651093,196500
2016-10-27,0.1599999964237213,0.1599999964237213,0.1550000011920929,0.1599999964237213,0.1599999964237213,56010
2016-10-28,0.1550000011920929,0.1550000011920929,0.15000000596046448,0.15000000596046448,0.15000000596046448,224500
2016-10-31,0.15000000596046448,0.1599999964237213,0.15000000596046448,0.1599999964237213,0.1599999964237213,114820
2016-11-01,0.1599999964237213,0.1599999964237213,0.1599999964237213,0.1599999964237213,0.1599999964237213,5550
2016-11-02,0.1550000011920929,0.1550000011920929,0.15000000596046448,0.15000000596046448,0.15000000596046448,111800
2016-11-03,0.14499999582767487,0.14499999582767487,0.14499999582767487,0.14499999582767487,0.14499999582767487,43750
2016-11-04,0.14499999582767487,0.15000000596046448,0.14499999582767487,0.15000000596046448,0.15000000596046448,51700
2016-11-07,0.14499999582767487,0.15000000596046448,0.14499999582767487,0.15000000596046448,0.15000000596046448,53065
2016-11-08,0.14000000059604645,0.15000000596046448,0.14000000059604645,0.15000000596046448,0.15000000596046448,81117
2016-11-09,0.15000000596046448,0.15000000596046448,0.13500000536441803,0.13500000536441803,0.13500000536441803,40259
2016-11-10,0.14000000059604645,0.15000000596046448,0.13500000536441803,0.14000000059604645,0.14000000059604645,210000
2016-11-11,0.15000000596046448,0.15000000596046448,0.14499999582767487,0.15000000596046448,0.15000000596046448,146150
2016-11-14,0.15000000596046448,0.15000000596046448,0.14499999582767487,0.14499999582767487,0.14499999582767487,65900
2016-11-15,0.15000000596046448,0.15000000596046448,0.13500000536441803,0.14499999582767487,0.14499999582767487,268600
2016-11-16,0.14000000059604645,0.14499999582767487,0.14000000059604645,0.14000000059604645,0.14000000059604645,63900
2016-11-17,0.14000000059604645,0.14000000059604645,0.14000000059604645,0.14000000059604645,0.14000000059604645,40000
2016-11-18,0.14499999582767487,0.14499999582767487,0.14000000059604645,0.14000000059604645,0.14000000059604645,98500
2016-11-21,0.14000000059604645,0.14499999582767487,0.13500000536441803,0.14499999582767487,0.14499999582767487,66878
2016-11-22,0.14499999582767487,0.14499999582767487,0.13500000536441803,0.13500000536441803,0.13500000536441803,104090
2016-11-23,0.14499999582767487,0.14499999582767487,0.13500000536441803,0.13500000536441803,0.13500000536441803,345500
2016-11-25,0.12999999523162842,0.12999999523162842,0.125,0.125,0.125,309570
2016-11-28,0.11999999731779099,0.125,0.11999999731779099,0.11999999731779099,0.11999999731779099,268500
2016-11-29,0.125,0.13500000536441803,0.125,0.13500000536441803,0.13500000536441803,94500
2016-11-30,0.13500000536441803,0.13500000536441803,0.125,0.13500000536441803,0.13500000536441803,155900
2016-12-01,0.14000000059604645,0.14000000059604645,0.12999999523162842,0.13500000536441803,0.13500000536441803,64370
2016-12-02,0.13500000536441803,0.14000000059604645,0.13500000536441803,0.14000000059604645,0.14000000059604645,46700
2016-12-05,0.14000000059604645,0.14000000059604645,0.14000000059604645,0.14000000059604645,0.14000000059604645,0
2016-12-06,0.14000000059604645,0.14000000059604645,0.13500000536441803,0.13500000536441803,0.13500000536441803,5100
2016-12-07,0.13500000536441803,0.13500000536441803,0.13500000536441803,0.13500000536441803,0.13500000536441803,20600
2016-12-08,0.14000000059604645,0.14000000059604645,0.13500000536441803,0.13500000536441803,0.13500000536441803,17500
2016-12-09,0.12999999523162842,0.13500000536441803,0.125,0.13500000536441803,0.13500000536441803,108500
2016-12-12,0.14000000059604645,0.14000000059604645,0.12999999523162842,0.13500000536441803,0.13500000536441803,27300
2016-12-13,0.125,0.13500000536441803,0.125,0.125,0.125,5310
2016-12-14,0.12999999523162842,0.12999999523162842,0.125,0.125,0.125,45500
2016-12-15,0.11999999731779099,0.11999999731779099,0.11500000208616257,0.11500000208616257,0.11500000208616257,164880
2016-12-16,0.11500000208616257,0.11500000208616257,0.10999999940395355,0.10999999940395355,0.10999999940395355,36850
2016-12-19,0.10999999940395355,0.10999999940395355,0.10000000149011612,0.10499999672174454,0.10499999672174454,165850
2016-12-20,0.10499999672174454,0.10499999672174454,0.10000000149011612,0.10000000149011612,0.10000000149011612,195500
2016-12-21,0.10000000149011612,0.10000000149011612,0.0949999988079071,0.0949999988079071,0.0949999988079071,148000
2016-12-22,0.0949999988079071,0.0949999988079071,0.0949999988079071,0.0949999988079071,0.0949999988079071,0
2016-12-23,0.10000000149011612,0.10999999940395355,0.10000000149011612,0.10499999672174454,0.10499999672174454,293950
2016-12-27,0.10499999672174454,0.10499999672174454,0.10499999672174454,0.10499999672174454,0.10499999672174454,0
2016-12-28,0.10499999672174454,0.10499999672174454,0.10000000149011612,0.10000000149011612,0.10000000149011612,25454
2016-12-29,0.10000000149011612,0.10999999940395355,0.10000000149011612,0.10999999940395355,0.10999999940395355,69000
2016-12-30,0.10999999940395355,0.11500000208616257,0.10999999940395355,0.11500000208616257,0.11500000208616257,20000
2017-01-03,0.10999999940395355,0.11500000208616257,0.10999999940395355,0.11500000208616257,0.11500000208616257,29900
2017-01-04,0.11999999731779099,0.11999999731779099,0.11500000208616257,0.11500000208616257,0.11500000208616257,12250
2017-01-05,0.11999999731779099,0.12999999523162842,0.11999999731779099,0.125,0.125,105900
2017-01-06,0.125,0.125,0.125,0.125,0.125,55500
2017-01-09,0.11999999731779099,0.125,0.11999999731779099,0.125,0.125,71210
2017-01-10,0.125,0.12999999523162842,0.125,0.12999999523162842,0.12999999523162842,44865
2017-01-11,0.12999999523162842,0.12999999523162842,0.125,0.125,0.125,20800
2017-01-12,0.125,0.12999999523162842,0.11999999731779099,0.11999999731779099,0.11999999731779099,51800
2017-01-13,0.11999999731779099,0.11999999731779099,0.11999999731779099,0.11999999731779099,0.11999999731779099,6360
2017-01-17,0.11999999731779099,0.11999999731779099,0.11999999731779099,0.11999999731779099,0.11999999731779099,11300
2017-01-18,0.125,0.125,0.11999999731779099,0.11999999731779099,0.11999999731779099,9300
2017-01-19,0.11500000208616257,0.11500000208616257,0.11500000208616257,0.11500000208616257,0.11500000208616257,5500
2017-01-20,0.125,0.125,0.125,0.125,0.125,2250
2017-01-23,0.125,0.125,0.11999999731779099,0.11999999731779099,0.11999999731779099,32600
2017-01-24,0.11999999731779099,0.11999999731779099,0.11999999731779099,0.11999999731779099,0.11999999731779099,0
2017-01-25,0.11999999731779099,0.11999999731779099,0.11500000208616257,0.11999999731779099,0.11999999731779099,26600
2017-01-26,0.125,0.125,0.11999999731779099,0.125,0.125,80279
2017-01-27,0.11999999731779099,0.11999999731779099,0.11999999731779099,0.11999999731779099,0.11999999731779099,18000
2017-01-30,0.12999999523162842,0.12999999523162842,0.125,0.12999999523162842,0.12999999523162842,142170
2017-01-31,0.12999999523162842,0.12999999523162842,0.12999999523162842,0.12999999523162842,0.12999999523162842,20000
2017-02-01,0.12999999523162842,0.12999999523162842,0.12999999523162842,0.12999999523162842,0.12999999523162842,0
2017-02-02,0.13500000536441803,0.13500000536441803,0.125,0.125,0.125,87005
2017-02-03,0.12999999523162842,0.12999999523162842,0.12999999523162842,0.12999999523162842,0.12999999523162842,2000
2017-02-06,0.13500000536441803,0.13500000536441803,0.12999999523162842,0.12999999523162842,0.12999999523162842,86500
2017-02-07,0.12999999523162842,0.14499999582767487,0.12999999523162842,0.14499999582767487,0.14499999582767487,222000
2017-02-08,0.14499999582767487,0.14499999582767487,0.13500000536441803,0.13500000536441803,0.13500000536441803,33600
2017-02-09,0.13500000536441803,0.13500000536441803,0.13500000536441803,0.13500000536441803,0.13500000536441803,6506
2017-02-10,0.13500000536441803,0.14000000059604645,0.13500000536441803,0.14000000059604645,0.14000000059604645,177000
2017-02-13,0.14000000059604645,0.14499999582767487,0.13500000536441803,0.13500000536441803,0.13500000536441803,57700
2017-02-14,0.14499999582767487,0.1550000011920929,0.13500000536441803,0.1550000011920929,0.1550000011920929,140150
2017-02-15,0.1599999964237213,0.1599999964237213,0.15000000596046448,0.1550000011920929,0.1550000011920929,109750
2017-02-16,0.15000000596046448,0.1599999964237213,0.15000000596046448,0.1599999964237213,0.1599999964237213,400220
2017-02-17,0.1599999964237213,0.16500000655651093,0.1599999964237213,0.1599999964237213,0.1599999964237213,100136
2017-02-21,0.1599999964237213,0.16500000655651093,0.1550000011920929,0.1550000011920929,0.1550000011920929,136270
2017-02-22,0.16500000655651093,0.16500000655651093,0.1550000011920929,0.1550000011920929,0.1550000011920929,69250
2017-02-23,0.15000000596046448,0.15000000596046448,0.15000000596046448,0.15000000596046448,0.15000000596046448,172400
2017-02-24,0.15000000596046448,0.1599999964237213,0.15000000596046448,0.1599999964237213,0.1599999964237213,22870
2017-02-27,0.1599999964237213,0.1599999964237213,0.15000000596046448,0.15000000596046448,0.15000000596046448,54000
2017-02-28,0.15000000596046448,0.1599999964237213,0.15000000596046448,0.1599999964237213,0.1599999964237213,191620
2017-03-01,0.1599999964237213,0.1599999964237213,0.15000000596046448,0.15000000596046448,0.15000000596046448,15150
2017-03-02,0.1550000011920929,0.1599999964237213,0.1550000011920929,0.1550000011920929,0.1550000011920929,135300
2017-03-03,0.1550000011920929,0.1599999964237213,0.1550000011920929,0.1550000011920929,0.1550000011920929,180500
2017-03-06,0.15000000596046448,0.1550000011920929,0.15000000596046448,0.15000000596046448,0.15000000596046448,21000
2017-03-07,0.15000000596046448,0.15000000596046448,0.14499999582767487,0.15000000596046448,0.15000000596046448,105000
2017-03-08,0.15000000596046448,0.15000000596046448,0.15000000596046448,0.15000000596046448,0.15000000596046448,0
2017-03-09,0.14499999582767487,0.14499999582767487,0.14499999582767487,0.14499999582767487,0.14499999582767487,1500
2017-03-10,0.14000000059604645,0.1550000011920929,0.14000000059604645,0.1550000011920929,0.1550000011920929,22350
2017-03-13,0.1550000011920929,0.1550000011920929,0.1550000011920929,0.1550000011920929,0.1550000011920929,5100
2017-03-14,0.15000000596046448,0.15000000596046448,0.15000000596046448,0.15000000596046448,0.15000000596046448,30400
2017-03-15,123.05000305175781,123.79000091552734,123.05000305175781,123.5999984741211,123.5999984741211,516
2017-03-16,0.15000000596046448,0.15000000596046448,0.14499999582767487,0.14499999582767487,0.14499999582767487,41500
2017-03-17,0.14499999582767487,0.1550000011920929,0.14499999582767487,0.1550000011920929,0.1550000011920929,12600
2017-03-20,0.1550000011920929,0.1550000011920929,0.1550000011920929,0.1550000011920929,0.1550000011920929,0
2017-03-21,0.14499999582767487,0.14499999582767487,0.13500000536441803,0.13500000536441803,0.13500000536441803,347640
2017-03-22,0.13500000536441803,0.13500000536441803,0.12999999523162842,0.12999999523162842,0.12999999523162842,224500
2017-03-23,0.125,0.125,0.11999999731779099,0.125,0.125,63200
2017-03-24,0.12999999523162842,0.12999999523162842,0.12999999523162842,0.12999999523162842,0.12999999523162842,15663
2017-03-27,0.125,0.125,0.11999999731779099,0.11999999731779099,0.11999999731779099,41851
2017-03-28,0.11999999731779099,0.125,0.11999999731779099,0.125,0.125,51000
2017-03-29,0.125,0.125,0.125,0.125,0.125,1500
2017-03-30,0.125,0.125,0.125,0.125,0.125,0
2017-03-31,0.125,0.125,0.125,0.125,0.125,11700
2017-04-03,0.125,0.125,0.11999999731779099,0.11999999731779099,0.11999999731779099,18500
2017-04-04,0.11500000208616257,0.11500000208616257,0.11500000208616257,0.11500000208616257,0.11500000208616257,21228
2017-04-05,0.11500000208616257,0.11999999731779099,0.11500000208616257,0.11999999731779099,0.11999999731779099,11666
2017-04-06,0.11999999731779099,0.11999999731779099,0.11500000208616257,0.11500000208616257,0.11500000208616257,11950
2017-04-07,0.125,0.12999999523162842,0.11500000208616257,0.11500000208616257,0.11500000208616257,33400
2017-04-10,0.11999999731779099,0.11999999731779099,0.11500000208616257,0.11500000208616257,0.11500000208616257,39900
2017-04-11,0.11500000208616257,0.11500000208616257,0.11500000208616257,0.11500000208616257,0.11500000208616257,26000
2017-04-12,0.125,0.125,0.125,0.125,0.125,2810
2017-04-13,0.11500000208616257,0.11500000208616257,0.11500000208616257,0.11500000208616257,0.11500000208616257,20950
2017-04-17,0.11500000208616257,0.11500000208616257,0.10999999940395355,0.10999999940395355,0.10999999940395355,71750
2017-04-18,0.11999999731779099,0.12999999523162842,0.11999999731779099,0.12999999523162842,0.12999999523162842,13266
2017-04-19,0.12999999523162842,0.12999999523162842,0.12999999523162842,0.12999999523162842,0.12999999523162842,0
2017-04-20,0.11999999731779099,0.11999999731779099,0.11500000208616257,0.11500000208616257,0.11500000208616257,11450
2017-04-21,0.11500000208616257,0.11500000208616257,0.11500000208616257,0.11500000208616257,0.11500000208616257,23100
2017-04-24,0.11500000208616257,0.11500000208616257,0.10000000149011612,0.10999999940395355,0.10999999940395355,356975
2017-04-25,0.10999999940395355,0.10999999940395355,0.10999999940395355,0.10999999940395355,0.10999999940395355,6000
2017-04-26,0.10000000149011612,0.10000000149011612,0.10000000149011612,0.10000000149011612,0.10000000149011612,2333
2017-04-27,0.10000000149011612,0.10999999940395355,0.10000000149011612,0.10999999940395355,0.10999999940395355,5000
2017-04-28,0.10000000149011612,0.10000000149011612,0.10000000149011612,0.10000000149011612,0.10000000149011612,79500
2017-05-01,0.10000000149011612,0.10000000149011612,0.0949999988079071,0.10000000149011612,0.10000000149011612,31400
2017-05-02,0.10000000149011612,0.10999999940395355,0.10000000149011612,0.10999999940395355,0.10999999940395355,165250
2017-05-03,0.10000000149011612,0.10000000149011612,0.10000000149011612,0.10000000149011612,0.10000000149011612,28400
2017-05-04,0.0949999988079071,0.0949999988079071,0.0949999988079071,0.0949999988079071,0.0949999988079071,136800
2017-05-05,0.09000000357627869,0.09000000357627869,0.09000000357627869,0.09000000357627869,0.09000000357627869,2500
2017-05-08,0.09000000357627869,0.0949999988079071,0.09000000357627869,0.0949999988079071,0.0949999988079071,30100
2017-05-09,0.0949999988079071,0.0949999988079071,0.0949999988079071,0.0949999988079071,0.0949999988079071,1450
2017-05-10,0.0949999988079071,0.0949999988079071,0.09000000357627869,0.09000000357627869,0.09000000357627869,8000
2017-05-11,0.10000000149011612,0.10499999672174454,0.10000000149011612,0.10000000149011612,0.10000000149011612,59259
2017-05-12,0.10499999672174454,0.10499999672174454,0.10499999672174454,0.10499999672174454,0.10499999672174454,2500
2017-05-15,0.0949999988079071,0.0949999988079071,0.0949999988079071,0.0949999988079071,0.0949999988079071,27000
2017-05-16,0.10000000149011612,0.10000000149011612,0.10000000149011612,0.10000000149011612,0.10000000149011612,37500
2017-05-17,0.0949999988079071,0.0949999988079071,0.0949999988079071,0.0949999988079071,0.0949999988079071,700
2017-05-18,0.10499999672174454,0.10499999672174454,0.10499999672174454,0.10499999672174454,0.10499999672174454,58000
2017-05-19,0.10499999672174454,0.10499999672174454,0.0949999988079071,0.0949999988079071,0.0949999988079071,35500
2017-05-22,0.0949999988079071,0.0949999988079071,0.0949999988079071,0.0949999988079071,0.0949999988079071,0
2017-05-23,0.10000000149011612,0.10000000149011612,0.10000000149011612,0.10000000149011612,0.10000000149011612,15000
2017-05-24,0.10000000149011612,0.10000000149011612,0.10000000149011612,0.10000000149011612,0.10000000149011612,5100
2017-05-25,0.10000000149011612,0.10000000149011612,0.10000000149011612,0.10000000149011612,0.10000000149011612,25000
2017-05-26,0.10999999940395355,0.10999999940395355,0.10499999672174454,0.10999999940395355,0.10999999940395355,144500
2017-05-30,0.0949999988079071,0.0949999988079071,0.0949999988079071,0.0949999988079071,0.0949999988079071,9000
2017-05-31,0.10499999672174454,0.10999999940395355,0.10000000149011612,0.10999999940395355,0.10999999940395355,138900
2017-06-01,0.10999999940395355,0.11999999731779099,0.10999999940395355,0.11999999731779099,0.11999999731779099,28500
2017-06-02,0.10499999672174454,0.10499999672174454,0.10499999672174454,0.10499999672174454,0.10499999672174454,5154
2017-06-05,0.10499999672174454,0.10499999672174454,0.10499999672174454,0.10499999672174454,0.10499999672174454,0
2017-06-06,0.11999999731779099,0.11999999731779099,0.11999999731779099,0.11999999731779099,0.11999999731779099,24750
2017-06-07,0.11999999731779099,0.11999999731779099,0.11999999731779099,0.11999999731779099,0.11999999731779099,0
2017-06-08,0.10999999940395355,0.11999999731779099,0.10999999940395355,0.11999999731779099,0.11999999731779099,7000
2017-06-09,0.11999999731779099,0.11999999731779099,0.10999999940395355,0.10999999940395355,0.10999999940395355,27500
2017-06-12,0.10999999940395355,0.10999999940395355,0.10999999940395355,0.10999999940395355,0.10999999940395355,0
2017-06-13,0.10999999940395355,0.11999999731779099,0.10999999940395355,0.11999999731779099,0.11999999731779099,538700
2017-06-14,0.10499999672174454,0.10499999672174454,0.10499999672174454,0.10499999672174454,0.10499999672174454,97500
2017-06-15,0.10499999672174454,0.10499999672174454,0.10499999672174454,0.10499999672174454,0.10499999672174454,25000
2017-06-16,0.10499999672174454,0.10499999672174454,0.10499999672174454,0.10499999672174454,0.10499999672174454,0
2017-06-19,0.10499999672174454,0.10499999672174454,0.10499999672174454,0.10499999672174454,0.10499999672174454,0
2017-06-20,0.10499999672174454,0.11500000208616257,0.10499999672174454,0.11500000208616257,0.11500000208616257,105500
2017-06-21,0.10499999672174454,0.10499999672174454,0.10499999672174454,0.10499999672174454,0.10499999672174454,500
2017-06-22,0.10999999940395355,0.10999999940395355,0.10999999940395355,0.10999999940395355,0.10999999940395355,1250
2017-06-23,0.10499999672174454,0.10999999940395355,0.10499999672174454,0.10999999940395355,0.10999999940395355,6000
2017-06-26,0.10999999940395355,0.10999999940395355,0.10499999672174454,0.10499999672174454,0.10499999672174454,20500
2017-06-27,0.11999999731779099,0.11999999731779099,0.10499999672174454,0.10999999940395355,0.10999999940395355,30500
2017-06-28,0.10499999672174454,0.11999999731779099,0.10499999672174454,0.11999999731779099,0.11999999731779099,32500
2017-06-29,0.10499999672174454,0.10499999672174454,0.10499999672174454,0.10499999672174454,0.10499999672174454,1650
2017-06-30,0.10499999672174454,0.10499999672174454,0.10000000149011612,0.10000000149011612,0.10000000149011612,103600
2017-07-03,0.10000000149011612,0.10000000149011612,0.10000000149011612,0.10000000149011612,0.10000000149011612,0
2017-07-05,0.10999999940395355,0.10999999940395355,0.10999999940395355,0.10999999940395355,0.10999999940395355,2500
2017-07-06,0.10999999940395355,0.10999999940395355,0.0949999988079071,0.0949999988079071,0.0949999988079071,65700
2017-07-07,0.0949999988079071,0.10000000149011612,0.0949999988079071,0.10000000149011612,0.10000000149011612,27000
2017-07-10,0.0949999988079071,0.0949999988079071,0.0949999988079071,0.0949999988079071,0.0949999988079071,8000
2017-07-11,0.0949999988079071,0.0949999988079071,0.0949999988079071,0.0949999988079071,0.0949999988079071,1000
2017-07-12,0.0949999988079071,0.0949999988079071,0.0949999988079071,0.0949999988079071,0.0949999988079071,0
2017-07-13,0.0949999988079071,0.0949999988079071,0.0949999988079071,0.0949999988079071,0.0949999988079071,0
2017-07-14,0.0949999988079071,0.0949999988079071,0.0949999988079071,0.0949999988079071,0.0949999988079071,13000
2017-07-17,0.0949999988079071,0.0949999988079071,0.0949999988079071,0.0949999988079071,0.0949999988079071,0
2017-07-18,0.0949999988079071,0.0949999988079071,0.0949999988079071,0.0949999988079071,0.0949999988079071,0
2017-07-19,0.0949999988079071,0.0949999988079071,0.0949999988079071,0.0949999988079071,0.0949999988079071,0
2017-07-20,0.0949999988079071,0.0949999988079071,0.0949999988079071,0.0949999988079071,0.0949999988079071,0
2017-07-21,0.0949999988079071,0.0949999988079071,0.08500000089406967,0.0949999988079071,0.0949999988079071,268900
2017-07-24,0.0949999988079071,0.0949999988079071,0.0949999988079071,0.0949999988079071,0.0949999988079071,0
2017-07-25,0.0949999988079071,0.0949999988079071,0.0949999988079071,0.0949999988079071,0.0949999988079071,0
2017-07-26,0.09000000357627869,0.09000000357627869,0.09000000357627869,0.09000000357627869,0.09000000357627869,22000
2017-07-27,0.09000000357627869,0.09000000357627869,0.09000000357627869,0.09000000357627869,0.09000000357627869,0
2017-07-28,0.09000000357627869,0.09000000357627869,0.09000000357627869,0.09000000357627869,0.09000000357627869,0
2017-07-31,0.09000000357627869,0.09000000357627869,0.09000000357627869,0.09000000357627869,0.09000000357627869,2150
2017-08-01,0.09000000357627869,0.09000000357627869,0.09000000357627869,0.09000000357627869,0.09000000357627869,45000
2017-08-02,0.09000000357627869,0.09000000357627869,0.09000000357627869,0.09000000357627869,0.09000000357627869,0
2017-08-03,0.09000000357627869,0.10000000149011612,0.09000000357627869,0.10000000149011612,0.10000000149011612,4000
2017-08-04,0.0949999988079071,0.10000000149011612,0.0949999988079071,0.10000000149011612,0.10000000149011612,22000
2017-08-07,0.10000000149011612,0.10000000149011612,0.10000000149011612,0.10000000149011612,0.10000000149011612,0
2017-08-08,0.10000000149011612,0.10000000149011612,0.10000000149011612,0.10000000149011612,0.10000000149011612,0
2017-08-09,0.10000000149011612,0.10000000149011612,0.10000000149011612,0.10000000149011612,0.10000000149011612,0
2017-08-10,0.09000000357627869,0.09000000357627869,0.09000000357627869,0.09000000357627869,0.09000000357627869,500
2017-08-11,0.09000000357627869,0.09000000357627869,0.09000000357627869,0.09000000357627869,0.09000000357627869,2000
2017-08-14,0.09000000357627869,0.09000000357627869,0.09000000357627869,0.09000000357627869,0.09000000357627869,0
2017-08-15,0.0949999988079071,0.0949999988079071,0.0949999988079071,0.0949999988079071,0.0949999988079071,14390
2017-08-16,0.0949999988079071,0.0949999988079071,0.09000000357627869,0.09000000357627869,0.09000000357627869,24000
2017-08-17,0.0949999988079071,0.10000000149011612,0.0949999988079071,0.0949999988079071,0.0949999988079071,58000
2017-08-18,0.0949999988079071,0.0949999988079071,0.0949999988079071,0.0949999988079071,0.0949999988079071,0
2017-08-21,0.09000000357627869,0.09000000357627869,0.09000000357627869,0.09000000357627869,0.09000000357627869,14000
2017-08-22,0.09000000357627869,0.09000000357627869,0.09000000357627869,0.09000000357627869,0.09000000357627869,10000
2017-08-23,0.09000000357627869,0.09000000357627869,0.09000000357627869,0.09000000357627869,0.09000000357627869,22020
2017-08-24,0.09000000357627869,0.09000000357627869,0.09000000357627869,0.09000000357627869,0.09000000357627869,4000
2017-08-25,0.09000000357627869,0.09000000357627869,0.09000000357627869,0.09000000357627869,0.09000000357627869,0
2017-08-28,0.09000000357627869,0.09000000357627869,0.09000000357627869,0.09000000357627869,0.09000000357627869,118000
2017-08-29,0.0949999988079071,0.0949999988079071,0.09000000357627869,0.09000000357627869,0.09000000357627869,9000
2017-08-30,0.09000000357627869,0.09000000357627869,0.09000000357627869,0.09000000357627869,0.09000000357627869,0
2017-08-31,0.09000000357627869,0.09000000357627869,0.09000000357627869,0.09000000357627869,0.09000000357627869,44950
2017-09-01,0.09000000357627869,0.09000000357627869,0.09000000357627869,0.09000000357627869,0.09000000357627869,7000
2017-09-05,0.0949999988079071,0.0949999988079071,0.0949999988079071,0.0949999988079071,0.0949999988079071,16967
2017-09-06,0.0949999988079071,0.0949999988079071,0.09000000357627869,0.0949999988079071,0.0949999988079071,36950
2017-09-07,0.10000000149011612,0.10499999672174454,0.0949999988079071,0.10499999672174454,0.10499999672174454,142600
2017-09-08,0.10499999672174454,0.10499999672174454,0.10499999672174454,0.10499999672174454,0.10499999672174454,29000
2017-09-11,0.10999999940395355,0.11500000208616257,0.10999999940395355,0.11500000208616257,0.11500000208616257,144000
2017-09-12,0.11500000208616257,0.13500000536441803,0.11500000208616257,0.13500000536441803,0.13500000536441803,323200
2017-09-13,0.13500000536441803,0.14000000059604645,0.12999999523162842,0.13500000536441803,0.13500000536441803,203140
2017-09-14,0.14000000059604645,0.14000000059604645,0.12999999523162842,0.12999999523162842,0.12999999523162842,74000
2017-09-15,0.14000000059604645,0.14000000059604645,0.14000000059604645,0.14000000059604645,0.14000000059604645,2900
2017-09-18,0.14000000059604645,0.14000000059604645,0.12999999523162842,0.12999999523162842,0.12999999523162842,41413
2017-09-19,0.13500000536441803,0.13500000536441803,0.12999999523162842,0.12999999523162842,0.12999999523162842,50000
2017-09-20,0.12999999523162842,0.12999999523162842,0.12999999523162842,0.12999999523162842,0.12999999523162842,13000
2017-09-21,0.13500000536441803,0.14000000059604645,0.13500000536441803,0.14000000059604645,0.14000000059604645,92000
2017-09-22,0.14000000059604645,0.14499999582767487,0.14000000059604645,0.14499999582767487,0.14499999582767487,247300
2017-09-25,0.15000000596046448,0.15000000596046448,0.14000000059604645,0.14499999582767487,0.14499999582767487,92000
2017-09-26,0.15000000596046448,0.15000000596046448,0.14000000059604645,0.14000000059604645,0.14000000059604645,239500
2017-09-27,0.14499999582767487,0.14499999582767487,0.14000000059604645,0.14499999582767487,0.14499999582767487,245000
2017-09-28,0.15000000596046448,0.15000000596046448,0.14499999582767487,0.14499999582767487,0.14499999582767487,29500
2017-09-29,0.14499999582767487,0.14499999582767487,0.14000000059604645,0.14000000059604645,0.14000000059604645,13000
2017-10-02,0.14000000059604645,0.14499999582767487,0.14000000059604645,0.14000000059604645,0.14000000059604645,210000
2017-10-03,0.14000000059604645,0.14000000059604645,0.14000000059604645,0.14000000059604645,0.14000000059604645,39500
2017-10-04,0.14000000059604645,0.14000000059604645,0.14000000059604645,0.14000000059604645,0.14000000059604645,10000
2017-10-05,0.13500000536441803,0.13500000536441803,0.125,0.125,0.125,96000
2017-10-06,0.12999999523162842,0.12999999523162842,0.12999999523162842,0.12999999523162842,0.12999999523162842,68500
2017-10-09,0.12999999523162842,0.12999999523162842,0.12999999523162842,0.12999999523162842,0.12999999523162842,0
2017-10-10,0.12999999523162842,0.13500000536441803,0.125,0.13500000536441803,0.13500000536441803,101000
2017-10-11,0.125,0.125,0.125,0.125,0.125,32000
2017-10-12,0.125,0.125,0.125,0.125,0.125,10500
2017-10-13,0.125,0.125,0.125,0.125,0.125,71000
2017-10-16,0.125,0.12999999523162842,0.125,0.12999999523162842,0.12999999523162842,51000
2017-10-17,0.125,0.13500000536441803,0.125,0.125,0.125,20315
2017-10-18,0.125,0.13500000536441803,0.125,0.12999999523162842,0.12999999523162842,102500
2017-10-19,0.125,0.12999999523162842,0.125,0.12999999523162842,0.12999999523162842,144400
2017-10-20,0.12999999523162842,0.14000000059604645,0.12999999523162842,0.13500000536441803,0.13500000536441803,326710
2017-10-23,0.15000000596046448,0.1550000011920929,0.14499999582767487,0.14499999582767487,0.14499999582767487,656160
2017-10-24,0.1550000011920929,0.1599999964237213,0.1550000011920929,0.1599999964237213,0.1599999964237213,67900
2017-10-25,0.16500000655651093,0.17000000178813934,0.1599999964237213,0.16500000655651093,0.16500000655651093,148658
2017-10-26,0.16500000655651093,0.16500000655651093,0.15000000596046448,0.15000000596046448,0.15000000596046448,144900
2017-10-27,0.1599999964237213,0.1599999964237213,0.15000000596046448,0.15000000596046448,0.15000000596046448,215000
2017-10-30,0.15000000596046448,0.1550000011920929,0.15000000596046448,0.15000000596046448,0.15000000596046448,98672
2017-10-31,0.1550000011920929,0.1550000011920929,0.1550000011920929,0.1550000011920929,0.1550000011920929,27000
2017-11-01,0.1599999964237213,0.16500000655651093,0.1599999964237213,0.1599999964237213,0.1599999964237213,64350
2017-11-02,0.16500000655651093,0.17000000178813934,0.16500000655651093,0.16500000655651093,0.16500000655651093,36000
2017-11-03,0.17000000178813934,0.17000000178813934,0.1599999964237213,0.1599999964237213,0.1599999964237213,80200
2017-11-06,0.17000000178813934,0.17000000178813934,0.16500000655651093,0.17000000178813934,0.17000000178813934,59000
2017-11-07,0.17499999701976776,0.18000000715255737,0.1599999964237213,0.1599999964237213,0.1599999964237213,972844
2017-11-08,0.17000000178813934,0.17000000178813934,0.16500000655651093,0.17000000178813934,0.17000000178813934,32100
2017-11-09,0.17000000178813934,0.17000000178813934,0.1599999964237213,0.17000000178813934,0.17000000178813934,74500
2017-11-10,0.17000000178813934,0.17000000178813934,0.1599999964237213,0.1599999964237213,0.1599999964237213,225150
2017-11-13,0.1599999964237213,0.16500000655651093,0.15000000596046448,0.1599999964237213,0.1599999964237213,224500
2017-11-14,0.1550000011920929,0.1550000011920929,0.15000000596046448,0.15000000596046448,0.15000000596046448,91600
2017-11-15,0.1599999964237213,0.1599999964237213,0.15000000596046448,0.1550000011920929,0.1550000011920929,175000
2017-11-16,0.1599999964237213,0.1599999964237213,0.1550000011920929,0.1550000011920929,0.1550000011920929,48825
2017-11-17,0.1599999964237213,0.1599999964237213,0.1550000011920929,0.1599999964237213,0.1599999964237213,61000
2017-11-20,0.1599999964237213,0.1599999964237213,0.15000000596046448,0.15000000596046448,0.15000000596046448,287625
2017-11-21,0.1550000011920929,0.1550000011920929,0.15000000596046448,0.15000000596046448,0.15000000596046448,147000
2017-11-22,0.1550000011920929,0.1550000011920929,0.15000000596046448,0.15000000596046448,0.15000000596046448,29650
2017-11-24,0.1599999964237213,0.1850000023841858,0.1599999964237213,0.18000000715255737,0.18000000715255737,238500
2017-11-27,0.18000000715255737,0.19499999284744263,0.17000000178813934,0.1850000023841858,0.1850000023841858,206780
2017-11-28,0.1899999976158142,0.19499999284744263,0.17499999701976776,0.1850000023841858,0.1850000023841858,310995
2017-11-29,0.1850000023841858,0.20999999344348907,0.1850000023841858,0.1899999976158142,0.1899999976158142,830600
2017-11-30,0.1899999976158142,0.20499999821186066,0.1850000023841858,0.20000000298023224,0.20000000298023224,196500
2017-12-01,0.19499999284744263,0.2150000035762787,0.19499999284744263,0.20499999821186066,0.20499999821186066,709800
2017-12-04,0.23999999463558197,0.2549999952316284,0.23499999940395355,0.23999999463558197,0.23999999463558197,3525770
2017-12-05,0.25,0.2549999952316284,0.23999999463558197,0.25,0.25,1329180
2017-12-06,0.25,0.25,0.23999999463558197,0.23999999463558197,0.23999999463558197,274400
2017-12-07,0.23999999463558197,0.25,0.23499999940395355,0.24500000476837158,0.24500000476837158,659800
2017-12-08,0.25,0.25999999046325684,0.24500000476837158,0.25999999046325684,0.25999999046325684,784220
2017-12-11,0.25999999046325684,0.27000001072883606,0.25999999046325684,0.25999999046325684,0.25999999046325684,598500
2017-12-12,0.27000001072883606,0.27000001072883606,0.24500000476837158,0.24500000476837158,0.24500000476837158,393420
2017-12-13,0.25,0.25999999046325684,0.25,0.2549999952316284,0.2549999952316284,205800
2017-12-14,0.25,0.25999999046325684,0.24500000476837158,0.25,0.25,146088
2017-12-15,0.25,0.2549999952316284,0.24500000476837158,0.25,0.25,316000
2017-12-18,0.24500000476837158,0.2549999952316284,0.23999999463558197,0.2549999952316284,0.2549999952316284,145543
2017-12-19,0.24500000476837158,0.25,0.23999999463558197,0.24500000476837158,0.24500000476837158,75500
2017-12-20,0.23999999463558197,0.24500000476837158,0.23499999940395355,0.23499999940395355,0.23499999940395355,339650
2017-12-21,0.23499999940395355,0.23999999463558197,0.23499999940395355,0.23499999940395355,0.23499999940395355,234827
2017-12-22,0.23499999940395355,0.23999999463558197,0.23499999940395355,0.23999999463558197,0.23999999463558197,204510
2017-12-26,0.23999999463558197,0.23999999463558197,0.23999999463558197,0.23999999463558197,0.23999999463558197,0
2017-12-27,0.23499999940395355,0.23999999463558197,0.23499999940395355,0.23499999940395355,0.23499999940395355,170200
2017-12-28,0.23499999940395355,0.23499999940395355,0.23499999940395355,0.23499999940395355,0.23499999940395355,17200
2017-12-29,0.23499999940395355,0.24500000476837158,0.23499999940395355,0.23499999940395355,0.23499999940395355,50400
2018-01-02,115.30000305175781,115.4000015258789,114.4000015258789,115.19999694824219,115.19999694824219,988
2018-01-03,116.0,117.19999694824219,116.0,117.19999694824219,117.19999694824219,645
2018-01-04,117.9000015258789,119.5999984741211,117.9000015258789,119.5999984741211,119.5999984741211,1309
2018-01-05,119.80000305175781,121.0,119.5,120.0999984741211,120.0999984741211,740
2018-01-08,120.4000015258789,121.0999984741211,120.4000015258789,121.0999984741211,121.0999984741211,372
2018-01-09,121.69999694824219,122.30000305175781,121.5999984741211,121.9000015258789,121.9000015258789,417
2018-01-10,121.69999694824219,121.69999694824219,120.4000015258789,120.80000305175781,120.80000305175781,1290
2018-01-11,121.5999984741211,121.5999984741211,120.5,120.5,120.5,523
2018-01-12,121.4000015258789,122.0999984741211,121.19999694824219,122.0999984741211,122.0999984741211,261
2018-01-16,122.30000305175781,124.0,122.30000305175781,122.9000015258789,122.9000015258789,3106
2018-01-17,122.80000305175781,123.0,122.0,122.0,122.0,723
2018-01-18,122.4000015258789,123.30000305175781,122.4000015258789,123.30000305175781,123.30000305175781,294
2018-01-19,123.19999694824219,124.30000305175781,123.19999694824219,123.5999984741211,123.5999984741211,436
2018-01-22,124.0999984741211,124.4000015258789,123.9000015258789,124.19999694824219,124.19999694824219,566
2018-01-23,125.19999694824219,125.4000015258789,124.80000305175781,125.30000305175781,125.30000305175781,639
2018-01-24,125.30000305175781,125.30000305175781,123.5999984741211,123.69999694824219,123.69999694824219,370
2018-01-25,122.5999984741211,123.4000015258789,121.0,122.0,122.0,469
2018-01-26,121.5999984741211,121.5999984741211,120.5,121.0,121.0,555
2018-01-29,122.19999694824219,122.19999694824219,121.0,121.36000061035156,121.36000061035156,1284
2018-01-30,120.76000213623047,121.58000183105469,120.54000091552734,121.58000183105469,121.58000183105469,953
2018-01-31,121.4800033569336,122.9000015258789,121.4800033569336,122.19999694824219,122.19999694824219,3042
2018-02-01,119.19999694824219,119.68000030517578,116.5199966430664,116.55999755859375,116.55999755859375,2868
2018-02-02,116.5999984741211,116.5999984741211,115.0,115.0999984741211,115.0999984741211,1255
2018-02-05,113.87999725341797,114.30000305175781,113.19999694824219,113.19999694824219,113.19999694824219,3988
2018-02-06,110.72000122070312,112.91999816894531,110.69999694824219,111.73999786376953,111.73999786376953,3606
2018-02-07,112.23999786376953,112.58000183105469,111.5,112.18000030517578,112.18000030517578,2285
2018-02-08,111.19999694824219,111.73999786376953,108.72000122070312,108.9000015258789,108.9000015258789,1755
2018-02-09,109.4800033569336,109.55999755859375,106.44000244140625,106.86000061035156,106.86000061035156,3715
2018-02-12,112.0,112.0,108.5999984741211,108.87999725341797,108.87999725341797,2602
2018-02-13,110.0,110.0,108.0,108.5,108.5,455
2018-02-14,108.94000244140625,109.73999786376953,107.19999694824219,108.77999877929688,108.77999877929688,2123
2018-02-15,110.23999786376953,111.27999877929688,110.19999694824219,110.19999694824219,110.19999694824219,1185
2018-02-16,110.54000091552734,111.31999969482422,110.30000305175781,111.31999969482422,111.31999969482422,1416
2018-02-20,111.12000274658203,112.5,110.83999633789062,112.5,112.5,543
2018-02-21,111.41999816894531,111.41999816894531,110.87999725341797,111.26000213623047,111.26000213623047,524
2018-02-22,109.54000091552734,110.4800033569336,109.54000091552734,110.4800033569336,110.4800033569336,236
2018-02-23,111.04000091552734,111.04000091552734,110.45999908447266,110.68000030517578,110.68000030517578,701
2018-02-26,111.18000030517578,111.4000015258789,110.76000213623047,110.77999877929688,110.77999877929688,1676
2018-02-27,109.9000015258789,109.9800033569336,109.4000015258789,109.9800033569336,109.9800033569336,802
2018-02-28,109.19999694824219,109.30000305175781,108.27999877929688,108.31999969482422,108.31999969482422,1046
