Date,6758.T_Close
2014-06-30,1682.0
2014-07-01,1705.0
2014-07-02,1721.0
2014-07-03,1696.0
2014-07-04,1720.0
2014-07-07,1730.0
2014-07-08,1718.0
2014-07-09,1697.0
2014-07-10,1688.0
2014-07-11,1674.0
2014-07-14,1681.0
2014-07-15,1675.0
2014-07-16,1680.0
2014-07-17,1688.0
2014-07-18,1680.0
2014-07-22,1681.5
2014-07-23,1699.5
2014-07-24,1742.5
2014-07-25,1791.5
2014-07-28,1798.5
2014-07-29,1784.0
2014-07-30,1791.0
2014-07-31,1772.0
2014-08-01,1855.0
2014-08-04,1866.0
2014-08-05,1849.0
2014-08-06,1812.0
2014-08-07,1786.5
2014-08-08,1745.5
2014-08-11,1763.5
2014-08-12,1774.5
2014-08-13,1815.5
2014-08-14,1835.0
2014-08-15,1874.0
2014-08-18,1877.0
2014-08-19,1913.5
2014-08-20,1937.0
2014-08-21,1952.0
2014-08-22,1954.5
2014-08-25,1972.0
2014-08-26,1956.0
2014-08-27,1956.5
2014-08-28,1966.0
2014-08-29,1990.0
2014-09-01,2015.5
2014-09-02,2019.0
2014-09-03,2073.0
2014-09-04,2056.0
2014-09-05,2016.0
2014-09-08,2017.5
2014-09-09,2042.0
2014-09-10,2048.5
2014-09-11,2104.5
2014-09-12,2127.0
2014-09-16,2163.0
2014-09-17,2123.5
2014-09-18,1940.0
2014-09-19,1921.0
2014-09-22,1896.5
2014-09-24,1874.0
2014-09-25,1901.0
2014-09-26,1899.0
2014-09-29,1959.0
2014-09-30,1991.0
2014-10-01,1968.5
2014-10-02,1904.5
2014-10-03,1895.0
2014-10-06,1937.0
2014-10-07,1913.0
2014-10-08,1915.0
2014-10-09,1882.5
2014-10-10,1882.0
2014-10-14,1822.0
2014-10-15,1849.5
2014-10-16,1789.5
2014-10-17,1805.0
2014-10-20,1875.0
2014-10-21,1847.0
2014-10-22,1909.0
2014-10-23,1901.5
2014-10-24,1886.5
2014-10-27,1883.5
2014-10-28,1898.5
2014-10-29,2001.5
2014-10-30,2055.0
2014-10-31,2072.0
2014-11-04,2301.0
2014-11-05,2309.5
2014-11-06,2231.0
2014-11-07,2258.0
2014-11-10,2344.0
2014-11-11,2354.0
2014-11-12,2365.5
2014-11-13,2350.0
2014-11-14,2401.5
2014-11-17,2329.0
2014-11-18,2478.5
2014-11-19,2441.5
2014-11-20,2410.5
2014-11-21,2433.5
2014-11-25,2582.5
2014-11-26,2548.5
2014-11-27,2500.0
2014-11-28,2600.0
2014-12-01,2640.0
2014-12-02,2623.5
2014-12-03,2596.0
2014-12-04,2643.0
2014-12-05,2677.0
2014-12-08,2590.0
2014-12-09,2486.0
2014-12-10,2504.0
2014-12-11,2464.0
2014-12-12,2440.5
2014-12-15,2353.0
2014-12-16,2331.0
2014-12-17,2365.0
2014-12-18,2478.5
2014-12-19,2446.5
2014-12-22,2470.0
2014-12-24,2568.5
2014-12-25,2557.0
2014-12-26,2550.5
2014-12-29,2561.0
2014-12-30,2472.5
2015-01-05,2468.5
2015-01-06,2439.5
2015-01-07,2552.5
2015-01-08,2565.0
2015-01-09,2599.0
2015-01-13,2520.0
2015-01-14,2433.5
2015-01-15,2500.0
2015-01-16,2384.0
2015-01-19,2443.5
2015-01-20,2462.5
2015-01-21,2597.5
2015-01-22,2610.5
2015-01-23,2737.0
2015-01-26,2754.5
2015-01-27,2749.0
2015-01-28,2824.0
2015-01-29,2775.0
2015-01-30,2774.0
2015-02-02,2698.5
2015-02-03,2697.5
2015-02-04,2769.0
2015-02-05,3101.5
2015-02-06,3138.5
2015-02-09,3064.0
2015-02-10,3073.5
2015-02-12,3231.5
2015-02-13,3220.5
2015-02-16,3144.0
2015-02-17,3125.0
2015-02-18,3174.5
2015-02-19,3227.0
2015-02-20,3201.0
2015-02-23,3205.5
2015-02-24,3276.0
2015-02-25,3280.0
2015-02-26,3346.5
2015-02-27,3414.5
2015-03-02,3345.5
2015-03-03,3345.0
2015-03-04,3325.0
2015-03-05,3344.0
2015-03-06,3337.0
2015-03-09,3283.5
2015-03-10,3245.0
2015-03-11,3256.5
2015-03-12,3262.5
2015-03-13,3223.0
2015-03-16,3102.0
2015-03-17,3235.0
2015-03-18,3410.0
2015-03-19,3381.0
2015-03-20,3359.5
2015-03-23,3345.0
2015-03-24,3306.5
2015-03-25,3273.0
2015-03-26,3165.0
2015-03-27,3196.5
2015-03-30,3210.5
2015-03-31,3190.0
2015-04-01,3235.0
2015-04-02,3336.0
2015-04-03,3450.0
2015-04-06,3482.5
2015-04-07,3490.0
2015-04-08,3525.0
2015-04-09,3619.5
2015-04-10,3677.5
2015-04-13,3670.0
2015-04-14,3750.0
2015-04-15,3779.5
2015-04-16,3692.0
2015-04-17,3555.5
2015-04-20,3616.0
2015-04-21,3680.5
2015-04-22,3675.5
2015-04-23,3616.0
2015-04-24,3739.0
2015-04-27,3729.0
2015-04-28,3691.0
2015-04-30,3644.5
2015-05-01,3628.5
2015-05-07,3609.5
2015-05-08,3623.0
2015-05-11,3727.0
2015-05-12,3833.0
2015-05-13,3881.0
2015-05-14,3816.0
2015-05-15,3892.0
2015-05-18,3900.0
2015-05-19,3957.0
2015-05-20,3906.5
2015-05-21,3853.5
2015-05-22,3842.0
2015-05-25,3929.5
2015-05-26,3908.0
2015-05-27,3828.5
2015-05-28,3837.0
2015-05-29,3862.0
2015-06-01,3822.5
2015-06-02,3806.5
2015-06-03,3754.5
2015-06-04,3773.0
2015-06-05,3733.5
2015-06-08,3694.0
2015-06-09,3607.0
2015-06-10,3653.0
2015-06-11,3759.5
2015-06-12,3786.5
2015-06-15,3815.5
2015-06-16,3761.0
2015-06-17,3698.5
2015-06-18,3679.0
2015-06-19,3657.0
2015-06-22,3732.0
2015-06-23,3827.0
2015-06-24,3820.0
2015-06-25,3880.0
2015-06-26,3878.5
2015-06-29,3773.0
2015-06-30,3461.5
2015-07-01,3472.0
2015-07-02,3514.5
2015-07-03,3503.5
2015-07-06,3422.5
2015-07-07,3451.5
2015-07-08,3322.0
2015-07-09,3398.5
2015-07-10,3420.0
2015-07-13,3526.5
2015-07-14,3485.0
2015-07-15,3452.5
2015-07-16,3475.0
2015-07-17,3515.0
2015-07-21,3579.0
2015-07-22,3530.5
2015-07-23,3660.5
2015-07-24,3694.5
2015-07-27,3632.0
2015-07-28,3600.0
2015-07-29,3660.0
2015-07-30,3585.0
2015-07-31,3533.0
2015-08-03,3466.0
2015-08-04,3418.0
2015-08-05,3355.0
2015-08-06,3338.0
2015-08-07,3348.0
2015-08-10,3358.0
2015-08-11,3454.5
2015-08-12,3343.0
2015-08-13,3366.5
2015-08-14,3366.5
2015-08-17,3323.0
2015-08-18,3366.0
2015-08-19,3331.5
2015-08-20,3230.0
2015-08-21,3090.0
2015-08-24,2843.5
2015-08-25,2834.5
2015-08-26,2963.0
2015-08-27,3051.5
2015-08-28,3169.5
2015-08-31,3162.0
2015-09-01,3051.0
2015-09-02,3020.0
2015-09-03,3026.5
2015-09-04,2966.0
2015-09-07,2961.0
2015-09-08,2867.5
2015-09-09,3113.5
2015-09-10,3133.0
2015-09-11,3179.5
2015-09-14,3116.5
2015-09-15,3060.0
2015-09-16,3096.0
2015-09-17,3224.5
2015-09-18,3115.0
2015-09-24,3030.0
2015-09-25,3106.0
2015-09-28,2995.5
2015-09-29,2753.5
2015-09-30,2898.5
2015-10-01,2996.0
2015-10-02,3094.0
2015-10-05,3142.0
2015-10-06,3156.0
2015-10-07,3205.0
2015-10-08,3153.0
2015-10-09,3211.0
2015-10-13,3204.0
2015-10-14,3129.0
2015-10-15,3181.0
2015-10-16,3250.0
2015-10-19,3266.0
2015-10-20,3270.0
2015-10-21,3414.0
2015-10-22,3400.0
2015-10-23,3420.0
2015-10-26,3507.0
2015-10-27,3424.0
2015-10-28,3435.0
2015-10-29,3466.0
2015-10-30,3480.0
2015-11-02,3433.0
2015-11-04,3437.0
2015-11-05,3440.0
2015-11-06,3404.0
2015-11-09,3478.0
2015-11-10,3463.0
2015-11-11,3497.0
2015-11-12,3478.0
2015-11-13,3387.0
2015-11-16,3319.0
2015-11-17,3280.0
2015-11-18,3286.0
2015-11-19,3297.0
2015-11-20,3285.0
2015-11-24,3307.0
2015-11-25,3245.0
2015-11-26,3240.0
2015-11-27,3264.0
2015-11-30,3177.0
2015-12-01,3227.0
2015-12-02,3168.0
2015-12-03,3167.0
2015-12-04,3091.0
2015-12-07,3129.0
2015-12-08,3078.0
2015-12-09,3027.0
2015-12-10,3005.0
2015-12-11,3041.0
2015-12-14,3016.0
2015-12-15,2950.5
2015-12-16,3007.0
2015-12-17,3078.0
2015-12-18,2998.5
2015-12-21,2943.0
2015-12-22,2913.0
2015-12-24,2950.0
2015-12-25,2950.0
2015-12-28,2983.0
2015-12-29,2978.0
2015-12-30,3002.0
2016-01-04,2957.0
2016-01-05,2962.5
2016-01-06,2897.5
2016-01-07,2796.5
2016-01-08,2824.5
2016-01-12,2675.0
2016-01-13,2750.0
2016-01-14,2622.0
2016-01-15,2582.5
2016-01-18,2622.5
2016-01-19,2666.5
2016-01-20,2454.0
2016-01-21,2430.5
2016-01-22,2528.5
2016-01-25,2538.0
2016-01-26,2430.0
2016-01-27,2512.0
2016-01-28,2378.0
2016-01-29,2523.0
2016-02-01,2836.0
2016-02-02,2692.5
2016-02-03,2623.5
2016-02-04,2620.5
2016-02-05,2615.0
2016-02-08,2569.0
2016-02-09,2388.5
2016-02-10,2341.0
2016-02-12,2257.0
2016-02-15,2447.0
2016-02-16,2483.5
2016-02-17,2481.0
2016-02-18,2569.0
2016-02-19,2503.5
2016-02-22,2488.0
2016-02-23,2435.5
2016-02-24,2398.5
2016-02-25,2383.0
2016-02-26,2387.0
2016-02-29,2387.0
2016-03-01,2367.5
2016-03-02,2491.5
2016-03-03,2520.0
2016-03-04,2592.5
2016-03-07,2614.5
2016-03-08,2569.5
2016-03-09,2632.0
2016-03-10,2743.5
2016-03-11,2752.5
2016-03-14,2798.5
2016-03-15,2794.0
2016-03-16,2883.0
2016-03-17,2923.0
2016-03-18,2936.0
2016-03-22,2937.0
2016-03-23,2910.0
2016-03-24,2863.0
2016-03-25,2896.0
2016-03-28,2924.0
2016-03-29,2943.5
2016-03-30,2873.0
2016-03-31,2893.0
2016-04-01,2762.5
2016-04-04,2860.5
2016-04-05,2882.5
2016-04-06,2850.0
2016-04-07,2820.0
2016-04-08,2858.5
2016-04-11,2965.0
2016-04-12,3032.0
2016-04-13,3020.0
2016-04-14,3032.0
2016-04-15,2935.0
2016-04-18,2736.0
2016-04-19,2913.5
2016-04-20,3027.0
2016-04-21,3070.0
2016-04-22,3017.0
2016-04-25,2835.5
2016-04-26,2850.0
2016-04-27,2837.0
2016-04-28,2778.0
2016-05-02,2666.5
2016-05-06,2563.5
2016-05-09,2603.5
2016-05-10,2681.5
2016-05-11,2730.0
2016-05-12,2850.0
2016-05-13,2897.0
2016-05-16,2860.0
2016-05-17,2863.5
2016-05-18,2944.0
2016-05-19,2882.5
2016-05-20,2917.0
2016-05-23,2903.5
2016-05-24,2885.5
2016-05-25,3072.0
2016-05-26,3072.0
2016-05-27,3078.0
2016-05-30,3082.0
2016-05-31,3100.0
2016-06-01,3073.0
2016-06-02,3023.0
2016-06-03,3072.0
2016-06-06,3085.0
2016-06-07,3102.0
2016-06-08,3117.0
2016-06-09,3074.0
2016-06-10,3051.0
2016-06-13,2930.0
2016-06-14,2941.0
2016-06-15,2975.0
2016-06-16,2879.5
2016-06-17,2899.0
2016-06-20,2987.5
2016-06-21,3060.0
2016-06-22,3004.0
2016-06-23,3017.0
2016-06-24,2775.5
2016-06-27,2782.0
2016-06-28,2825.5
2016-06-29,2962.0
2016-06-30,2988.0
2016-07-01,3007.0
2016-07-04,3038.0
2016-07-05,3036.0
2016-07-06,3029.0
2016-07-07,3034.0
2016-07-08,3013.0
2016-07-11,3013.0
2016-07-12,3141.0
2016-07-13,3074.0
2016-07-14,3162.0
2016-07-15,3179.0
2016-07-19,3236.0
2016-07-20,3232.0
2016-07-21,3213.0
2016-07-22,3196.0
2016-07-25,3160.0
2016-07-26,3160.0
2016-07-27,3226.0
2016-07-28,3192.0
2016-07-29,3282.0
2016-08-01,3339.0
2016-08-02,3323.0
2016-08-03,3268.0
2016-08-04,3279.0
2016-08-05,3293.0
2016-08-08,3297.0
2016-08-09,3374.0
2016-08-10,3373.0
2016-08-12,3349.0
2016-08-15,3300.0
2016-08-16,3295.0
2016-08-17,3253.0
2016-08-18,3270.0
2016-08-19,3273.0
2016-08-22,3319.0
2016-08-23,3302.0
2016-08-24,3373.0
2016-08-25,3371.0
2016-08-26,3331.0
2016-08-29,3347.0
2016-08-30,3326.0
2016-08-31,3325.0
2016-09-01,3300.0
2016-09-02,3350.0
2016-09-05,3401.0
2016-09-06,3435.0
2016-09-07,3437.0
2016-09-08,3411.0
2016-09-09,3389.0
2016-09-12,3287.0
2016-09-13,3337.0
2016-09-14,3319.0
2016-09-15,3279.0
2016-09-16,3270.0
2016-09-20,3320.0
2016-09-21,3373.0
2016-09-23,3400.0
2016-09-26,3381.0
2016-09-27,3378.0
2016-09-28,3368.0
2016-09-29,3383.0
2016-09-30,3293.0
2016-10-03,3335.0
2016-10-04,3371.0
2016-10-05,3392.0
2016-10-06,3385.0
2016-10-07,3350.0
2016-10-11,3414.0
2016-10-12,3384.0
2016-10-13,3428.0
2016-10-14,3439.0
2016-10-17,3426.0
2016-10-18,3472.0
2016-10-19,3402.0
2016-10-20,3403.0
2016-10-21,3321.0
2016-10-24,3318.0
2016-10-25,3330.0
2016-10-26,3325.0
2016-10-27,3302.0
2016-10-28,3300.0
2016-10-31,3361.0
2016-11-01,3337.0
2016-11-02,3265.0
2016-11-04,3175.0
2016-11-07,3149.0
2016-11-08,3185.0
2016-11-09,3023.0
2016-11-10,3207.0
2016-11-11,3199.0
2016-11-14,3261.0
2016-11-15,3203.0
2016-11-16,3206.0
2016-11-17,3226.0
2016-11-18,3235.0
2016-11-21,3300.0
2016-11-22,3355.0
2016-11-24,3334.0
2016-11-25,3328.0
2016-11-28,3323.0
2016-11-29,3311.0
2016-11-30,3288.0
2016-12-01,3249.0
2016-12-02,3168.0
2016-12-05,3160.0
2016-12-06,3190.0
2016-12-07,3199.0
2016-12-08,3261.0
2016-12-09,3368.0
2016-12-12,3366.0
2016-12-13,3378.0
2016-12-14,3372.0
2016-12-15,3373.0
2016-12-16,3347.0
2016-12-19,3381.0
2016-12-20,3362.0
2016-12-21,3336.0
2016-12-22,3342.0
2016-12-26,3333.0
2016-12-27,3324.0
2016-12-28,3338.0
2016-12-29,3299.0
2016-12-30,3275.0
2017-01-04,3333.0
2017-01-05,3296.0
2017-01-06,3316.0
2017-01-10,3394.0
2017-01-11,3510.0
2017-01-12,3532.0
2017-01-13,3549.0
2017-01-16,3514.0
2017-01-17,3504.0
2017-01-18,3484.0
2017-01-19,3498.0
2017-01-20,3472.0
2017-01-23,3432.0
2017-01-24,3418.0
2017-01-25,3445.0
2017-01-26,3520.0
2017-01-27,3505.0
2017-01-30,3502.0
2017-01-31,3423.0
2017-02-01,3410.0
2017-02-02,3369.0
2017-02-03,3537.0
2017-02-06,3589.0
2017-02-07,3599.0
2017-02-08,3573.0
2017-02-09,3561.0
2017-02-10,3590.0
2017-02-13,3587.0
2017-02-14,3572.0
2017-02-15,3595.0
2017-02-16,3560.0
2017-02-17,3547.0
2017-02-20,3508.0
2017-02-21,3521.0
2017-02-22,3535.0
2017-02-23,3515.0
2017-02-24,3486.0
2017-02-27,3454.0
2017-02-28,3478.0
2017-03-01,3529.0
2017-03-02,3583.0
2017-03-03,3602.0
2017-03-06,3560.0
2017-03-07,3522.0
2017-03-08,3513.0
2017-03-09,3532.0
2017-03-10,3661.0
2017-03-13,3659.0
2017-03-14,3635.0
2017-03-15,3604.0
2017-03-16,3619.0
2017-03-17,3639.0
2017-03-21,3627.0
2017-03-22,3553.0
2017-03-23,3540.0
2017-03-24,3603.0
2017-03-27,3577.0
2017-03-28,3605.0
2017-03-29,3704.0
2017-03-30,3734.0
2017-03-31,3766.0
2017-04-03,3664.0
2017-04-04,3674.0
2017-04-05,3655.0
2017-04-06,3555.0
2017-04-07,3547.0
2017-04-10,3553.0
2017-04-11,3532.0
2017-04-12,3458.0
2017-04-13,3446.0
2017-04-14,3422.0
2017-04-17,3453.0
2017-04-18,3456.0
2017-04-19,3506.0
2017-04-20,3571.0
2017-04-21,3592.0
2017-04-24,3730.0
2017-04-25,3715.0
2017-04-26,3742.0
2017-04-27,3762.0
2017-04-28,3759.0
2017-05-01,3873.0
2017-05-02,3853.0
2017-05-08,3989.0
2017-05-09,4024.0
2017-05-10,4081.0
2017-05-11,4073.0
2017-05-12,4046.0
2017-05-15,4005.0
2017-05-16,4023.0
2017-05-17,4033.0
2017-05-18,3942.0
2017-05-19,3937.0
2017-05-22,3943.0
2017-05-23,3957.0
2017-05-24,3998.0
2017-05-25,4001.0
2017-05-26,4009.0
2017-05-29,4038.0
2017-05-30,4031.0
2017-05-31,4034.0
2017-06-01,4029.0
2017-06-02,4159.0
2017-06-05,4174.0
2017-06-06,4167.0
2017-06-07,4126.0
2017-06-08,4116.0
2017-06-09,4116.0
2017-06-12,4066.0
2017-06-13,4037.0
2017-06-14,4060.0
2017-06-15,4138.0
2017-06-16,4137.0
2017-06-19,4290.0
2017-06-20,4278.0
2017-06-21,4228.0
2017-06-22,4276.0
2017-06-23,4275.0
2017-06-26,4298.0
2017-06-27,4349.0
2017-06-28,4328.0
2017-06-29,4365.0
2017-06-30,4286.0
2017-07-03,4310.0
2017-07-04,4237.0
2017-07-05,4270.0
2017-07-06,4259.0
2017-07-07,4245.0
2017-07-10,4318.0
2017-07-11,4439.0
2017-07-12,4477.0
2017-07-13,4478.0
2017-07-14,4499.0
2017-07-17,4499.0
2017-07-18,4505.0
2017-07-19,4497.0
2017-07-20,4534.0
2017-07-21,4539.0
2017-07-24,4485.0
2017-07-25,4467.0
2017-07-26,4524.0
2017-07-27,4594.0
2017-07-28,4533.0
2017-07-31,4540.0
2017-08-01,4459.0
2017-08-02,4417.0
2017-08-03,4419.0
2017-08-04,4434.0
2017-08-07,4410.0
2017-08-08,4472.0
2017-08-09,4402.0
2017-08-10,4338.0
2017-08-11,4338.0
2017-08-14,4257.0
2017-08-15,4299.0
2017-08-16,4325.0
2017-08-17,4328.0
2017-08-18,4226.0
2017-08-21,4183.0
2017-08-22,4191.0
2017-08-23,4237.0
2017-08-24,4168.0
2017-08-25,4199.0
2017-08-28,4191.0
2017-08-29,4200.0
2017-08-30,4321.0
2017-08-31,4337.0
2017-09-01,4376.0
2017-09-04,4373.0
2017-09-05,4310.0
2017-09-06,4283.0
2017-09-07,4258.0
2017-09-08,4298.0
2017-09-11,4470.0
2017-09-12,4418.0
2017-09-13,4381.0
2017-09-14,4230.0
2017-09-15,4241.0
2017-09-18,4241.0
2017-09-19,4294.0
2017-09-20,4243.0
2017-09-21,4193.0
2017-09-22,4174.0
2017-09-25,4184.0
2017-09-26,4099.0
2017-09-27,4074.0
2017-09-28,4120.0
2017-09-29,4186.0
2017-10-02,4184.0
2017-10-03,4219.0
2017-10-04,4217.0
2017-10-05,4139.0
2017-10-06,4151.0
2017-10-09,4151.0
2017-10-10,4124.0
2017-10-11,4100.0
2017-10-12,4062.0
2017-10-13,4113.0
2017-10-16,4160.0
2017-10-17,4154.0
2017-10-18,4226.0
2017-10-19,4225.0
2017-10-20,4237.0
2017-10-23,4277.0
2017-10-24,4279.0
2017-10-25,4240.0
2017-10-26,4270.0
2017-10-27,4279.0
2017-10-30,4310.0
2017-10-31,4413.0
2017-11-01,4918.0
2017-11-02,5054.0
2017-11-03,5054.0
2017-11-06,5222.0
2017-11-07,5261.0
2017-11-08,5410.0
2017-11-09,5226.0
2017-11-10,5252.0
2017-11-13,5197.0
2017-11-14,5224.0
2017-11-15,5095.0
2017-11-16,5177.0
2017-11-17,5215.0
2017-11-20,5248.0
2017-11-21,5217.0
2017-11-22,5287.0
2017-11-23,5287.0
2017-11-24,5323.0
2017-11-27,5363.0
2017-11-28,5332.0
2017-11-29,5322.0
2017-11-30,5201.0
2017-12-01,5151.0
2017-12-04,5225.0
2017-12-05,5186.0
2017-12-06,5027.0
2017-12-07,5119.0
2017-12-08,5159.0
2017-12-11,5065.0
2017-12-12,5044.0
2017-12-13,5033.0
2017-12-14,5016.0
2017-12-15,5006.0
2017-12-18,5161.0
2017-12-19,5116.0
2017-12-20,5125.0
2017-12-21,5156.0
2017-12-22,5192.0
2017-12-25,5191.0
2017-12-26,5146.0
2017-12-27,5120.0
2017-12-28,5092.0
2017-12-29,5083.0
2018-01-01,5083.0
2018-01-02,5083.0
2018-01-03,5083.0
2018-01-04,5279.0
2018-01-05,5464.0
2018-01-08,5464.0
2018-01-09,5612.0
2018-01-10,5591.0
2018-01-11,5584.0
2018-01-12,5525.0
2018-01-15,5463.0
2018-01-16,5474.0
2018-01-17,5459.0
2018-01-18,5449.0
2018-01-19,5512.0
2018-01-22,5572.0
2018-01-23,5732.0
2018-01-24,5442.0
2018-01-25,5249.0
2018-01-26,5285.0
2018-01-29,5285.0
2018-01-30,5183.0
2018-01-31,5209.0
2018-02-01,5385.0
2018-02-02,5485.0
2018-02-05,5568.0
2018-02-06,5336.0
2018-02-07,5417.0
2018-02-08,5320.0
2018-02-09,5174.0
2018-02-12,5174.0
2018-02-13,5099.0
2018-02-14,5078.0
2018-02-15,5173.0
2018-02-16,5264.0
2018-02-19,5305.0
2018-02-20,5296.0
2018-02-21,5378.0
2018-02-22,5349.0
2018-02-23,5354.0
2018-02-26,5382.0
2018-02-27,5439.0
2018-02-28,5442.0
2018-03-01,5302.0
2018-03-02,5237.0
2018-03-05,5230.0
2018-03-06,5282.0
2018-03-07,5316.0
2018-03-08,5377.0
2018-03-09,5393.0
2018-03-12,5299.0
2018-03-13,5356.0
2018-03-14,5400.0
2018-03-15,5446.0
2018-03-16,5371.0
2018-03-19,5144.0
2018-03-20,5138.0
2018-03-21,5138.0
2018-03-22,5239.0
2018-03-23,5096.0
2018-03-26,5079.0
2018-03-27,5232.0
2018-03-28,5174.0
2018-03-29,5110.0
2018-03-30,5146.0
2018-04-02,5173.0
2018-04-03,5150.0
2018-04-04,5137.0
2018-04-05,5213.0
2018-04-06,5205.0
2018-04-09,5220.0
2018-04-10,5328.0
2018-04-11,5272.0
2018-04-12,5200.0
2018-04-13,5245.0
2018-04-16,5288.0
2018-04-17,5312.0
2018-04-18,5395.0
2018-04-19,5371.0
2018-04-20,5385.0
2018-04-23,5350.0
2018-04-24,5438.0
2018-04-25,5410.0
2018-04-26,5443.0
2018-04-27,5400.0
2018-04-30,5400.0
2018-05-01,5073.0
2018-05-02,5083.0
2018-05-03,5083.0
2018-05-04,5083.0
2018-05-07,5198.0
2018-05-08,5182.0
2018-05-09,5138.0
2018-05-10,5109.0
2018-05-11,5177.0
2018-05-14,5289.0
2018-05-15,5271.0
2018-05-16,5277.0
2018-05-17,5390.0
2018-05-18,5416.0
2018-05-21,5388.0
2018-05-22,5282.0
2018-05-23,5150.0
2018-05-24,5100.0
2018-05-25,5081.0
2018-05-28,5183.0
2018-05-29,5160.0
2018-05-30,5119.0
2018-05-31,5160.0
2018-06-01,5162.0
2018-06-04,5319.0
2018-06-05,5389.0
2018-06-06,5539.0
2018-06-07,5521.0
2018-06-08,5450.0
2018-06-11,5509.0
2018-06-12,5478.0
2018-06-13,5501.0
2018-06-14,5387.0
2018-06-15,5445.0
2018-06-18,5359.0
2018-06-19,5306.0
2018-06-20,5404.0
2018-06-21,5487.0
2018-06-22,5496.0
2018-06-25,5491.0
2018-06-26,5487.0
2018-06-27,5595.0
2018-06-28,5726.0
2018-06-29,5664.0
2018-07-02,5595.0
2018-07-03,5624.0
2018-07-04,5532.0
2018-07-05,5344.0
2018-07-06,5450.0
2018-07-09,5692.0
2018-07-10,5705.0
2018-07-11,5742.0
2018-07-12,5794.0
2018-07-13,5978.0
2018-07-16,5978.0
2018-07-17,6006.0
2018-07-18,5975.0
2018-07-19,5939.0
2018-07-20,5933.0
2018-07-23,5888.0
2018-07-24,5837.0
2018-07-25,5915.0
2018-07-26,5945.0
2018-07-27,5966.0
2018-07-30,5865.0
2018-07-31,5828.0
2018-08-01,6105.0
2018-08-02,6117.0
2018-08-03,6111.0
2018-08-06,6074.0
2018-08-07,6163.0
2018-08-08,6095.0
2018-08-09,6153.0
2018-08-10,6051.0
2018-08-13,5917.0
2018-08-14,6024.0
2018-08-15,6000.0
2018-08-16,5947.0
2018-08-17,6040.0
2018-08-20,6000.0
2018-08-21,5972.0
2018-08-22,5991.0
2018-08-23,5984.0
2018-08-24,6055.0
2018-08-27,6170.0
2018-08-28,6173.0
2018-08-29,6292.0
2018-08-30,6344.0
2018-08-31,6348.0
2018-09-03,6276.0
2018-09-04,6278.0
2018-09-05,6234.0
2018-09-06,6288.0
2018-09-07,6230.0
2018-09-10,6245.0
2018-09-11,6335.0
2018-09-12,6352.0
2018-09-13,6394.0
2018-09-14,6630.0
2018-09-17,6630.0
2018-09-18,6652.0
2018-09-19,6682.0
2018-09-20,6574.0
2018-09-21,6444.0
2018-09-24,6444.0
2018-09-25,6658.0
2018-09-26,6768.0
2018-09-27,6665.0
2018-09-28,6966.0
2018-10-01,6879.0
2018-10-02,6836.0
2018-10-03,6621.0
2018-10-04,6613.0
2018-10-05,6596.0
2018-10-08,6596.0
2018-10-09,6577.0
2018-10-10,6569.0
2018-10-11,6288.0
2018-10-12,6258.0
2018-10-15,6218.0
2018-10-16,6356.0
2018-10-17,6498.0
2018-10-18,6418.0
2018-10-19,6341.0
2018-10-22,6309.0
2018-10-23,6184.0
2018-10-24,6208.0
2018-10-25,5869.0
2018-10-26,5834.0
2018-10-29,5802.0
2018-10-30,5862.0
2018-10-31,6140.0
2018-11-01,6287.0
2018-11-02,6190.0
2018-11-05,6008.0
2018-11-06,6090.0
2018-11-07,6105.0
2018-11-08,6259.0
2018-11-09,6248.0
2018-11-12,6056.0
2018-11-13,5893.0
2018-11-14,5853.0
2018-11-15,5809.0
2018-11-16,5690.0
2018-11-19,5891.0
2018-11-20,5709.0
2018-11-21,5686.0
2018-11-22,5690.0
2018-11-23,5690.0
2018-11-26,5699.0
2018-11-27,5802.0
2018-11-28,5904.0
2018-11-29,5890.0
2018-11-30,5937.0
2018-12-03,6122.0
2018-12-04,5954.0
2018-12-05,5935.0
2018-12-06,5776.0
2018-12-07,5886.0
2018-12-10,5694.0
2018-12-11,5735.0
2018-12-12,5941.0
2018-12-13,5954.0
2018-12-14,5855.0
2018-12-17,5839.0
2018-12-18,5582.0
2018-12-19,5550.0
2018-12-20,5423.0
2018-12-21,5294.0
2018-12-24,5294.0
2018-12-25,5000.0
2018-12-26,5103.0
2018-12-27,5384.0
2018-12-28,5326.0
2018-12-31,5326.0
2019-01-04,5182.0
2019-01-07,5370.0
2019-01-08,5376.0
2019-01-09,5413.0
2019-01-10,5246.0
2019-01-11,5320.0
2019-01-15,5447.0
2019-01-16,5356.0
2019-01-17,5366.0
2019-01-18,5429.0
2019-01-21,5436.0
2019-01-22,5352.0
2019-01-23,5349.0
2019-01-24,5259.0
2019-01-25,5324.0
2019-01-28,5373.0
2019-01-29,5349.0
2019-01-30,5281.0
2019-01-31,5467.0
2019-02-01,5499.0
2019-02-04,5055.0
2019-02-05,5037.0
2019-02-06,4839.0
2019-02-07,4713.0
2019-02-08,4906.0
2019-02-12,4854.0
2019-02-13,4980.0
2019-02-14,5038.0
2019-02-15,5046.0
2019-02-18,5080.0
2019-02-19,5149.0
2019-02-20,5274.0
2019-02-21,5340.0
2019-02-22,5313.0
2019-02-25,5377.0
2019-02-26,5331.0
2019-02-27,5382.0
2019-02-28,5341.0
2019-03-01,5315.0
2019-03-04,5326.0
2019-03-05,5326.0
2019-03-06,5331.0
2019-03-07,5229.0
2019-03-08,5063.0
2019-03-11,5016.0
2019-03-12,5145.0
2019-03-13,5130.0
2019-03-14,5149.0
2019-03-15,5119.0
2019-03-18,5127.0
2019-03-19,5132.0
2019-03-20,4951.0
2019-03-22,4709.0
2019-03-25,4616.0
2019-03-26,4746.0
2019-03-27,4766.0
2019-03-28,4654.0
2019-03-29,4645.0
2019-04-01,4751.0
2019-04-02,4702.0
2019-04-03,4720.0
2019-04-04,4657.0
2019-04-05,4816.0
2019-04-08,4790.0
2019-04-09,5223.0
2019-04-10,5132.0
2019-04-11,5125.0
2019-04-12,5201.0
2019-04-15,5220.0
2019-04-16,5354.0
2019-04-17,5363.0
2019-04-18,5299.0
2019-04-19,5331.0
2019-04-22,5310.0
2019-04-23,5288.0
2019-04-24,5179.0
2019-04-25,5257.0
2019-04-26,5212.0
2019-05-07,5408.0
2019-05-08,5368.0
2019-05-09,5330.0
2019-05-10,5408.0
2019-05-13,5371.0
2019-05-14,5263.0
2019-05-15,5473.0
2019-05-16,5369.0
2019-05-17,5900.0
2019-05-20,5870.0
2019-05-21,5610.0
2019-05-22,5574.0
2019-05-23,5366.0
2019-05-24,5360.0
2019-05-27,5423.0
2019-05-28,5458.0
2019-05-29,5314.0
2019-05-30,5336.0
2019-05-31,5257.0
2019-06-03,5168.0
2019-06-04,5084.0
2019-06-05,5213.0
2019-06-06,5131.0
2019-06-07,5229.0
2019-06-10,5360.0
2019-06-11,5387.0
2019-06-12,5321.0
2019-06-13,5334.0
2019-06-14,5498.0
2019-06-17,5635.0
2019-06-18,5623.0
2019-06-19,5736.0
2019-06-20,5778.0
2019-06-21,5648.0
2019-06-24,5752.0
2019-06-25,5631.0
2019-06-26,5633.0
2019-06-27,5662.0
2019-06-28,5648.0
2019-07-01,5781.0
2019-07-02,5782.0
2019-07-03,5835.0
2019-07-04,5895.0
2019-07-05,5950.0
2019-07-08,5939.0
2019-07-09,5890.0
2019-07-10,5955.0
2019-07-11,5974.0
2019-07-12,6049.0
2019-07-16,5866.0
2019-07-17,5951.0
2019-07-18,5740.0
2019-07-19,5838.0
2019-07-22,5824.0
2019-07-23,5852.0
2019-07-24,5955.0
2019-07-25,5905.0
2019-07-26,5958.0
2019-07-29,5864.0
2019-07-30,5859.0
2019-07-31,6170.0
2019-08-01,6123.0
2019-08-02,5940.0
2019-08-05,5771.0
2019-08-06,5798.0
2019-08-07,5911.0
2019-08-08,5863.0
2019-08-09,5973.0
2019-08-13,5889.0
2019-08-14,5915.0
2019-08-15,5838.0
2019-08-16,5816.0
2019-08-19,5896.0
2019-08-20,5965.0
2019-08-21,5995.0
2019-08-22,5851.0
2019-08-23,5903.0
2019-08-26,5839.0
2019-08-27,5882.0
2019-08-28,5893.0
2019-08-29,5908.0
2019-08-30,6042.0
2019-09-02,6036.0
2019-09-03,6098.0
2019-09-04,6150.0
2019-09-05,6389.0
2019-09-06,6360.0
2019-09-09,6496.0
2019-09-10,6369.0
2019-09-11,6451.0
2019-09-12,6515.0
2019-09-13,6537.0
2019-09-17,6542.0
2019-09-18,6397.0
2019-09-19,6375.0
2019-09-20,6411.0
2019-09-24,6414.0
2019-09-25,6528.0
2019-09-26,6440.0
2019-09-27,6353.0
2019-09-30,6347.0
2019-10-01,6350.0
2019-10-02,6200.0
2019-10-03,6148.0
2019-10-04,6215.0
2019-10-07,6207.0
2019-10-08,6202.0
2019-10-09,6174.0
2019-10-10,6136.0
2019-10-11,6230.0
2019-10-15,6311.0
2019-10-16,6376.0
2019-10-17,6510.0
2019-10-18,6449.0
2019-10-21,6460.0
2019-10-23,6355.0
2019-10-24,6340.0
2019-10-25,6314.0
2019-10-28,6370.0
2019-10-29,6442.0
2019-10-30,6365.0
2019-10-31,6625.0
2019-11-01,6619.0
2019-11-05,6693.0
2019-11-06,6640.0
2019-11-07,6552.0
2019-11-08,6567.0
2019-11-11,6683.0
2019-11-12,6767.0
2019-11-13,6812.0
2019-11-14,6701.0
2019-11-15,6726.0
2019-11-18,6844.0
2019-11-19,6755.0
2019-11-20,6697.0
2019-11-21,6633.0
2019-11-22,6686.0
2019-11-25,6713.0
2019-11-26,6896.0
2019-11-27,6932.0
2019-11-28,6897.0
2019-11-29,6904.0
2019-12-02,6998.0
2019-12-03,7102.0
2019-12-04,7098.0
2019-12-05,7088.0
2019-12-06,7068.0
2019-12-09,7144.0
2019-12-10,7245.0
2019-12-11,7219.0
2019-12-12,7301.0
2019-12-13,7443.0
2019-12-16,7466.0
2019-12-17,7455.0
2019-12-18,7413.0
2019-12-19,7453.0
2019-12-20,7326.0
2019-12-23,7392.0
2019-12-24,7406.0
2019-12-25,7417.0
2019-12-26,7427.0
2019-12-27,7450.0
2019-12-30,7401.0
2020-01-06,7420.0
2020-01-07,7655.0
2020-01-08,7660.0
2020-01-09,7804.0
2020-01-10,7843.0
2020-01-14,8036.0
2020-01-15,7880.0
2020-01-16,7936.0
2020-01-17,7924.0
2020-01-20,7991.0
2020-01-21,7944.0
2020-01-22,7959.0
2020-01-23,7950.0
2020-01-24,7939.0
2020-01-27,7865.0
2020-01-28,7773.0
2020-01-29,7835.0
2020-01-30,7667.0
2020-01-31,7718.0
2020-02-03,7703.0
2020-02-04,7700.0
2020-02-05,7659.0
2020-02-06,7845.0
2020-02-07,7826.0
2020-02-10,7691.0
2020-02-12,7717.0
2020-02-13,7670.0
2020-02-14,7622.0
2020-02-17,7452.0
2020-02-18,7265.0
2020-02-19,7370.0
2020-02-20,7522.0
2020-02-21,7479.0
2020-02-25,7269.0
2020-02-26,7155.0
2020-02-27,6877.0
2020-02-28,6611.0
2020-03-02,6873.0
2020-03-03,6805.0
2020-03-04,6811.0
2020-03-05,6929.0
2020-03-06,6704.0
2020-03-09,6214.0
2020-03-10,6419.0
2020-03-11,6145.0
2020-03-12,5882.0
2020-03-13,5811.0
2020-03-16,5633.0
2020-03-17,5833.0
2020-03-18,5992.0
2020-03-19,5929.0
2020-03-23,5866.0
2020-03-24,6198.0
2020-03-25,6500.0
2020-03-26,6400.0
2020-03-27,6688.0
2020-03-30,6434.0
2020-03-31,6421.0
2020-04-01,6228.0
2020-04-02,6322.0
2020-04-03,6260.0
2020-04-06,6550.0
2020-04-07,6690.0
2020-04-08,6702.0
2020-04-09,6711.0
2020-04-10,6670.0
2020-04-13,6507.0
2020-04-14,6616.0
2020-04-15,6767.0
2020-04-16,6700.0
2020-04-17,6969.0
2020-04-20,6878.0
2020-04-21,6722.0
2020-04-22,6743.0
2020-04-23,6761.0
2020-04-24,6706.0
2020-04-27,6779.0
2020-04-28,6763.0
2020-04-30,6932.0
2020-05-01,6806.0
2020-05-07,6792.0
2020-05-08,6948.0
2020-05-11,7059.0
2020-05-12,7071.0
2020-05-13,7069.0
2020-05-14,6794.0
2020-05-15,6865.0
2020-05-18,6685.0
2020-05-19,6902.0
2020-05-20,6747.0
2020-05-21,6795.0
2020-05-22,6773.0
2020-05-25,6750.0
2020-05-26,6737.0
2020-05-27,6750.0
2020-05-28,6884.0
2020-05-29,6874.0
2020-06-01,6973.0
2020-06-02,7133.0
2020-06-03,7151.0
2020-06-04,7267.0
2020-06-05,7280.0
2020-06-08,7396.0
2020-06-09,7402.0
2020-06-10,7496.0
2020-06-11,7495.0
2020-06-12,7404.0
2020-06-15,7317.0
2020-06-16,7480.0
2020-06-17,7669.0
2020-06-18,7665.0
2020-06-19,7612.0
2020-06-22,7607.0
2020-06-23,7640.0
2020-06-24,7650.0
2020-06-25,7555.0
2020-06-26,7519.0
2020-06-29,7313.0
2020-06-30,7384.0
2020-07-01,7432.0
2020-07-02,7500.0
2020-07-03,7511.0
2020-07-06,7580.0
2020-07-07,7502.0
2020-07-08,7430.0
2020-07-09,7673.0
2020-07-10,7780.0
2020-07-13,8100.0
2020-07-14,7940.0
2020-07-15,8126.0
2020-07-16,8176.0
2020-07-17,8115.0
2020-07-20,8249.0
2020-07-21,8379.0
2020-07-22,8260.0
2020-07-27,8196.0
2020-07-28,8258.0
2020-07-29,8168.0
2020-07-30,8184.0
2020-07-31,8076.0
2020-08-03,8314.0
2020-08-04,8686.0
2020-08-05,8546.0
2020-08-06,8468.0
2020-08-07,8525.0
2020-08-11,8537.0
2020-08-12,8462.0
2020-08-13,8700.0
2020-08-14,8876.0
2020-08-17,8826.0
2020-08-18,8768.0
2020-08-19,8526.0
2020-08-20,8354.0
2020-08-21,8284.0
2020-08-24,8407.0
2020-08-25,8423.0
2020-08-26,8571.0
2020-08-27,8559.0
2020-08-28,8280.0
2020-08-31,8309.0
2020-09-01,8349.0
2020-09-02,8420.0
2020-09-03,8426.0
2020-09-04,8288.0
2020-09-07,8198.0
2020-09-08,8235.0
2020-09-09,8078.0
2020-09-10,8216.0
2020-09-11,8211.0
2020-09-14,8257.0
2020-09-15,8058.0
2020-09-16,8210.0
2020-09-17,8132.0
2020-09-18,8323.0
2020-09-23,8204.0
2020-09-24,8155.0
2020-09-25,8100.0
2020-09-28,8179.0
2020-09-29,8200.0
2020-09-30,8032.0
2020-10-02,7753.0
2020-10-05,7892.0
2020-10-06,7828.0
2020-10-07,7770.0
2020-10-08,7832.0
2020-10-09,7862.0
2020-10-12,7768.0
2020-10-13,7910.0
2020-10-14,7811.0
2020-10-15,7757.0
2020-10-16,7603.0
2020-10-19,7769.0
2020-10-20,7900.0
2020-10-21,7896.0
2020-10-22,7816.0
2020-10-23,7820.0
2020-10-26,8017.0
2020-10-27,8100.0
2020-10-28,8248.0
2020-10-29,8800.0
2020-10-30,8674.0
2020-11-02,8768.0
2020-11-04,8903.0
2020-11-05,9229.0
2020-11-06,9145.0
2020-11-09,9220.0
2020-11-10,8920.0
2020-11-11,9040.0
2020-11-12,9160.0
2020-11-13,9326.0
2020-11-16,9491.0
2020-11-17,9408.0
2020-11-18,9237.0
2020-11-19,9249.0
2020-11-20,9235.0
2020-11-24,9490.0
2020-11-25,9810.0
2020-11-26,9754.0
2020-11-27,9812.0
2020-11-30,9704.0
2020-12-01,9800.0
2020-12-02,9618.0
2020-12-03,9765.0
2020-12-04,9757.0
2020-12-07,9675.0
2020-12-08,9704.0
2020-12-09,9872.0
2020-12-10,9818.0
2020-12-11,9858.0
2020-12-14,9783.0
2020-12-15,9730.0
2020-12-16,9765.0
2020-12-17,10025.0
2020-12-18,10255.0
2020-12-21,10405.0
2020-12-22,10045.0
2020-12-23,10150.0
2020-12-24,10090.0
2020-12-25,9953.0
2020-12-28,10180.0
2020-12-29,10390.0
2020-12-30,10285.0
2021-01-04,10435.0
2021-01-05,10570.0
2021-01-06,10330.0
2021-01-07,10440.0
2021-01-08,10715.0
2021-01-12,10850.0
2021-01-13,10700.0
2021-01-14,10750.0
2021-01-15,10560.0
2021-01-18,10480.0
2021-01-19,10605.0
2021-01-20,10590.0
2021-01-21,10605.0
2021-01-22,10480.0
2021-01-25,10300.0
2021-01-26,10285.0
2021-01-27,10270.0
2021-01-28,10035.0
2021-01-29,10050.0
2021-02-01,10155.0
2021-02-02,10465.0
2021-02-03,10635.0
2021-02-04,11650.0
2021-02-05,12450.0
2021-02-08,12095.0
2021-02-09,11825.0
2021-02-10,11990.0
2021-02-12,11845.0
2021-02-15,11970.0
2021-02-16,12240.0
2021-02-17,12200.0
2021-02-18,12000.0
2021-02-19,11965.0
2021-02-22,11980.0
2021-02-24,11325.0
2021-02-25,11570.0
2021-02-26,11120.0
2021-03-01,11405.0
2021-03-02,11345.0
2021-03-03,11330.0
2021-03-04,11045.0
2021-03-05,11215.0
2021-03-08,11020.0
2021-03-09,10810.0
2021-03-10,11000.0
2021-03-11,11010.0
2021-03-12,11330.0
2021-03-15,11400.0
2021-03-16,11585.0
2021-03-17,11575.0
2021-03-18,11630.0
2021-03-19,11555.0
2021-03-22,11460.0
2021-03-23,11530.0
2021-03-24,11225.0
2021-03-25,11215.0
2021-03-26,11435.0
2021-03-29,11635.0
2021-03-30,11495.0
2021-03-31,11595.0
2021-04-01,11650.0
2021-04-02,12200.0
2021-04-05,12330.0
2021-04-06,12080.0
2021-04-07,12165.0
2021-04-08,11900.0
2021-04-09,12230.0
2021-04-12,12175.0
2021-04-13,12180.0
2021-04-14,12190.0
2021-04-15,12205.0
2021-04-16,12080.0
2021-04-19,11990.0
2021-04-20,11865.0
2021-04-21,11575.0
2021-04-22,11720.0
2021-04-23,11840.0
2021-04-26,11700.0
2021-04-27,11450.0
2021-04-28,11810.0
2021-04-30,10900.0
2021-05-06,10715.0
2021-05-07,10470.0
2021-05-10,10780.0
2021-05-11,10400.0
2021-05-12,10300.0
2021-05-13,9989.0
2021-05-14,10225.0
2021-05-17,10330.0
2021-05-18,10320.0
2021-05-19,10420.0
2021-05-20,10475.0
2021-05-21,10525.0
2021-05-24,10510.0
2021-05-25,10755.0
2021-05-26,10700.0
2021-05-27,10800.0
2021-05-28,10970.0
2021-05-31,10785.0
2021-06-01,10830.0
2021-06-02,10805.0
2021-06-03,10855.0
2021-06-04,10920.0
2021-06-07,10850.0
2021-06-08,10995.0
2021-06-09,10755.0
2021-06-10,10795.0
2021-06-11,10860.0
2021-06-14,10820.0
2021-06-15,11015.0
2021-06-16,10700.0
2021-06-17,10450.0
2021-06-18,10500.0
2021-06-21,10540.0
2021-06-22,10870.0
2021-06-23,10650.0
2021-06-24,10685.0
2021-06-25,10850.0
2021-06-28,10870.0
2021-06-29,11000.0
2021-06-30,10815.0
2021-07-01,10940.0
2021-07-02,11340.0
2021-07-05,11240.0
2021-07-06,11240.0
2021-07-07,11125.0
2021-07-08,10975.0
2021-07-09,11055.0
2021-07-12,11485.0
2021-07-13,11565.0
2021-07-14,11605.0
2021-07-15,11405.0
2021-07-16,11155.0
2021-07-19,10930.0
2021-07-20,10685.0
2021-07-21,10905.0
2021-07-26,10975.0
2021-07-27,11050.0
2021-07-28,11135.0
2021-07-29,11520.0
2021-07-30,11375.0
2021-08-02,11550.0
2021-08-03,11445.0
2021-08-04,11075.0
2021-08-05,11360.0
2021-08-06,11400.0
2021-08-10,11115.0
2021-08-11,11110.0
2021-08-12,11010.0
2021-08-13,11165.0
2021-08-16,10915.0
2021-08-17,10720.0
2021-08-18,10900.0
2021-08-19,10605.0
2021-08-20,10620.0
2021-08-23,11000.0
2021-08-24,11385.0
2021-08-25,11465.0
2021-08-26,11295.0
2021-08-27,11230.0
2021-08-30,11235.0
2021-08-31,11360.0
2021-09-01,11440.0
2021-09-02,11600.0
2021-09-03,11880.0
2021-09-06,11950.0
2021-09-07,11985.0
2021-09-08,11970.0
2021-09-09,12050.0
2021-09-10,12235.0
2021-09-13,12230.0
2021-09-14,12350.0
2021-09-15,12170.0
2021-09-16,12270.0
2021-09-17,12315.0
2021-09-21,12340.0
2021-09-22,12360.0
2021-09-24,13000.0
2021-09-27,12965.0
2021-09-28,12920.0
2021-09-29,12440.0
2021-09-30,12455.0
2021-10-01,12085.0
2021-10-04,11970.0
2021-10-05,11785.0
2021-10-06,11625.0
2021-10-07,11695.0
2021-10-08,11860.0
2021-10-11,12385.0
2021-10-12,12330.0
2021-10-13,12360.0
2021-10-14,12555.0
2021-10-15,12890.0
2021-10-18,12680.0
2021-10-19,12735.0
2021-10-20,12820.0
2021-10-21,12665.0
2021-10-22,12815.0
2021-10-25,13065.0
2021-10-26,13410.0
2021-10-27,13105.0
2021-10-28,12895.0
2021-10-29,13140.0
2021-11-01,13850.0
2021-11-02,13880.0
2021-11-04,13995.0
2021-11-05,14045.0
2021-11-08,13985.0
2021-11-09,13850.0
2021-11-10,13725.0
2021-11-11,13800.0
2021-11-12,13960.0
2021-11-15,14095.0
2021-11-16,14320.0
2021-11-17,14225.0
2021-11-18,14350.0
2021-11-19,14345.0
2021-11-22,14280.0
2021-11-24,14065.0
2021-11-25,14260.0
2021-11-26,13985.0
2021-11-29,13750.0
2021-11-30,13825.0
2021-12-01,13895.0
2021-12-02,13580.0
2021-12-03,13825.0
2021-12-06,13680.0
2021-12-07,13985.0
2021-12-08,14270.0
2021-12-09,14070.0
2021-12-10,13870.0
2021-12-13,13870.0
2021-12-14,13750.0
2021-12-15,14000.0
2021-12-16,14040.0
2021-12-17,13850.0
2021-12-20,13440.0
2021-12-21,13555.0
2021-12-22,13930.0
2021-12-23,14215.0
2021-12-24,14270.0
2021-12-27,14365.0
2021-12-28,14695.0
2021-12-29,14580.0
2021-12-30,14475.0
2022-01-04,14970.0
2022-01-05,15520.0
2022-01-06,14455.0
2022-01-07,14540.0
2022-01-11,14405.0
2022-01-12,14520.0
2022-01-13,14470.0
2022-01-14,14190.0
2022-01-17,14235.0
2022-01-18,14230.0
2022-01-19,12410.0
2022-01-20,13135.0
2022-01-21,12955.0
2022-01-24,12835.0
2022-01-25,12480.0
2022-01-26,12620.0
2022-01-27,11770.0
2022-01-28,12235.0
2022-01-31,12720.0
2022-02-01,12770.0
2022-02-02,13400.0
2022-02-03,12585.0
2022-02-04,12600.0
2022-02-07,12660.0
2022-02-08,12525.0
2022-02-09,12580.0
2022-02-10,12855.0
2022-02-14,12495.0
2022-02-15,12210.0
2022-02-16,12335.0
2022-02-17,12160.0
2022-02-18,12075.0
2022-02-21,11890.0
2022-02-22,11575.0
2022-02-24,11455.0
2022-02-25,11810.0
2022-02-28,11810.0
2022-03-01,11775.0
2022-03-02,11590.0
2022-03-03,11755.0
2022-03-04,11385.0
2022-03-07,11110.0
2022-03-08,11150.0
2022-03-09,10940.0
2022-03-10,11820.0
2022-03-11,11520.0
2022-03-14,11380.0
2022-03-15,11505.0
2022-03-16,11820.0
2022-03-17,12270.0
2022-03-18,12425.0
2022-03-22,12570.0
2022-03-23,12845.0
2022-03-24,12985.0
2022-03-25,12855.0
2022-03-28,12720.0
2022-03-29,12950.0
2022-03-30,12935.0
2022-03-31,12730.0
2022-04-01,12530.0
2022-04-04,12650.0
2022-04-05,12715.0
2022-04-06,12435.0
2022-04-07,12045.0
2022-04-08,12195.0
2022-04-11,11715.0
2022-04-12,11405.0
2022-04-13,11500.0
2022-04-14,11505.0
2022-04-15,11215.0
2022-04-18,11140.0
2022-04-19,11280.0
2022-04-20,11430.0
2022-04-21,11600.0
2022-04-22,11280.0
2022-04-25,11105.0
2022-04-26,11070.0
2022-04-27,10985.0
2022-04-28,11220.0
2022-05-02,11160.0
2022-05-06,11110.0
2022-05-09,10840.0
2022-05-10,10500.0
2022-05-11,10720.0
2022-05-12,10790.0
2022-05-13,11100.0
2022-05-16,11180.0
2022-05-17,11240.0
2022-05-18,11570.0
2022-05-19,11390.0
2022-05-20,11525.0
2022-05-23,11450.0
2022-05-24,11370.0
2022-05-25,11205.0
2022-05-26,11265.0
2022-05-27,11425.0
2022-05-30,11995.0
2022-05-31,12115.0
2022-06-01,12370.0
2022-06-02,11975.0
2022-06-03,12200.0
2022-06-06,12075.0
2022-06-07,12125.0
2022-06-08,12345.0
2022-06-09,12290.0
2022-06-10,12130.0
2022-06-13,11530.0
2022-06-14,11230.0
2022-06-15,11115.0
2022-06-16,11285.0
2022-06-17,11215.0
2022-06-20,11025.0
2022-06-21,11465.0
2022-06-22,11370.0
2022-06-23,11245.0
2022-06-24,11250.0
2022-06-27,11505.0
2022-06-28,11600.0
2022-06-29,11485.0
2022-06-30,11095.0
2022-07-01,10810.0
2022-07-04,11035.0
2022-07-05,11105.0
2022-07-06,10830.0
2022-07-07,11225.0
2022-07-08,11145.0
2022-07-11,11380.0
2022-07-12,11210.0
2022-07-13,11190.0
2022-07-14,11205.0
2022-07-15,11205.0
2022-07-19,11465.0
2022-07-20,11940.0
2022-07-21,11950.0
2022-07-22,12025.0
2022-07-25,11705.0
2022-07-26,11730.0
2022-07-27,11660.0
2022-07-28,11675.0
2022-07-29,11695.0
2022-08-01,11320.0
2022-08-02,11230.0
2022-08-03,11455.0
2022-08-04,11480.0
2022-08-05,11685.0
2022-08-08,11725.0
2022-08-09,11435.0
2022-08-10,11210.0
2022-08-12,11455.0
2022-08-15,11585.0
2022-08-16,11605.0
2022-08-17,11960.0
2022-08-18,11750.0
2022-08-19,12000.0
2022-08-22,11930.0
2022-08-23,11535.0
2022-08-24,11375.0
2022-08-25,11395.0
2022-08-26,11510.0
2022-08-29,11295.0
2022-08-30,11325.0
2022-08-31,11135.0
2022-09-01,11000.0
2022-09-02,10880.0
2022-09-05,10865.0
2022-09-06,10775.0
2022-09-07,10525.0
2022-09-08,10775.0
2022-09-09,10695.0
2022-09-12,10760.0
2022-09-13,10765.0
2022-09-14,10375.0
2022-09-15,10470.0
2022-09-16,10410.0
2022-09-20,10355.0
2022-09-21,10170.0
2022-09-22,10070.0
2022-09-26,9682.0
2022-09-27,9632.0
2022-09-28,9561.0
2022-09-29,9589.0
2022-09-30,9286.0
2022-10-03,9509.0
2022-10-04,9749.0
2022-10-05,9763.0
2022-10-06,9925.0
2022-10-07,9891.0
2022-10-11,9486.0
2022-10-12,9348.0
2022-10-13,9305.0
2022-10-14,9705.0
2022-10-17,9646.0
2022-10-18,9754.0
2022-10-19,9805.0
2022-10-20,9725.0
2022-10-21,9580.0
2022-10-24,9614.0
2022-10-25,9791.0
2022-10-26,9884.0
2022-10-27,9870.0
2022-10-28,9789.0
2022-10-31,9988.0
2022-11-01,10050.0
2022-11-02,10755.0
2022-11-04,10700.0
2022-11-07,10845.0
2022-11-08,11200.0
2022-11-09,11190.0
2022-11-10,11020.0
2022-11-11,11630.0
2022-11-14,11595.0
2022-11-15,11590.0
2022-11-16,11390.0
2022-11-17,11195.0
2022-11-18,11220.0
2022-11-21,11255.0
2022-11-22,11445.0
2022-11-24,11690.0
2022-11-25,11600.0
2022-11-28,11510.0
2022-11-29,11370.0
2022-11-30,11255.0
2022-12-01,11325.0
2022-12-02,11180.0
2022-12-05,11145.0
2022-12-06,11015.0
2022-12-07,10875.0
2022-12-08,10665.0
2022-12-09,10910.0
2022-12-12,10875.0
2022-12-13,10990.0
2022-12-14,11150.0
2022-12-15,11045.0
2022-12-16,10855.0
2022-12-19,10745.0
2022-12-20,10350.0
2022-12-21,10185.0
2022-12-22,10280.0
2022-12-23,10200.0
2022-12-26,10230.0
2022-12-27,10155.0
2022-12-28,10180.0
2022-12-29,10115.0
2022-12-30,10035.0
2023-01-04,10165.0
2023-01-05,10385.0
2023-01-06,10635.0
2023-01-10,10725.0
2023-01-11,11100.0
2023-01-12,11145.0
2023-01-13,10965.0
2023-01-16,10855.0
2023-01-17,11120.0
2023-01-18,11350.0
2023-01-19,11380.0
2023-01-20,11430.0
2023-01-23,11450.0
2023-01-24,11670.0
2023-01-25,11665.0
2023-01-26,11515.0
2023-01-27,11630.0
2023-01-30,11600.0
2023-01-31,11580.0
2023-02-01,11470.0
2023-02-02,11490.0
2023-02-03,12200.0
2023-02-06,12015.0
2023-02-07,12055.0
2023-02-08,11955.0
2023-02-09,11945.0
2023-02-10,11940.0
2023-02-13,11710.0
2023-02-14,11780.0
2023-02-15,11705.0
2023-02-16,11760.0
2023-02-17,11480.0
2023-02-20,11440.0
2023-02-21,11350.0
2023-02-22,11120.0
2023-02-24,11355.0
2023-02-27,11400.0
2023-02-28,11430.0
2023-03-01,11435.0
2023-03-02,11380.0
2023-03-03,11545.0
2023-03-06,11840.0
2023-03-07,11990.0
2023-03-08,12060.0
2023-03-09,12025.0
2023-03-10,11700.0
2023-03-13,11605.0
2023-03-14,11285.0
2023-03-15,11320.0
2023-03-16,11235.0
2023-03-17,11630.0
2023-03-20,11560.0
2023-03-22,11730.0
2023-03-23,11580.0
2023-03-24,11595.0
2023-03-27,11450.0
2023-03-28,11330.0
2023-03-29,11495.0
2023-03-30,11735.0
2023-03-31,11985.0
2023-04-03,12030.0
2023-04-04,12015.0
2023-04-05,11810.0
2023-04-06,11555.0
2023-04-07,11610.0
2023-04-10,11675.0
2023-04-11,11850.0
2023-04-12,11995.0
2023-04-13,11900.0
2023-04-14,12110.0
2023-04-17,12135.0
2023-04-18,12190.0
2023-04-19,12310.0
2023-04-20,12325.0
2023-04-21,12290.0
2023-04-24,12285.0
2023-04-25,12310.0
2023-04-26,12140.0
2023-04-27,12570.0
2023-04-28,12830.0
2023-05-01,12595.0
2023-05-02,12585.0
2023-05-08,12345.0
2023-05-09,12635.0
2023-05-10,12520.0
2023-05-11,12555.0
2023-05-12,12780.0
2023-05-15,12875.0
2023-05-16,12820.0
2023-05-17,12895.0
2023-05-18,13720.0
2023-05-19,13590.0
2023-05-22,13610.0
2023-05-23,13315.0
2023-05-24,13185.0
2023-05-25,13270.0
2023-05-26,13365.0
2023-05-29,13275.0
2023-05-30,13355.0
2023-05-31,13160.0
2023-06-01,13410.0
2023-06-02,13550.0
2023-06-05,13860.0
2023-06-06,13875.0
2023-06-07,13605.0
2023-06-08,13380.0
2023-06-09,13665.0
2023-06-12,13805.0
2023-06-13,13920.0
2023-06-14,14035.0
2023-06-15,13950.0
2023-06-16,13765.0
2023-06-19,13670.0
2023-06-20,13735.0
2023-06-21,13470.0
2023-06-22,13300.0
2023-06-23,13040.0
2023-06-26,12990.0
2023-06-27,12830.0
2023-06-28,13160.0
2023-06-29,13050.0
2023-06-30,12965.0
2023-07-03,13330.0
2023-07-04,13195.0
2023-07-05,13310.0
2023-07-06,13145.0
2023-07-07,13005.0
2023-07-10,12830.0
2023-07-11,12675.0
2023-07-12,12450.0
2023-07-13,13010.0
2023-07-14,12870.0
2023-07-18,13200.0
2023-07-19,13255.0
2023-07-20,13075.0
2023-07-21,13115.0
2023-07-24,13265.0
2023-07-25,13155.0
2023-07-26,13160.0
2023-07-27,13210.0
2023-07-28,13040.0
2023-07-31,13315.0
2023-08-01,13480.0
2023-08-02,13235.0
2023-08-03,12935.0
2023-08-04,12925.0
2023-08-07,12915.0
2023-08-08,12975.0
2023-08-09,12985.0
2023-08-10,12565.0
2023-08-14,12175.0
2023-08-15,12220.0
2023-08-16,12010.0
2023-08-17,12130.0
2023-08-18,12015.0
2023-08-21,12000.0
2023-08-22,12065.0
2023-08-23,12050.0
2023-08-24,12015.0
2023-08-25,11860.0
2023-08-28,12000.0
2023-08-29,11950.0
2023-08-30,12035.0
2023-08-31,12145.0
2023-09-01,12535.0
2023-09-04,12515.0
2023-09-05,12480.0
2023-09-06,12690.0
2023-09-07,12630.0
2023-09-08,12375.0
2023-09-11,12465.0
2023-09-12,12615.0
2023-09-13,12445.0
2023-09-14,12645.0
2023-09-15,12930.0
2023-09-19,12805.0
2023-09-20,12600.0
2023-09-21,12320.0
2023-09-22,12200.0
2023-09-25,12390.0
2023-09-26,12270.0
2023-09-27,12405.0
2023-09-28,12225.0
2023-09-29,12240.0
2023-10-02,12205.0
2023-10-03,12260.0
2023-10-04,12110.0
2023-10-05,12320.0
2023-10-06,12260.0
2023-10-10,12605.0
2023-10-11,12705.0
2023-10-12,13105.0
2023-10-13,12850.0
2023-10-16,12610.0
2023-10-17,12805.0
2023-10-18,12770.0
2023-10-19,12640.0
2023-10-20,12555.0
2023-10-23,12440.0
2023-10-24,12560.0
2023-10-25,12600.0
2023-10-26,12245.0
2023-10-27,12120.0
2023-10-30,12220.0
2023-10-31,12425.0
2023-11-01,12795.0
2023-11-02,12850.0
2023-11-06,13085.0
2023-11-07,13155.0
2023-11-08,13345.0
2023-11-09,13240.0
2023-11-10,12970.0
2023-11-13,12655.0
2023-11-14,12590.0
2023-11-15,13220.0
2023-11-16,13205.0
2023-11-17,13085.0
2023-11-20,12930.0
2023-11-21,12895.0
2023-11-22,13015.0
2023-11-24,12850.0
2023-11-27,12810.0
2023-11-28,12825.0
2023-11-29,12735.0
2023-11-30,12820.0
2023-12-01,12720.0
2023-12-04,12550.0
2023-12-05,12630.0
2023-12-06,13130.0
2023-12-07,12915.0
2023-12-08,12770.0
2023-12-11,13015.0
2023-12-12,13040.0
2023-12-13,13100.0
2023-12-14,12960.0
2023-12-15,13365.0
2023-12-18,13075.0
2023-12-19,13130.0
2023-12-20,13155.0
2023-12-21,13075.0
2023-12-22,12985.0
2023-12-25,13120.0
2023-12-26,13150.0
2023-12-27,13340.0
2023-12-28,13375.0
2023-12-29,13410.0
2024-01-04,13095.0
2024-01-05,13170.0
2024-01-09,13340.0
2024-01-10,13850.0
2024-01-11,14340.0
2024-01-12,14575.0
2024-01-15,14420.0
2024-01-16,14380.0
2024-01-17,14415.0
2024-01-18,14240.0
2024-01-19,14525.0
2024-01-22,14800.0
2024-01-23,14695.0
2024-01-24,14535.0
2024-01-25,14355.0
2024-01-26,14005.0
2024-01-29,14355.0
2024-01-30,14480.0
2024-01-31,14695.0
2024-02-01,14390.0
2024-02-02,14475.0
2024-02-05,14475.0
2024-02-06,14255.0
2024-02-07,14300.0
2024-02-08,14325.0
2024-02-09,14235.0
2024-02-13,14735.0
2024-02-14,14660.0
2024-02-15,13710.0
2024-02-16,13475.0
2024-02-19,13475.0
2024-02-20,13315.0
2024-02-21,13185.0
2024-02-22,13310.0
2024-02-26,13035.0
2024-02-27,12930.0
2024-02-28,12920.0
2024-02-29,12945.0
2024-03-01,13215.0
2024-03-04,13025.0
2024-03-05,12950.0
2024-03-06,12955.0
2024-03-07,12935.0
2024-03-08,12970.0
2024-03-11,12745.0
2024-03-12,12930.0
2024-03-13,13000.0
2024-03-14,13055.0
2024-03-15,13065.0
2024-03-18,13330.0
2024-03-19,13460.0
2024-03-21,13425.0
2024-03-22,13450.0
2024-03-25,13050.0
2024-03-26,13110.0
2024-03-27,13205.0
2024-03-28,12930.0
2024-03-29,12970.0
2024-04-01,13065.0
2024-04-02,13030.0
2024-04-03,13005.0
2024-04-04,13025.0
2024-04-05,12780.0
2024-04-08,12800.0
2024-04-09,12880.0
2024-04-10,12960.0
2024-04-11,12855.0
2024-04-12,13040.0
2024-04-15,12860.0
2024-04-16,12935.0
2024-04-17,12665.0
2024-04-18,12760.0
2024-04-19,12530.0
2024-04-22,12530.0
2024-04-23,12495.0
2024-04-24,12840.0
2024-04-25,12760.0
2024-04-26,12770.0
2024-04-30,13085.0
2024-05-01,13100.0
2024-05-02,13060.0
2024-05-07,12680.0
2024-05-08,12050.0
2024-05-09,11870.0
2024-05-10,11710.0
2024-05-13,11920.0
2024-05-14,11965.0
2024-05-15,12950.0
2024-05-16,13015.0
2024-05-17,13100.0
2024-05-20,13065.0
2024-05-21,12880.0
2024-05-22,12810.0
2024-05-23,12885.0
2024-05-24,12650.0
2024-05-27,12555.0
2024-05-28,12580.0
2024-05-29,12495.0
2024-05-30,12650.0
2024-05-31,12895.0
2024-06-03,13085.0
2024-06-04,13340.0
2024-06-05,13435.0
2024-06-06,13575.0
2024-06-07,13425.0
2024-06-10,13360.0
2024-06-11,13340.0
2024-06-12,13105.0
2024-06-13,13265.0
2024-06-14,13035.0
2024-06-17,12695.0
2024-06-18,12645.0
2024-06-19,12770.0
2024-06-20,12795.0
2024-06-21,12810.0
2024-06-24,12925.0
2024-06-25,13170.0
2024-06-26,13310.0
2024-06-27,13530.0
2024-06-28,13640.0
