Date,AIR_Close
2014-06-30,27.559999465942383
2014-07-01,27.8799991607666
2014-07-02,27.13999938964844
2014-07-03,27.59000015258789
2014-07-07,27.1200008392334
2014-07-08,26.34000015258789
2014-07-09,26.350000381469727
2014-07-10,26.170000076293945
2014-07-11,25.809999465942383
2014-07-14,26.079999923706055
2014-07-15,25.63999938964844
2014-07-16,28.020000457763672
2014-07-17,27.43000030517578
2014-07-18,27.5
2014-07-21,27.989999771118164
2014-07-22,27.63999938964844
2014-07-23,27.670000076293945
2014-07-24,27.25
2014-07-25,26.8799991607666
2014-07-28,26.90999984741211
2014-07-29,26.969999313354492
2014-07-30,27.100000381469727
2014-07-31,26.899999618530273
2014-08-01,26.850000381469727
2014-08-04,26.649999618530273
2014-08-05,26.81999969482422
2014-08-06,27.020000457763672
2014-08-07,26.75
2014-08-08,27.270000457763672
2014-08-11,27.959999084472656
2014-08-12,27.030000686645508
2014-08-13,27.149999618530273
2014-08-14,27.06999969482422
2014-08-15,27.31999969482422
2014-08-18,27.63999938964844
2014-08-19,27.549999237060547
2014-08-20,27.040000915527344
2014-08-21,27.15999984741211
2014-08-22,27.229999542236328
2014-08-25,27.219999313354492
2014-08-26,27.38999938964844
2014-08-27,27.059999465942383
2014-08-28,27.0
2014-08-29,27.700000762939453
2014-09-02,27.600000381469727
2014-09-03,27.510000228881836
2014-09-04,27.549999237060547
2014-09-05,27.43000030517578
2014-09-08,27.709999084472656
2014-09-09,27.440000534057617
2014-09-10,28.059999465942383
2014-09-11,28.420000076293945
2014-09-12,28.030000686645508
2014-09-15,28.040000915527344
2014-09-16,27.979999542236328
2014-09-17,28.209999084472656
2014-09-18,28.530000686645508
2014-09-19,28.239999771118164
2014-09-22,27.93000030517578
2014-09-23,28.0
2014-09-24,24.709999084472656
2014-09-25,25.170000076293945
2014-09-26,25.1299991607666
2014-09-29,24.850000381469727
2014-09-30,24.149999618530273
2014-10-01,23.920000076293945
2014-10-02,23.90999984741211
2014-10-03,24.3700008392334
2014-10-06,24.11000061035156
2014-10-07,23.440000534057617
2014-10-08,23.920000076293945
2014-10-09,23.030000686645508
2014-10-10,22.969999313354492
2014-10-13,22.829999923706055
2014-10-14,22.989999771118164
2014-10-15,23.950000762939453
2014-10-16,24.190000534057617
2014-10-17,24.09000015258789
2014-10-20,24.190000534057617
2014-10-21,24.520000457763672
2014-10-22,24.100000381469727
2014-10-23,24.459999084472656
2014-10-24,24.809999465942383
2014-10-27,24.93000030517578
2014-10-28,25.489999771118164
2014-10-29,25.43000030517578
2014-10-30,25.6299991607666
2014-10-31,26.5
2014-11-03,26.209999084472656
2014-11-04,26.219999313354492
2014-11-05,26.079999923706055
2014-11-06,26.469999313354492
2014-11-07,26.3700008392334
2014-11-10,26.729999542236328
2014-11-11,26.530000686645508
2014-11-12,26.40999984741211
2014-11-13,26.280000686645508
2014-11-14,26.06999969482422
2014-11-17,26.1200008392334
2014-11-18,25.90999984741211
2014-11-19,25.670000076293945
2014-11-20,25.809999465942383
2014-11-21,25.86000061035156
2014-11-24,26.06999969482422
2014-11-25,26.350000381469727
2014-11-26,25.940000534057617
2014-11-28,25.6299991607666
2014-12-01,25.579999923706055
2014-12-02,25.760000228881836
2014-12-03,26.59000015258789
2014-12-04,26.399999618530273
2014-12-05,26.799999237060547
2014-12-08,25.959999084472656
2014-12-09,28.479999542236328
2014-12-10,27.61000061035156
2014-12-11,27.3799991607666
2014-12-12,26.8700008392334
2014-12-15,27.15999984741211
2014-12-16,27.729999542236328
2014-12-17,28.219999313354492
2014-12-18,29.209999084472656
2014-12-19,27.299999237060547
2014-12-22,27.479999542236328
2014-12-23,28.299999237060547
2014-12-24,27.670000076293945
2014-12-26,27.739999771118164
2014-12-29,28.270000457763672
2014-12-30,28.149999618530273
2014-12-31,27.780000686645508
2015-01-02,27.209999084472656
2015-01-05,26.739999771118164
2015-01-06,26.079999923706055
2015-01-07,26.420000076293945
2015-01-08,26.43000030517578
2015-01-09,25.59000015258789
2015-01-12,25.43000030517578
2015-01-13,25.86000061035156
2015-01-14,25.969999313354492
2015-01-15,27.049999237060547
2015-01-16,27.290000915527344
2015-01-20,27.030000686645508
2015-01-21,26.61000061035156
2015-01-22,27.61000061035156
2015-01-23,28.34000015258789
2015-01-26,28.36000061035156
2015-01-27,28.799999237060547
2015-01-28,28.469999313354492
2015-01-29,28.469999313354492
2015-01-30,28.65999984741211
2015-02-02,28.479999542236328
2015-02-03,28.75
2015-02-04,28.40999984741211
2015-02-05,28.729999542236328
2015-02-06,28.829999923706055
2015-02-09,28.25
2015-02-10,28.8700008392334
2015-02-11,29.13999938964844
2015-02-12,29.3700008392334
2015-02-13,29.520000457763672
2015-02-17,29.420000076293945
2015-02-18,29.93000030517578
2015-02-19,29.950000762939453
2015-02-20,29.90999984741211
2015-02-23,31.549999237060547
2015-02-24,29.31999969482422
2015-02-25,29.200000762939453
2015-02-26,28.559999465942383
2015-02-27,29.399999618530273
2015-03-02,30.690000534057617
2015-03-03,30.68000030517578
2015-03-04,30.899999618530273
2015-03-05,31.299999237060547
2015-03-06,31.350000381469727
2015-03-09,31.979999542236328
2015-03-10,31.760000228881836
2015-03-11,32.439998626708984
2015-03-12,32.93000030517578
2015-03-13,32.9900016784668
2015-03-16,33.45000076293945
2015-03-17,32.70000076293945
2015-03-18,32.869998931884766
2015-03-19,33.439998626708984
2015-03-20,33.22999954223633
2015-03-23,32.959999084472656
2015-03-24,33.29999923706055
2015-03-25,32.75
2015-03-26,32.849998474121094
2015-03-27,32.939998626708984
2015-03-30,31.459999084472656
2015-03-31,30.700000762939453
2015-04-01,30.950000762939453
2015-04-02,30.600000381469727
2015-04-06,30.649999618530273
2015-04-07,30.309999465942383
2015-04-08,30.520000457763672
2015-04-09,30.420000076293945
2015-04-10,30.459999084472656
2015-04-13,30.450000762939453
2015-04-14,30.450000762939453
2015-04-15,30.299999237060547
2015-04-16,29.989999771118164
2015-04-17,29.440000534057617
2015-04-20,29.86000061035156
2015-04-21,30.209999084472656
2015-04-22,30.420000076293945
2015-04-23,30.86000061035156
2015-04-24,30.13999938964844
2015-04-27,31.1200008392334
2015-04-28,30.6299991607666
2015-04-29,30.3799991607666
2015-04-30,30.239999771118164
2015-05-01,30.15999984741211
2015-05-04,30.350000381469727
2015-05-05,30.36000061035156
2015-05-06,30.420000076293945
2015-05-07,30.479999542236328
2015-05-08,30.510000228881836
2015-05-11,30.5
2015-05-12,30.219999313354492
2015-05-13,30.31999969482422
2015-05-14,30.600000381469727
2015-05-15,30.90999984741211
2015-05-18,31.200000762939453
2015-05-19,31.13999938964844
2015-05-20,31.239999771118164
2015-05-21,31.059999465942383
2015-05-22,31.0
2015-05-26,30.020000457763672
2015-05-27,29.88999938964844
2015-05-28,29.950000762939453
2015-05-29,29.540000915527344
2015-06-01,29.540000915527344
2015-06-02,29.969999313354492
2015-06-03,30.229999542236328
2015-06-04,29.8799991607666
2015-06-05,30.1299991607666
2015-06-08,29.579999923706055
2015-06-09,29.239999771118164
2015-06-10,29.440000534057617
2015-06-11,29.770000457763672
2015-06-12,30.229999542236328
2015-06-15,29.56999969482422
2015-06-16,30.010000228881836
2015-06-17,30.15999984741211
2015-06-18,30.309999465942383
2015-06-19,31.36000061035156
2015-06-22,31.850000381469727
2015-06-23,31.84000015258789
2015-06-24,31.63999938964844
2015-06-25,32.150001525878906
2015-06-26,32.599998474121094
2015-06-29,31.8700008392334
2015-06-30,31.8700008392334
2015-07-01,31.8799991607666
2015-07-02,31.31999969482422
2015-07-06,31.170000076293945
2015-07-07,31.040000915527344
2015-07-08,30.63999938964844
2015-07-09,30.6200008392334
2015-07-10,31.260000228881836
2015-07-13,31.690000534057617
2015-07-14,32.400001525878906
2015-07-15,31.0
2015-07-16,30.6299991607666
2015-07-17,29.989999771118164
2015-07-20,29.770000457763672
2015-07-21,29.31999969482422
2015-07-22,29.0
2015-07-23,28.579999923706055
2015-07-24,27.59000015258789
2015-07-27,26.90999984741211
2015-07-28,26.729999542236328
2015-07-29,27.11000061035156
2015-07-30,26.670000076293945
2015-07-31,26.950000762939453
2015-08-03,26.920000076293945
2015-08-04,26.979999542236328
2015-08-05,27.030000686645508
2015-08-06,26.84000015258789
2015-08-07,26.6200008392334
2015-08-10,27.25
2015-08-11,26.809999465942383
2015-08-12,26.540000915527344
2015-08-13,26.38999938964844
2015-08-14,26.649999618530273
2015-08-17,26.600000381469727
2015-08-18,26.329999923706055
2015-08-19,25.709999084472656
2015-08-20,25.030000686645508
2015-08-21,25.0
2015-08-24,24.309999465942383
2015-08-25,23.510000228881836
2015-08-26,23.68000030517578
2015-08-27,24.149999618530273
2015-08-28,24.38999938964844
2015-08-31,24.329999923706055
2015-09-01,23.549999237060547
2015-09-02,23.700000762939453
2015-09-03,23.469999313354492
2015-09-04,23.280000686645508
2015-09-08,23.38999938964844
2015-09-09,23.38999938964844
2015-09-10,23.190000534057617
2015-09-11,23.200000762939453
2015-09-14,22.899999618530273
2015-09-15,23.469999313354492
2015-09-16,23.350000381469727
2015-09-17,23.899999618530273
2015-09-18,23.18000030517578
2015-09-21,22.88999938964844
2015-09-22,21.850000381469727
2015-09-23,21.38999938964844
2015-09-24,20.899999618530273
2015-09-25,18.90999984741211
2015-09-28,18.690000534057617
2015-09-29,18.84000015258789
2015-09-30,18.969999313354492
2015-10-01,19.56999969482422
2015-10-02,20.299999237060547
2015-10-05,20.940000534057617
2015-10-06,21.1299991607666
2015-10-07,21.329999923706055
2015-10-08,22.020000457763672
2015-10-09,22.200000762939453
2015-10-12,22.280000686645508
2015-10-13,22.3700008392334
2015-10-14,22.200000762939453
2015-10-15,22.68000030517578
2015-10-16,22.459999084472656
2015-10-19,22.479999542236328
2015-10-20,22.65999984741211
2015-10-21,22.36000061035156
2015-10-22,22.75
2015-10-23,23.06999969482422
2015-10-26,22.5
2015-10-27,22.18000030517578
2015-10-28,22.88999938964844
2015-10-29,22.780000686645508
2015-10-30,22.690000534057617
2015-11-02,23.59000015258789
2015-11-03,23.81999969482422
2015-11-04,23.780000686645508
2015-11-05,23.88999938964844
2015-11-06,24.010000228881836
2015-11-09,23.34000015258789
2015-11-10,23.15999984741211
2015-11-11,22.88999938964844
2015-11-12,22.280000686645508
2015-11-13,22.43000030517578
2015-11-16,23.299999237060547
2015-11-17,23.020000457763672
2015-11-18,23.329999923706055
2015-11-19,23.38999938964844
2015-11-20,23.459999084472656
2015-11-23,23.549999237060547
2015-11-24,24.3700008392334
2015-11-25,24.239999771118164
2015-11-27,24.149999618530273
2015-11-30,24.559999465942383
2015-12-01,24.649999618530273
2015-12-02,24.729999542236328
2015-12-03,24.549999237060547
2015-12-04,24.3799991607666
2015-12-07,23.579999923706055
2015-12-08,23.1200008392334
2015-12-09,22.90999984741211
2015-12-10,22.75
2015-12-11,21.780000686645508
2015-12-14,21.61000061035156
2015-12-15,22.649999618530273
2015-12-16,23.399999618530273
2015-12-17,23.030000686645508
2015-12-18,24.61000061035156
2015-12-21,26.0
2015-12-22,26.229999542236328
2015-12-23,26.3799991607666
2015-12-24,26.59000015258789
2015-12-28,26.25
2015-12-29,26.65999984741211
2015-12-30,26.290000915527344
2015-12-31,26.290000915527344
2016-01-04,25.790000915527344
2016-01-05,25.43000030517578
2016-01-06,24.65999984741211
2016-01-07,24.100000381469727
2016-01-08,23.510000228881836
2016-01-11,23.36000061035156
2016-01-12,23.760000228881836
2016-01-13,23.1200008392334
2016-01-14,23.65999984741211
2016-01-15,23.8700008392334
2016-01-19,21.8799991607666
2016-01-20,21.989999771118164
2016-01-21,21.75
2016-01-22,21.88999938964844
2016-01-25,21.030000686645508
2016-01-26,21.100000381469727
2016-01-27,20.65999984741211
2016-01-28,20.25
2016-01-29,21.010000228881836
2016-02-01,20.690000534057617
2016-02-02,19.36000061035156
2016-02-03,19.670000076293945
2016-02-04,20.049999237060547
2016-02-05,19.299999237060547
2016-02-08,19.399999618530273
2016-02-09,19.6299991607666
2016-02-10,19.790000915527344
2016-02-11,18.979999542236328
2016-02-12,18.93000030517578
2016-02-16,19.6200008392334
2016-02-17,19.559999465942383
2016-02-18,19.739999771118164
2016-02-19,19.559999465942383
2016-02-22,21.229999542236328
2016-02-23,20.989999771118164
2016-02-24,21.34000015258789
2016-02-25,21.520000457763672
2016-02-26,21.600000381469727
2016-02-29,21.290000915527344
2016-03-01,21.489999771118164
2016-03-02,21.719999313354492
2016-03-03,21.959999084472656
2016-03-04,22.25
2016-03-07,22.36000061035156
2016-03-08,21.450000762939453
2016-03-09,21.790000915527344
2016-03-10,21.260000228881836
2016-03-11,21.61000061035156
2016-03-14,21.290000915527344
2016-03-15,21.0
2016-03-16,21.209999084472656
2016-03-17,22.06999969482422
2016-03-18,22.6299991607666
2016-03-21,22.209999084472656
2016-03-22,21.940000534057617
2016-03-23,23.030000686645508
2016-03-24,22.799999237060547
2016-03-28,22.6200008392334
2016-03-29,23.209999084472656
2016-03-30,23.200000762939453
2016-03-31,23.270000457763672
2016-04-01,23.38999938964844
2016-04-04,23.290000915527344
2016-04-05,23.25
2016-04-06,23.270000457763672
2016-04-07,23.299999237060547
2016-04-08,23.440000534057617
2016-04-11,23.31999969482422
2016-04-12,23.530000686645508
2016-04-13,24.149999618530273
2016-04-14,24.61000061035156
2016-04-15,24.1299991607666
2016-04-18,24.209999084472656
2016-04-19,24.290000915527344
2016-04-20,24.43000030517578
2016-04-21,24.040000915527344
2016-04-22,24.190000534057617
2016-04-25,23.61000061035156
2016-04-26,24.43000030517578
2016-04-27,24.440000534057617
2016-04-28,24.219999313354492
2016-04-29,24.040000915527344
2016-05-02,24.059999465942383
2016-05-03,23.829999923706055
2016-05-04,23.510000228881836
2016-05-05,23.56999969482422
2016-05-06,23.850000381469727
2016-05-09,23.809999465942383
2016-05-10,24.549999237060547
2016-05-11,23.950000762939453
2016-05-12,23.770000457763672
2016-05-13,23.3700008392334
2016-05-16,24.34000015258789
2016-05-17,23.329999923706055
2016-05-18,23.40999984741211
2016-05-19,23.010000228881836
2016-05-20,23.670000076293945
2016-05-23,23.280000686645508
2016-05-24,24.100000381469727
2016-05-25,24.239999771118164
2016-05-26,24.469999313354492
2016-05-27,24.530000686645508
2016-05-31,24.40999984741211
2016-06-01,24.38999938964844
2016-06-02,24.600000381469727
2016-06-03,24.290000915527344
2016-06-06,24.809999465942383
2016-06-07,24.579999923706055
2016-06-08,24.40999984741211
2016-06-09,24.270000457763672
2016-06-10,24.190000534057617
2016-06-13,23.36000061035156
2016-06-14,23.1200008392334
2016-06-15,23.030000686645508
2016-06-16,22.520000457763672
2016-06-17,23.200000762939453
2016-06-20,23.239999771118164
2016-06-21,23.149999618530273
2016-06-22,22.899999618530273
2016-06-23,23.5
2016-06-24,23.239999771118164
2016-06-27,22.280000686645508
2016-06-28,22.059999465942383
2016-06-29,22.329999923706055
2016-06-30,23.34000015258789
2016-07-01,23.290000915527344
2016-07-05,22.6200008392334
2016-07-06,22.8700008392334
2016-07-07,22.719999313354492
2016-07-08,23.31999969482422
2016-07-11,24.0
2016-07-12,25.040000915527344
2016-07-13,22.729999542236328
2016-07-14,22.989999771118164
2016-07-15,23.329999923706055
2016-07-18,24.260000228881836
2016-07-19,24.209999084472656
2016-07-20,24.1200008392334
2016-07-21,24.25
2016-07-22,24.270000457763672
2016-07-25,24.209999084472656
2016-07-26,24.350000381469727
2016-07-27,24.510000228881836
2016-07-28,23.8799991607666
2016-07-29,24.15999984741211
2016-08-01,24.0
2016-08-02,23.600000381469727
2016-08-03,23.989999771118164
2016-08-04,23.920000076293945
2016-08-05,24.38999938964844
2016-08-08,24.239999771118164
2016-08-09,24.020000457763672
2016-08-10,23.670000076293945
2016-08-11,23.68000030517578
2016-08-12,23.649999618530273
2016-08-15,24.0
2016-08-16,23.520000457763672
2016-08-17,23.479999542236328
2016-08-18,23.770000457763672
2016-08-19,23.8799991607666
2016-08-22,23.729999542236328
2016-08-23,24.649999618530273
2016-08-24,24.719999313354492
2016-08-25,24.799999237060547
2016-08-26,24.440000534057617
2016-08-29,24.600000381469727
2016-08-30,24.649999618530273
2016-08-31,24.61000061035156
2016-09-01,26.209999084472656
2016-09-02,29.030000686645508
2016-09-06,28.559999465942383
2016-09-07,28.59000015258789
2016-09-08,28.600000381469727
2016-09-09,27.729999542236328
2016-09-12,28.06999969482422
2016-09-13,27.459999084472656
2016-09-14,27.530000686645508
2016-09-15,28.059999465942383
2016-09-16,27.5
2016-09-19,27.729999542236328
2016-09-20,27.540000915527344
2016-09-21,28.030000686645508
2016-09-22,29.010000228881836
2016-09-23,29.65999984741211
2016-09-26,29.030000686645508
2016-09-27,29.34000015258789
2016-09-28,29.790000915527344
2016-09-29,30.0
2016-09-30,31.31999969482422
2016-10-03,30.950000762939453
2016-10-04,31.309999465942383
2016-10-05,31.690000534057617
2016-10-06,31.989999771118164
2016-10-07,31.43000030517578
2016-10-10,31.38999938964844
2016-10-11,31.1200008392334
2016-10-12,31.5
2016-10-13,30.959999084472656
2016-10-14,30.709999084472656
2016-10-17,31.719999313354492
2016-10-18,31.770000457763672
2016-10-19,31.729999542236328
2016-10-20,31.61000061035156
2016-10-21,31.530000686645508
2016-10-24,31.88999938964844
2016-10-25,31.920000076293945
2016-10-26,31.950000762939453
2016-10-27,31.989999771118164
2016-10-28,31.829999923706055
2016-10-31,32.16999816894531
2016-11-01,32.0
2016-11-02,31.290000915527344
2016-11-03,31.549999237060547
2016-11-04,31.88999938964844
2016-11-07,32.540000915527344
2016-11-08,32.43000030517578
2016-11-09,33.880001068115234
2016-11-10,34.459999084472656
2016-11-11,35.08000183105469
2016-11-14,36.0099983215332
2016-11-15,36.029998779296875
2016-11-16,36.630001068115234
2016-11-17,37.20000076293945
2016-11-18,37.68000030517578
2016-11-21,38.04999923706055
2016-11-22,38.66999816894531
2016-11-23,37.959999084472656
2016-11-25,37.959999084472656
2016-11-28,37.779998779296875
2016-11-29,37.650001525878906
2016-11-30,36.88999938964844
2016-12-01,36.97999954223633
2016-12-02,36.869998931884766
2016-12-05,37.13999938964844
2016-12-06,37.939998626708984
2016-12-07,38.040000915527344
2016-12-08,37.9900016784668
2016-12-09,38.310001373291016
2016-12-12,37.52000045776367
2016-12-13,36.97999954223633
2016-12-14,36.209999084472656
2016-12-15,37.150001525878906
2016-12-16,37.02000045776367
2016-12-19,37.4900016784668
2016-12-20,37.58000183105469
2016-12-21,37.560001373291016
2016-12-22,34.189998626708984
2016-12-23,34.15999984741211
2016-12-27,34.09000015258789
2016-12-28,33.68000030517578
2016-12-29,33.52000045776367
2016-12-30,33.04999923706055
2017-01-03,33.25
2017-01-04,33.439998626708984
2017-01-05,32.27000045776367
2017-01-06,32.310001373291016
2017-01-09,31.979999542236328
2017-01-10,32.25
2017-01-11,32.310001373291016
2017-01-12,31.93000030517578
2017-01-13,32.279998779296875
2017-01-17,31.489999771118164
2017-01-18,31.93000030517578
2017-01-19,32.13999938964844
2017-01-20,32.029998779296875
2017-01-23,31.790000915527344
2017-01-24,32.36000061035156
2017-01-25,32.63999938964844
2017-01-26,32.560001373291016
2017-01-27,32.45000076293945
2017-01-30,31.739999771118164
2017-01-31,31.989999771118164
2017-02-01,32.04999923706055
2017-02-02,32.130001068115234
2017-02-03,32.97999954223633
2017-02-06,33.060001373291016
2017-02-07,33.040000915527344
2017-02-08,32.380001068115234
2017-02-09,33.029998779296875
2017-02-10,33.650001525878906
2017-02-13,33.779998779296875
2017-02-14,33.900001525878906
2017-02-15,34.29999923706055
2017-02-16,33.95000076293945
2017-02-17,33.97999954223633
2017-02-21,33.97999954223633
2017-02-22,33.9900016784668
2017-02-23,33.41999816894531
2017-02-24,33.68000030517578
2017-02-27,34.40999984741211
2017-02-28,34.41999816894531
2017-03-01,34.95000076293945
2017-03-02,34.2599983215332
2017-03-03,34.099998474121094
2017-03-06,33.970001220703125
2017-03-07,33.97999954223633
2017-03-08,33.43000030517578
2017-03-09,33.369998931884766
2017-03-10,32.91999816894531
2017-03-13,33.599998474121094
2017-03-14,33.290000915527344
2017-03-15,33.880001068115234
2017-03-16,33.83000183105469
2017-03-17,34.220001220703125
2017-03-20,34.11000061035156
2017-03-21,32.7400016784668
2017-03-22,34.290000915527344
2017-03-23,34.150001525878906
2017-03-24,34.02000045776367
2017-03-27,33.43000030517578
2017-03-28,34.38999938964844
2017-03-29,33.90999984741211
2017-03-30,33.779998779296875
2017-03-31,33.630001068115234
2017-04-03,34.20000076293945
2017-04-04,34.209999084472656
2017-04-05,33.5
2017-04-06,33.47999954223633
2017-04-07,33.61000061035156
2017-04-10,33.7400016784668
2017-04-11,34.2400016784668
2017-04-12,33.369998931884766
2017-04-13,33.0099983215332
2017-04-17,33.459999084472656
2017-04-18,33.619998931884766
2017-04-19,33.970001220703125
2017-04-20,34.4900016784668
2017-04-21,34.65999984741211
2017-04-24,35.459999084472656
2017-04-25,35.75
2017-04-26,35.970001220703125
2017-04-27,35.959999084472656
2017-04-28,35.9900016784668
2017-05-01,35.869998931884766
2017-05-02,36.0099983215332
2017-05-03,35.4900016784668
2017-05-04,35.189998626708984
2017-05-05,35.439998626708984
2017-05-08,35.59000015258789
2017-05-09,35.52000045776367
2017-05-10,35.369998931884766
2017-05-11,34.95000076293945
2017-05-12,34.5099983215332
2017-05-15,34.869998931884766
2017-05-16,35.2400016784668
2017-05-17,33.540000915527344
2017-05-18,33.33000183105469
2017-05-19,33.599998474121094
2017-05-22,34.20000076293945
2017-05-23,33.97999954223633
2017-05-24,34.04999923706055
2017-05-25,34.290000915527344
2017-05-26,34.61000061035156
2017-05-30,34.5
2017-05-31,34.939998626708984
2017-06-01,34.95000076293945
2017-06-02,36.130001068115234
2017-06-05,35.380001068115234
2017-06-06,35.040000915527344
2017-06-07,34.66999816894531
2017-06-08,35.20000076293945
2017-06-09,35.54999923706055
2017-06-12,35.33000183105469
2017-06-13,35.529998779296875
2017-06-14,35.439998626708984
2017-06-15,35.2400016784668
2017-06-16,35.18000030517578
2017-06-19,35.380001068115234
2017-06-20,34.77000045776367
2017-06-21,34.0
2017-06-22,34.36000061035156
2017-06-23,34.31999969482422
2017-06-26,34.400001525878906
2017-06-27,34.119998931884766
2017-06-28,34.689998626708984
2017-06-29,34.220001220703125
2017-06-30,34.7599983215332
2017-07-03,35.2599983215332
2017-07-05,35.29999923706055
2017-07-06,35.040000915527344
2017-07-07,35.459999084472656
2017-07-10,35.2599983215332
2017-07-11,36.650001525878906
2017-07-12,37.220001220703125
2017-07-13,37.63999938964844
2017-07-14,37.61000061035156
2017-07-17,36.900001525878906
2017-07-18,36.310001373291016
2017-07-19,36.75
2017-07-20,36.79999923706055
2017-07-21,36.4900016784668
2017-07-24,36.29999923706055
2017-07-25,36.650001525878906
2017-07-26,36.70000076293945
2017-07-27,36.34000015258789
2017-07-28,36.2400016784668
2017-07-31,37.400001525878906
2017-08-01,36.72999954223633
2017-08-02,36.849998474121094
2017-08-03,37.0
2017-08-04,36.84000015258789
2017-08-07,36.83000183105469
2017-08-08,36.380001068115234
2017-08-09,36.20000076293945
2017-08-10,35.290000915527344
2017-08-11,35.369998931884766
2017-08-14,36.369998931884766
2017-08-15,35.849998474121094
2017-08-16,35.90999984741211
2017-08-17,35.18000030517578
2017-08-18,35.22999954223633
2017-08-21,35.43000030517578
2017-08-22,35.709999084472656
2017-08-23,35.130001068115234
2017-08-24,35.310001373291016
2017-08-25,35.540000915527344
2017-08-28,35.36000061035156
2017-08-29,35.540000915527344
2017-08-30,36.04999923706055
2017-08-31,36.060001373291016
2017-09-01,36.25
2017-09-05,35.86000061035156
2017-09-06,35.06999969482422
2017-09-07,34.56999969482422
2017-09-08,34.540000915527344
2017-09-11,35.2599983215332
2017-09-12,35.40999984741211
2017-09-13,35.25
2017-09-14,35.349998474121094
2017-09-15,35.2599983215332
2017-09-18,36.54999923706055
2017-09-19,37.709999084472656
2017-09-20,38.880001068115234
2017-09-21,37.560001373291016
2017-09-22,36.939998626708984
2017-09-25,37.02000045776367
2017-09-26,36.97999954223633
2017-09-27,38.06999969482422
2017-09-28,37.779998779296875
2017-09-29,37.779998779296875
2017-10-02,38.54999923706055
2017-10-03,39.130001068115234
2017-10-04,39.18000030517578
2017-10-05,39.060001373291016
2017-10-06,38.849998474121094
2017-10-09,38.86000061035156
2017-10-10,38.70000076293945
2017-10-11,38.43000030517578
2017-10-12,38.59000015258789
2017-10-13,38.5
2017-10-16,38.38999938964844
2017-10-17,38.2400016784668
2017-10-18,38.61000061035156
2017-10-19,38.47999954223633
2017-10-20,38.7599983215332
2017-10-23,38.650001525878906
2017-10-24,38.79999923706055
2017-10-25,38.70000076293945
2017-10-26,38.66999816894531
2017-10-27,38.61000061035156
2017-10-30,38.7599983215332
2017-10-31,38.88999938964844
2017-11-01,41.060001373291016
2017-11-02,41.31999969482422
2017-11-03,40.400001525878906
2017-11-06,40.40999984741211
2017-11-07,40.58000183105469
2017-11-08,40.619998931884766
2017-11-09,40.369998931884766
2017-11-10,40.11000061035156
2017-11-13,40.08000183105469
2017-11-14,39.93000030517578
2017-11-15,39.439998626708984
2017-11-16,39.970001220703125
2017-11-17,39.68000030517578
2017-11-20,39.9900016784668
2017-11-21,40.630001068115234
2017-11-22,40.59000015258789
2017-11-24,40.70000076293945
2017-11-27,40.779998779296875
2017-11-28,41.45000076293945
2017-11-29,41.369998931884766
2017-11-30,41.58000183105469
2017-12-01,41.15999984741211
2017-12-04,42.16999816894531
2017-12-05,42.189998626708984
2017-12-06,42.470001220703125
2017-12-07,42.70000076293945
2017-12-08,42.369998931884766
2017-12-11,41.75
2017-12-12,41.689998626708984
2017-12-13,41.65999984741211
2017-12-14,41.25
2017-12-15,42.65999984741211
2017-12-18,43.20000076293945
2017-12-19,42.779998779296875
2017-12-20,43.029998779296875
2017-12-21,43.95000076293945
2017-12-22,40.209999084472656
2017-12-26,40.150001525878906
2017-12-27,39.650001525878906
2017-12-28,39.59000015258789
2017-12-29,39.290000915527344
2018-01-02,39.45000076293945
2018-01-03,39.13999938964844
2018-01-04,38.75
2018-01-05,38.83000183105469
2018-01-08,39.18000030517578
2018-01-09,38.72999954223633
2018-01-10,38.52000045776367
2018-01-11,38.90999984741211
2018-01-12,41.72999954223633
2018-01-16,41.02000045776367
2018-01-17,41.150001525878906
2018-01-18,40.97999954223633
2018-01-19,41.79999923706055
2018-01-22,41.029998779296875
2018-01-23,40.439998626708984
2018-01-24,40.63999938964844
2018-01-25,40.630001068115234
2018-01-26,40.97999954223633
2018-01-29,40.619998931884766
2018-01-30,39.959999084472656
2018-01-31,40.470001220703125
2018-02-01,39.81999969482422
2018-02-02,39.220001220703125
2018-02-05,37.38999938964844
2018-02-06,38.099998474121094
2018-02-07,37.560001373291016
2018-02-08,38.540000915527344
2018-02-09,39.060001373291016
2018-02-12,39.7400016784668
2018-02-13,39.79999923706055
2018-02-14,40.849998474121094
2018-02-15,42.029998779296875
2018-02-16,42.5
2018-02-20,42.65999984741211
2018-02-21,43.400001525878906
2018-02-22,43.209999084472656
2018-02-23,43.619998931884766
2018-02-26,43.7400016784668
2018-02-27,43.0
2018-02-28,42.58000183105469
2018-03-01,41.40999984741211
2018-03-02,42.4900016784668
2018-03-05,42.529998779296875
2018-03-06,43.09000015258789
2018-03-07,43.400001525878906
2018-03-08,43.790000915527344
2018-03-09,44.900001525878906
2018-03-12,44.880001068115234
2018-03-13,44.38999938964844
2018-03-14,43.72999954223633
2018-03-15,43.58000183105469
2018-03-16,43.33000183105469
2018-03-19,42.81999969482422
2018-03-20,42.95000076293945
2018-03-21,43.72999954223633
2018-03-22,42.900001525878906
2018-03-23,41.91999816894531
2018-03-26,43.70000076293945
2018-03-27,44.029998779296875
2018-03-28,43.52000045776367
2018-03-29,44.11000061035156
2018-04-02,42.470001220703125
2018-04-03,42.59000015258789
2018-04-04,43.41999816894531
2018-04-05,44.06999969482422
2018-04-06,43.22999954223633
2018-04-09,42.689998626708984
2018-04-10,43.630001068115234
2018-04-11,43.79999923706055
2018-04-12,44.31999969482422
2018-04-13,44.529998779296875
2018-04-16,43.86000061035156
2018-04-17,44.720001220703125
2018-04-18,45.349998474121094
2018-04-19,45.45000076293945
2018-04-20,45.0
2018-04-23,44.869998931884766
2018-04-24,44.52000045776367
2018-04-25,44.349998474121094
2018-04-26,44.2400016784668
2018-04-27,43.97999954223633
2018-04-30,43.29999923706055
2018-05-01,43.470001220703125
2018-05-02,43.40999984741211
2018-05-03,43.52000045776367
2018-05-04,44.38999938964844
2018-05-07,45.31999969482422
2018-05-08,46.45000076293945
2018-05-09,47.11000061035156
2018-05-10,47.119998931884766
2018-05-11,46.810001373291016
2018-05-14,46.369998931884766
2018-05-15,46.43000030517578
2018-05-16,46.599998474121094
2018-05-17,46.709999084472656
2018-05-18,46.90999984741211
2018-05-21,47.70000076293945
2018-05-22,43.90999984741211
2018-05-23,44.36000061035156
2018-05-24,44.310001373291016
2018-05-25,44.310001373291016
2018-05-29,43.93000030517578
2018-05-30,45.220001220703125
2018-05-31,44.689998626708984
2018-06-01,45.31999969482422
2018-06-04,46.2599983215332
2018-06-05,47.27000045776367
2018-06-06,47.459999084472656
2018-06-07,47.5099983215332
2018-06-08,47.630001068115234
2018-06-11,47.77000045776367
2018-06-12,48.43000030517578
2018-06-13,48.650001525878906
2018-06-14,47.95000076293945
2018-06-15,47.29999923706055
2018-06-18,47.900001525878906
2018-06-19,47.31999969482422
2018-06-20,47.72999954223633
2018-06-21,47.34000015258789
2018-06-22,47.290000915527344
2018-06-25,46.400001525878906
2018-06-26,47.599998474121094
2018-06-27,46.54999923706055
2018-06-28,46.63999938964844
2018-06-29,46.4900016784668
2018-07-02,46.650001525878906
2018-07-03,46.540000915527344
2018-07-05,47.2400016784668
2018-07-06,47.20000076293945
2018-07-09,48.09000015258789
2018-07-10,48.54999923706055
2018-07-11,43.02000045776367
2018-07-12,43.650001525878906
2018-07-13,45.63999938964844
2018-07-16,45.29999923706055
2018-07-17,46.16999816894531
2018-07-18,46.83000183105469
2018-07-19,47.08000183105469
2018-07-20,46.75
2018-07-23,46.4900016784668
2018-07-24,46.400001525878906
2018-07-25,46.939998626708984
2018-07-26,47.56999969482422
2018-07-27,47.45000076293945
2018-07-30,46.540000915527344
2018-07-31,47.40999984741211
2018-08-01,46.90999984741211
2018-08-02,46.810001373291016
2018-08-03,46.40999984741211
2018-08-06,46.54999923706055
2018-08-07,46.59000015258789
2018-08-08,46.9900016784668
2018-08-09,46.619998931884766
2018-08-10,46.040000915527344
2018-08-13,45.959999084472656
2018-08-14,46.2599983215332
2018-08-15,44.72999954223633
2018-08-16,44.34000015258789
2018-08-17,44.72999954223633
2018-08-20,45.099998474121094
2018-08-21,45.9900016784668
2018-08-22,46.099998474121094
2018-08-23,45.77000045776367
2018-08-24,45.9900016784668
2018-08-27,46.630001068115234
2018-08-28,46.83000183105469
2018-08-29,46.599998474121094
2018-08-30,45.97999954223633
2018-08-31,46.66999816894531
2018-09-04,46.20000076293945
2018-09-05,46.0
2018-09-06,46.279998779296875
2018-09-07,46.09000015258789
2018-09-10,46.0
2018-09-11,42.869998931884766
2018-09-12,43.060001373291016
2018-09-13,42.75
2018-09-14,42.7599983215332
2018-09-17,43.099998474121094
2018-09-18,44.7400016784668
2018-09-19,43.779998779296875
2018-09-20,44.5
2018-09-21,44.90999984741211
2018-09-24,44.9900016784668
2018-09-25,46.029998779296875
2018-09-26,48.619998931884766
2018-09-27,46.189998626708984
2018-09-28,47.88999938964844
2018-10-01,46.220001220703125
2018-10-02,45.34000015258789
2018-10-03,47.060001373291016
2018-10-04,46.66999816894531
2018-10-05,46.2599983215332
2018-10-08,45.91999816894531
2018-10-09,45.619998931884766
2018-10-10,43.9900016784668
2018-10-11,43.630001068115234
2018-10-12,43.540000915527344
2018-10-15,44.18000030517578
2018-10-16,45.439998626708984
2018-10-17,45.279998779296875
2018-10-18,44.59000015258789
2018-10-19,43.97999954223633
2018-10-22,44.70000076293945
2018-10-23,45.279998779296875
2018-10-24,44.22999954223633
2018-10-25,45.439998626708984
2018-10-26,46.0
2018-10-29,46.25
2018-10-30,46.91999816894531
2018-10-31,47.58000183105469
2018-11-01,48.61000061035156
2018-11-02,48.880001068115234
2018-11-05,48.31999969482422
2018-11-06,49.02000045776367
2018-11-07,49.66999816894531
2018-11-08,49.7400016784668
2018-11-09,49.0
2018-11-12,47.61000061035156
2018-11-13,46.880001068115234
2018-11-14,45.880001068115234
2018-11-15,46.29999923706055
2018-11-16,45.61000061035156
2018-11-19,43.709999084472656
2018-11-20,42.4900016784668
2018-11-21,43.040000915527344
2018-11-23,42.77000045776367
2018-11-26,43.27000045776367
2018-11-27,42.41999816894531
2018-11-28,43.29999923706055
2018-11-29,43.060001373291016
2018-11-30,43.689998626708984
2018-12-03,44.619998931884766
2018-12-04,41.83000183105469
2018-12-06,41.41999816894531
2018-12-07,40.91999816894531
2018-12-10,40.849998474121094
2018-12-11,40.7400016784668
2018-12-12,41.97999954223633
2018-12-13,41.220001220703125
2018-12-14,40.689998626708984
2018-12-17,39.7400016784668
2018-12-18,42.36000061035156
2018-12-19,39.099998474121094
2018-12-20,35.5099983215332
2018-12-21,36.150001525878906
2018-12-24,34.7599983215332
2018-12-26,35.619998931884766
2018-12-27,36.93000030517578
2018-12-28,36.88999938964844
2018-12-31,37.34000015258789
2019-01-02,37.45000076293945
2019-01-03,36.63999938964844
2019-01-04,37.56999969482422
2019-01-07,38.04999923706055
2019-01-08,39.029998779296875
2019-01-09,38.959999084472656
2019-01-10,38.90999984741211
2019-01-11,39.54999923706055
2019-01-14,37.77000045776367
2019-01-15,37.150001525878906
2019-01-16,36.70000076293945
2019-01-17,37.349998474121094
2019-01-18,37.66999816894531
2019-01-22,36.77000045776367
2019-01-23,37.0099983215332
2019-01-24,37.11000061035156
2019-01-25,37.209999084472656
2019-01-28,36.869998931884766
2019-01-29,36.540000915527344
2019-01-30,36.93000030517578
2019-01-31,37.68000030517578
2019-02-01,36.5099983215332
2019-02-04,37.34000015258789
2019-02-05,37.790000915527344
2019-02-06,37.369998931884766
2019-02-07,37.040000915527344
2019-02-08,36.81999969482422
2019-02-11,36.939998626708984
2019-02-12,37.33000183105469
2019-02-13,37.099998474121094
2019-02-14,37.2400016784668
2019-02-15,37.880001068115234
2019-02-19,37.91999816894531
2019-02-20,37.65999984741211
2019-02-21,37.45000076293945
2019-02-22,38.060001373291016
2019-02-25,37.45000076293945
2019-02-26,37.29999923706055
2019-02-27,36.650001525878906
2019-02-28,36.529998779296875
2019-03-01,36.56999969482422
2019-03-04,35.20000076293945
2019-03-05,35.220001220703125
2019-03-06,34.31999969482422
2019-03-07,33.70000076293945
2019-03-08,33.689998626708984
2019-03-11,33.7400016784668
2019-03-12,34.08000183105469
2019-03-13,34.02000045776367
2019-03-14,34.220001220703125
2019-03-15,34.189998626708984
2019-03-18,35.13999938964844
2019-03-19,35.099998474121094
2019-03-20,33.16999816894531
2019-03-21,33.709999084472656
2019-03-22,32.59000015258789
2019-03-25,32.36000061035156
2019-03-26,32.22999954223633
2019-03-27,32.36000061035156
2019-03-28,32.349998474121094
2019-03-29,32.5099983215332
2019-04-01,33.47999954223633
2019-04-02,33.02000045776367
2019-04-03,32.90999984741211
2019-04-04,33.560001373291016
2019-04-05,33.880001068115234
2019-04-08,33.93000030517578
2019-04-09,33.13999938964844
2019-04-10,33.650001525878906
2019-04-11,33.66999816894531
2019-04-12,33.959999084472656
2019-04-15,33.630001068115234
2019-04-16,33.630001068115234
2019-04-17,32.65999984741211
2019-04-18,32.93000030517578
2019-04-22,32.400001525878906
2019-04-23,33.22999954223633
2019-04-24,33.97999954223633
2019-04-25,33.59000015258789
2019-04-26,33.709999084472656
2019-04-29,33.810001373291016
2019-04-30,33.77000045776367
2019-05-01,33.619998931884766
2019-05-02,32.79999923706055
2019-05-03,33.779998779296875
2019-05-06,33.939998626708984
2019-05-07,33.56999969482422
2019-05-08,33.65999984741211
2019-05-09,33.66999816894531
2019-05-10,33.779998779296875
2019-05-13,31.979999542236328
2019-05-14,32.459999084472656
2019-05-15,32.709999084472656
2019-05-16,32.27000045776367
2019-05-17,30.959999084472656
2019-05-20,31.100000381469727
2019-05-21,31.559999465942383
2019-05-22,31.0
2019-05-23,30.13999938964844
2019-05-24,30.84000015258789
2019-05-28,30.06999969482422
2019-05-29,30.969999313354492
2019-05-30,30.579999923706055
2019-05-31,30.09000015258789
2019-06-03,30.600000381469727
2019-06-04,32.630001068115234
2019-06-05,33.36000061035156
2019-06-06,32.38999938964844
2019-06-07,33.060001373291016
2019-06-10,33.77000045776367
2019-06-11,32.95000076293945
2019-06-12,33.40999984741211
2019-06-13,33.93000030517578
2019-06-14,33.369998931884766
2019-06-17,32.40999984741211
2019-06-18,33.2400016784668
2019-06-19,33.650001525878906
2019-06-20,33.97999954223633
2019-06-21,34.959999084472656
2019-06-24,34.70000076293945
2019-06-25,35.16999816894531
2019-06-26,35.209999084472656
2019-06-27,36.22999954223633
2019-06-28,36.790000915527344
2019-07-01,36.560001373291016
2019-07-02,36.95000076293945
2019-07-03,37.41999816894531
2019-07-05,37.90999984741211
2019-07-08,37.65999984741211
2019-07-09,38.900001525878906
2019-07-10,39.209999084472656
2019-07-11,42.619998931884766
2019-07-12,41.310001373291016
2019-07-15,41.18000030517578
2019-07-16,41.959999084472656
2019-07-17,41.7599983215332
2019-07-18,41.869998931884766
2019-07-19,42.15999984741211
2019-07-22,41.36000061035156
2019-07-23,41.63999938964844
2019-07-24,42.560001373291016
2019-07-25,42.20000076293945
2019-07-26,42.27000045776367
2019-07-29,42.099998474121094
2019-07-30,42.380001068115234
2019-07-31,41.86000061035156
2019-08-01,40.95000076293945
2019-08-02,40.540000915527344
2019-08-05,39.459999084472656
2019-08-06,40.130001068115234
2019-08-07,39.869998931884766
2019-08-08,42.0099983215332
2019-08-09,40.959999084472656
2019-08-12,40.75
2019-08-13,40.93000030517578
2019-08-14,39.869998931884766
2019-08-15,40.79999923706055
2019-08-16,42.220001220703125
2019-08-19,42.400001525878906
2019-08-20,42.34000015258789
2019-08-21,42.119998931884766
2019-08-22,42.150001525878906
2019-08-23,41.0
2019-08-26,41.130001068115234
2019-08-27,41.689998626708984
2019-08-28,42.09000015258789
2019-08-29,42.959999084472656
2019-08-30,42.959999084472656
2019-09-03,43.130001068115234
2019-09-04,43.5099983215332
2019-09-05,44.540000915527344
2019-09-06,43.810001373291016
2019-09-09,44.63999938964844
2019-09-10,44.790000915527344
2019-09-11,45.630001068115234
2019-09-12,45.58000183105469
2019-09-13,45.41999816894531
2019-09-16,45.25
2019-09-17,45.5
2019-09-18,44.9900016784668
2019-09-19,45.4900016784668
2019-09-20,45.31999969482422
2019-09-23,43.7400016784668
2019-09-24,43.91999816894531
2019-09-25,45.31999969482422
2019-09-26,41.34000015258789
2019-09-27,41.849998474121094
2019-09-30,41.209999084472656
2019-10-01,40.20000076293945
2019-10-02,39.7400016784668
2019-10-03,40.04999923706055
2019-10-04,41.29999923706055
2019-10-07,41.130001068115234
2019-10-08,40.400001525878906
2019-10-09,41.060001373291016
2019-10-10,40.86000061035156
2019-10-11,40.93000030517578
2019-10-14,41.310001373291016
2019-10-15,41.11000061035156
2019-10-16,40.97999954223633
2019-10-17,41.290000915527344
2019-10-18,39.810001373291016
2019-10-21,40.2599983215332
2019-10-22,40.31999969482422
2019-10-23,40.90999984741211
2019-10-24,40.779998779296875
2019-10-25,40.650001525878906
2019-10-28,41.540000915527344
2019-10-29,41.97999954223633
2019-10-30,41.29999923706055
2019-10-31,41.75
2019-11-01,42.790000915527344
2019-11-04,42.9900016784668
2019-11-05,43.529998779296875
2019-11-06,43.5
2019-11-07,44.189998626708984
2019-11-08,43.349998474121094
2019-11-11,43.470001220703125
2019-11-12,44.290000915527344
2019-11-13,44.25
2019-11-14,44.630001068115234
2019-11-15,44.7400016784668
2019-11-18,43.7599983215332
2019-11-19,44.130001068115234
2019-11-20,44.63999938964844
2019-11-21,44.560001373291016
2019-11-22,44.150001525878906
2019-11-25,44.77000045776367
2019-11-26,44.9900016784668
2019-11-27,44.939998626708984
2019-11-29,44.689998626708984
2019-12-02,43.72999954223633
2019-12-03,43.65999984741211
2019-12-04,44.33000183105469
2019-12-05,44.63999938964844
2019-12-06,44.959999084472656
2019-12-09,44.900001525878906
2019-12-10,44.93000030517578
2019-12-11,44.939998626708984
2019-12-12,45.029998779296875
2019-12-13,44.619998931884766
2019-12-16,44.970001220703125
2019-12-17,45.43000030517578
2019-12-18,45.16999816894531
2019-12-19,45.66999816894531
2019-12-20,51.880001068115234
2019-12-23,47.97999954223633
2019-12-24,47.959999084472656
2019-12-26,46.41999816894531
2019-12-27,45.290000915527344
2019-12-30,45.25
2019-12-31,45.099998474121094
2020-01-02,45.75
2020-01-03,45.709999084472656
2020-01-06,45.599998474121094
2020-01-07,45.540000915527344
2020-01-08,46.77000045776367
2020-01-09,46.779998779296875
2020-01-10,45.880001068115234
2020-01-13,45.849998474121094
2020-01-14,45.630001068115234
2020-01-15,45.540000915527344
2020-01-16,46.0
2020-01-17,45.81999969482422
2020-01-21,45.119998931884766
2020-01-22,45.25
2020-01-23,45.0099983215332
2020-01-24,44.22999954223633
2020-01-27,44.41999816894531
2020-01-28,44.54999923706055
2020-01-29,43.59000015258789
2020-01-30,43.810001373291016
2020-01-31,42.58000183105469
2020-02-03,42.5099983215332
2020-02-04,42.88999938964844
2020-02-05,44.5
2020-02-06,44.31999969482422
2020-02-07,44.380001068115234
2020-02-10,44.0
2020-02-11,44.369998931884766
2020-02-12,44.83000183105469
2020-02-13,44.810001373291016
2020-02-14,45.02000045776367
2020-02-18,44.83000183105469
2020-02-19,45.2599983215332
2020-02-20,44.7599983215332
2020-02-21,45.72999954223633
2020-02-24,44.119998931884766
2020-02-25,40.349998474121094
2020-02-26,38.83000183105469
2020-02-27,35.75
2020-02-28,34.54999923706055
2020-03-02,36.40999984741211
2020-03-03,36.5
2020-03-04,38.02000045776367
2020-03-05,37.65999984741211
2020-03-06,36.369998931884766
2020-03-09,30.25
2020-03-10,30.690000534057617
2020-03-11,28.0
2020-03-12,22.09000015258789
2020-03-13,19.0
2020-03-16,15.300000190734863
2020-03-17,14.25
2020-03-18,9.4399995803833
2020-03-19,12.880000114440918
2020-03-20,13.369999885559082
2020-03-23,13.210000038146973
2020-03-24,15.260000228881836
2020-03-25,16.440000534057617
2020-03-26,19.950000762939453
2020-03-27,17.989999771118164
2020-03-30,18.09000015258789
2020-03-31,17.760000228881836
2020-04-01,16.489999771118164
2020-04-02,17.190000534057617
2020-04-03,14.920000076293944
2020-04-06,17.229999542236328
2020-04-07,17.8799991607666
2020-04-08,18.489999771118164
2020-04-09,19.8799991607666
2020-04-13,18.13999938964844
2020-04-14,18.329999923706055
2020-04-15,17.1200008392334
2020-04-16,16.65999984741211
2020-04-17,18.11000061035156
2020-04-20,17.190000534057617
2020-04-21,16.010000228881836
2020-04-22,16.1200008392334
2020-04-23,16.559999465942383
2020-04-24,16.350000381469727
2020-04-27,16.829999923706055
2020-04-28,18.780000686645508
2020-04-29,20.299999237060547
2020-04-30,19.579999923706055
2020-05-01,18.329999923706055
2020-05-04,17.969999313354492
2020-05-05,17.59000015258789
2020-05-06,16.34000015258789
2020-05-07,16.690000534057617
2020-05-08,18.200000762939453
2020-05-11,17.34000015258789
2020-05-12,16.260000228881836
2020-05-13,15.210000038146973
2020-05-14,15.079999923706056
2020-05-15,15.239999771118164
2020-05-18,17.649999618530273
2020-05-19,17.1299991607666
2020-05-20,17.760000228881836
2020-05-21,17.940000534057617
2020-05-22,17.920000076293945
2020-05-26,19.260000228881836
2020-05-27,21.270000457763672
2020-05-28,20.739999771118164
2020-05-29,20.170000076293945
2020-06-01,20.079999923706055
2020-06-02,20.56999969482422
2020-06-03,24.940000534057617
2020-06-04,25.600000381469727
2020-06-05,27.190000534057617
2020-06-08,28.979999542236328
2020-06-09,27.1200008392334
2020-06-10,24.510000228881836
2020-06-11,20.799999237060547
2020-06-12,23.280000686645508
2020-06-15,22.959999084472656
2020-06-16,24.1299991607666
2020-06-17,22.540000915527344
2020-06-18,22.549999237060547
2020-06-19,21.34000015258789
2020-06-22,20.959999084472656
2020-06-23,20.90999984741211
2020-06-24,19.06999969482422
2020-06-25,19.200000762939453
2020-06-26,19.059999465942383
2020-06-29,21.0
2020-06-30,20.670000076293945
2020-07-01,21.010000228881836
2020-07-02,20.799999237060547
2020-07-06,21.09000015258789
2020-07-07,19.399999618530273
2020-07-08,19.399999618530273
2020-07-09,17.829999923706055
2020-07-10,19.010000228881836
2020-07-13,18.940000534057617
2020-07-14,19.100000381469727
2020-07-15,19.459999084472656
2020-07-16,19.18000030517578
2020-07-17,19.079999923706055
2020-07-20,18.190000534057617
2020-07-21,19.170000076293945
2020-07-22,19.010000228881836
2020-07-23,19.229999542236328
2020-07-24,17.989999771118164
2020-07-27,17.719999313354492
2020-07-28,17.139999389648438
2020-07-29,17.469999313354492
2020-07-30,16.780000686645508
2020-07-31,17.219999313354492
2020-08-03,17.15999984741211
2020-08-04,17.3799991607666
2020-08-05,18.18000030517578
2020-08-06,18.13999938964844
2020-08-07,18.770000457763672
2020-08-10,19.670000076293945
2020-08-11,20.280000686645508
2020-08-12,19.90999984741211
2020-08-13,19.540000915527344
2020-08-14,20.1299991607666
2020-08-17,19.3700008392334
2020-08-18,18.899999618530273
2020-08-19,19.510000228881836
2020-08-20,19.25
2020-08-21,18.799999237060547
2020-08-24,19.850000381469727
2020-08-25,19.899999618530273
2020-08-26,19.0
2020-08-27,19.88999938964844
2020-08-28,20.489999771118164
2020-08-31,20.18000030517578
2020-09-01,20.309999465942383
2020-09-02,20.520000457763672
2020-09-03,20.11000061035156
2020-09-04,20.229999542236328
2020-09-08,19.59000015258789
2020-09-09,18.6299991607666
2020-09-10,18.020000457763672
2020-09-11,18.260000228881836
2020-09-14,19.010000228881836
2020-09-15,18.600000381469727
2020-09-16,19.440000534057617
2020-09-17,19.940000534057617
2020-09-18,19.829999923706055
2020-09-21,18.270000457763672
2020-09-22,18.020000457763672
2020-09-23,17.479999542236328
2020-09-24,17.829999923706055
2020-09-25,19.549999237060547
2020-09-28,19.86000061035156
2020-09-29,19.11000061035156
2020-09-30,18.799999237060547
2020-10-01,19.09000015258789
2020-10-02,19.479999542236328
2020-10-05,19.399999618530273
2020-10-06,19.030000686645508
2020-10-07,19.329999923706055
2020-10-08,20.40999984741211
2020-10-09,20.479999542236328
2020-10-12,20.670000076293945
2020-10-13,19.93000030517578
2020-10-14,19.729999542236328
2020-10-15,19.979999542236328
2020-10-16,19.8700008392334
2020-10-19,19.899999618530273
2020-10-20,20.09000015258789
2020-10-21,19.86000061035156
2020-10-22,20.65999984741211
2020-10-23,20.56999969482422
2020-10-26,20.0
2020-10-27,19.309999465942383
2020-10-28,18.670000076293945
2020-10-29,19.440000534057617
2020-10-30,19.459999084472656
2020-11-02,20.350000381469727
2020-11-03,20.75
2020-11-04,20.040000915527344
2020-11-05,20.520000457763672
2020-11-06,20.059999465942383
2020-11-09,23.6299991607666
2020-11-10,24.670000076293945
2020-11-11,24.040000915527344
2020-11-12,23.25
2020-11-13,24.780000686645508
2020-11-16,26.65999984741211
2020-11-17,27.11000061035156
2020-11-18,26.209999084472656
2020-11-19,26.5
2020-11-20,26.530000686645508
2020-11-23,29.25
2020-11-24,29.829999923706055
2020-11-25,29.190000534057617
2020-11-27,29.56999969482422
2020-11-30,28.3700008392334
2020-12-01,30.65999984741211
2020-12-02,32.25
2020-12-03,33.189998626708984
2020-12-04,34.75
2020-12-07,34.029998779296875
2020-12-08,34.27000045776367
2020-12-09,34.869998931884766
2020-12-10,34.060001373291016
2020-12-11,34.02000045776367
2020-12-14,33.7599983215332
2020-12-15,35.34000015258789
2020-12-16,34.290000915527344
2020-12-17,34.630001068115234
2020-12-18,35.18000030517578
2020-12-21,35.529998779296875
2020-12-22,35.869998931884766
2020-12-23,35.959999084472656
2020-12-24,35.4900016784668
2020-12-28,35.779998779296875
2020-12-29,35.41999816894531
2020-12-30,36.18000030517578
2020-12-31,36.220001220703125
2021-01-04,34.36000061035156
2021-01-05,36.0099983215332
2021-01-06,38.45000076293945
2021-01-07,38.619998931884766
2021-01-08,37.95000076293945
2021-01-11,37.79999923706055
2021-01-12,38.77000045776367
2021-01-13,38.84000015258789
2021-01-14,39.709999084472656
2021-01-15,38.20000076293945
2021-01-19,37.779998779296875
2021-01-20,37.43000030517578
2021-01-21,37.02000045776367
2021-01-22,37.15999984741211
2021-01-25,36.86000061035156
2021-01-26,35.0099983215332
2021-01-27,33.81999969482422
2021-01-28,35.119998931884766
2021-01-29,33.54999923706055
2021-02-01,34.529998779296875
2021-02-02,35.790000915527344
2021-02-03,36.279998779296875
2021-02-04,37.36000061035156
2021-02-05,37.0099983215332
2021-02-08,38.630001068115234
2021-02-09,38.099998474121094
2021-02-10,37.689998626708984
2021-02-11,38.0
2021-02-12,38.38999938964844
2021-02-16,38.97999954223633
2021-02-17,39.209999084472656
2021-02-18,38.65999984741211
2021-02-19,40.630001068115234
2021-02-22,41.06999969482422
2021-02-23,42.0
2021-02-24,42.77000045776367
2021-02-25,39.95000076293945
2021-02-26,39.779998779296875
2021-03-01,42.060001373291016
2021-03-02,40.810001373291016
2021-03-03,40.95000076293945
2021-03-04,40.77000045776367
2021-03-05,41.77000045776367
2021-03-08,42.11000061035156
2021-03-09,41.900001525878906
2021-03-10,43.20000076293945
2021-03-11,44.790000915527344
2021-03-12,43.970001220703125
2021-03-15,44.119998931884766
2021-03-16,43.25
2021-03-17,44.619998931884766
2021-03-18,42.290000915527344
2021-03-19,42.279998779296875
2021-03-22,41.58000183105469
2021-03-23,39.97999954223633
2021-03-24,40.720001220703125
2021-03-25,42.86000061035156
2021-03-26,42.880001068115234
2021-03-29,41.560001373291016
2021-03-30,42.029998779296875
2021-03-31,41.650001525878906
2021-04-01,42.11000061035156
2021-04-05,41.9900016784668
2021-04-06,41.61000061035156
2021-04-07,40.65999984741211
2021-04-08,41.0099983215332
2021-04-09,40.88999938964844
2021-04-12,40.91999816894531
2021-04-13,40.22999954223633
2021-04-14,41.08000183105469
2021-04-15,40.7599983215332
2021-04-16,40.650001525878906
2021-04-19,39.779998779296875
2021-04-20,38.5099983215332
2021-04-21,39.869998931884766
2021-04-22,39.81999969482422
2021-04-23,40.380001068115234
2021-04-26,40.27000045776367
2021-04-27,40.29999923706055
2021-04-28,39.90999984741211
2021-04-29,40.599998474121094
2021-04-30,40.2400016784668
2021-05-03,40.040000915527344
2021-05-04,39.79999923706055
2021-05-05,39.439998626708984
2021-05-06,39.83000183105469
2021-05-07,40.349998474121094
2021-05-10,39.41999816894531
2021-05-11,38.97999954223633
2021-05-12,37.2400016784668
2021-05-13,39.189998626708984
2021-05-14,39.880001068115234
2021-05-17,40.2599983215332
2021-05-18,39.970001220703125
2021-05-19,39.5099983215332
2021-05-20,39.65999984741211
2021-05-21,39.040000915527344
2021-05-24,39.5
2021-05-25,39.41999816894531
2021-05-26,40.209999084472656
2021-05-27,41.369998931884766
2021-05-28,41.75
2021-06-01,42.560001373291016
2021-06-02,41.529998779296875
2021-06-03,41.290000915527344
2021-06-04,41.43000030517578
2021-06-07,40.939998626708984
2021-06-08,41.47999954223633
2021-06-09,40.2599983215332
2021-06-10,39.720001220703125
2021-06-11,41.06999969482422
2021-06-14,40.779998779296875
2021-06-15,41.720001220703125
2021-06-16,41.13999938964844
2021-06-17,40.5099983215332
2021-06-18,39.630001068115234
2021-06-21,40.40999984741211
2021-06-22,40.25
2021-06-23,39.0
2021-06-24,39.810001373291016
2021-06-25,39.709999084472656
2021-06-28,38.540000915527344
2021-06-29,38.2400016784668
2021-06-30,38.75
2021-07-01,38.97999954223633
2021-07-02,38.119998931884766
2021-07-06,37.34000015258789
2021-07-07,36.849998474121094
2021-07-08,36.75
2021-07-09,37.56999969482422
2021-07-12,37.7400016784668
2021-07-13,36.84000015258789
2021-07-14,36.72999954223633
2021-07-15,36.43000030517578
2021-07-16,36.369998931884766
2021-07-19,34.279998779296875
2021-07-20,36.29999923706055
2021-07-21,37.38999938964844
2021-07-22,36.380001068115234
2021-07-23,36.439998626708984
2021-07-26,36.380001068115234
2021-07-27,35.970001220703125
2021-07-28,35.9900016784668
2021-07-29,36.81999969482422
2021-07-30,35.7599983215332
2021-08-02,35.029998779296875
2021-08-03,35.040000915527344
2021-08-04,33.0
2021-08-05,34.0
2021-08-06,34.45000076293945
2021-08-09,33.65999984741211
2021-08-10,34.4900016784668
2021-08-11,35.0099983215332
2021-08-12,34.66999816894531
2021-08-13,34.06999969482422
2021-08-16,33.689998626708984
2021-08-17,33.2599983215332
2021-08-18,32.689998626708984
2021-08-19,32.150001525878906
2021-08-20,32.36000061035156
2021-08-23,32.650001525878906
2021-08-24,33.18000030517578
2021-08-25,33.650001525878906
2021-08-26,33.099998474121094
2021-08-27,34.400001525878906
2021-08-30,33.79999923706055
2021-08-31,33.849998474121094
2021-09-01,34.029998779296875
2021-09-02,33.970001220703125
2021-09-03,33.72999954223633
2021-09-07,33.61000061035156
2021-09-08,32.970001220703125
2021-09-09,32.869998931884766
2021-09-10,32.099998474121094
2021-09-13,33.150001525878906
2021-09-14,32.59000015258789
2021-09-15,32.91999816894531
2021-09-16,32.04999923706055
2021-09-17,31.90999984741211
2021-09-20,31.850000381469727
2021-09-21,31.63999938964844
2021-09-22,32.349998474121094
2021-09-23,33.2400016784668
2021-09-24,32.900001525878906
2021-09-27,32.5099983215332
2021-09-28,32.25
2021-09-29,32.56999969482422
2021-09-30,32.43000030517578
2021-10-01,33.650001525878906
2021-10-04,33.84000015258789
2021-10-05,33.95000076293945
2021-10-06,33.33000183105469
2021-10-07,34.08000183105469
2021-10-08,33.72999954223633
2021-10-11,33.0099983215332
2021-10-12,33.540000915527344
2021-10-13,33.349998474121094
2021-10-14,32.939998626708984
2021-10-15,33.84000015258789
2021-10-18,33.08000183105469
2021-10-19,33.400001525878906
2021-10-20,33.77000045776367
2021-10-21,33.849998474121094
2021-10-22,34.959999084472656
2021-10-25,34.5099983215332
2021-10-26,34.81999969482422
2021-10-27,34.75
2021-10-28,35.59000015258789
2021-10-29,35.369998931884766
2021-11-01,36.25
2021-11-02,36.15999984741211
2021-11-03,36.93000030517578
2021-11-04,36.93000030517578
2021-11-05,39.38999938964844
2021-11-08,38.91999816894531
2021-11-09,38.93000030517578
2021-11-10,38.900001525878906
2021-11-11,38.43000030517578
2021-11-12,38.20000076293945
2021-11-15,38.02000045776367
2021-11-16,37.060001373291016
2021-11-17,37.58000183105469
2021-11-18,36.9900016784668
2021-11-19,36.36000061035156
2021-11-22,36.939998626708984
2021-11-23,36.90999984741211
2021-11-24,37.310001373291016
2021-11-26,34.349998474121094
2021-11-29,34.16999816894531
2021-11-30,32.65999984741211
2021-12-01,31.920000076293945
2021-12-02,33.54999923706055
2021-12-03,33.33000183105469
2021-12-06,34.36000061035156
2021-12-07,35.0099983215332
2021-12-08,35.20000076293945
2021-12-09,35.119998931884766
2021-12-10,35.41999816894531
2021-12-13,35.0
2021-12-14,34.93000030517578
2021-12-15,35.83000183105469
2021-12-16,35.040000915527344
2021-12-17,35.75
2021-12-20,35.40999984741211
2021-12-21,37.150001525878906
2021-12-22,38.04999923706055
2021-12-23,38.5
2021-12-27,38.70000076293945
2021-12-28,38.9900016784668
2021-12-29,39.08000183105469
2021-12-30,38.54999923706055
2021-12-31,39.029998779296875
2022-01-03,39.869998931884766
2022-01-04,41.47999954223633
2022-01-05,41.15999984741211
2022-01-06,41.79999923706055
2022-01-07,41.66999816894531
2022-01-10,41.40999984741211
2022-01-11,42.0099983215332
2022-01-12,41.7599983215332
2022-01-13,42.65999984741211
2022-01-14,42.810001373291016
2022-01-18,42.27000045776367
2022-01-19,41.38999938964844
2022-01-20,40.849998474121094
2022-01-21,39.83000183105469
2022-01-24,40.06999969482422
2022-01-25,40.2599983215332
2022-01-26,39.959999084472656
2022-01-27,39.70000076293945
2022-01-28,39.40999984741211
2022-01-31,40.27000045776367
2022-02-01,40.77000045776367
2022-02-02,40.66999816894531
2022-02-03,40.2599983215332
2022-02-04,39.650001525878906
2022-02-07,39.47999954223633
2022-02-08,41.04999923706055
2022-02-09,41.970001220703125
2022-02-10,41.810001373291016
2022-02-11,41.619998931884766
2022-02-14,41.88999938964844
2022-02-15,43.04999923706055
2022-02-16,44.40999984741211
2022-02-17,43.93000030517578
2022-02-18,43.11000061035156
2022-02-22,42.279998779296875
2022-02-23,41.75
2022-02-24,42.16999816894531
2022-02-25,43.58000183105469
2022-02-28,44.939998626708984
2022-03-01,43.68000030517578
2022-03-02,45.400001525878906
2022-03-03,44.400001525878906
2022-03-04,43.810001373291016
2022-03-07,43.61000061035156
2022-03-08,44.02000045776367
2022-03-09,45.400001525878906
2022-03-10,45.33000183105469
2022-03-11,45.33000183105469
2022-03-14,44.34000015258789
2022-03-15,43.91999816894531
2022-03-16,44.7400016784668
2022-03-17,44.810001373291016
2022-03-18,45.41999816894531
2022-03-21,46.18000030517578
2022-03-22,46.88999938964844
2022-03-23,50.400001525878906
2022-03-24,50.93000030517578
2022-03-25,50.93000030517578
2022-03-28,48.36000061035156
2022-03-29,48.209999084472656
2022-03-30,48.290000915527344
2022-03-31,48.43000030517578
2022-04-01,48.619998931884766
2022-04-04,48.13999938964844
2022-04-05,47.08000183105469
2022-04-06,47.849998474121094
2022-04-07,49.290000915527344
2022-04-08,48.86000061035156
2022-04-11,48.95000076293945
2022-04-12,50.22999954223633
2022-04-13,50.7400016784668
2022-04-14,50.52000045776367
2022-04-18,50.529998779296875
2022-04-19,51.060001373291016
2022-04-20,51.13999938964844
2022-04-21,49.4900016784668
2022-04-22,48.849998474121094
2022-04-25,48.68000030517578
2022-04-26,47.709999084472656
2022-04-27,47.790000915527344
2022-04-28,48.400001525878906
2022-04-29,46.97999954223633
2022-05-02,46.709999084472656
2022-05-03,46.709999084472656
2022-05-04,48.43000030517578
2022-05-05,46.95000076293945
2022-05-06,46.93000030517578
2022-05-09,45.209999084472656
2022-05-10,45.61000061035156
2022-05-11,45.4900016784668
2022-05-12,45.5099983215332
2022-05-13,45.599998474121094
2022-05-16,45.349998474121094
2022-05-17,47.13999938964844
2022-05-18,46.15999984741211
2022-05-19,45.45000076293945
2022-05-20,44.849998474121094
2022-05-23,46.599998474121094
2022-05-24,46.459999084472656
2022-05-25,47.189998626708984
2022-05-26,48.36000061035156
2022-05-27,49.65999984741211
2022-05-31,48.220001220703125
2022-06-01,48.560001373291016
2022-06-02,50.130001068115234
2022-06-03,48.7400016784668
2022-06-06,49.84000015258789
2022-06-07,52.349998474121094
2022-06-08,50.869998931884766
2022-06-09,47.97999954223633
2022-06-10,45.810001373291016
2022-06-13,43.959999084472656
2022-06-14,43.09000015258789
2022-06-15,43.380001068115234
2022-06-16,40.18000030517578
2022-06-17,40.189998626708984
2022-06-21,40.52000045776367
2022-06-22,41.11000061035156
2022-06-23,39.93000030517578
2022-06-24,41.38999938964844
2022-06-27,41.400001525878906
2022-06-28,41.86000061035156
2022-06-29,41.52000045776367
2022-06-30,41.84000015258789
2022-07-01,42.0
2022-07-05,40.66999816894531
2022-07-06,41.08000183105469
2022-07-07,42.06999969482422
2022-07-08,42.25
2022-07-11,41.31999969482422
2022-07-12,41.45000076293945
2022-07-13,41.16999816894531
2022-07-14,41.459999084472656
2022-07-15,41.66999816894531
2022-07-18,41.880001068115234
2022-07-19,44.2400016784668
2022-07-20,45.02000045776367
2022-07-21,43.529998779296875
2022-07-22,41.34000015258789
2022-07-25,42.31999969482422
2022-07-26,42.279998779296875
2022-07-27,43.630001068115234
2022-07-28,44.18000030517578
2022-07-29,44.529998779296875
2022-08-01,44.84000015258789
2022-08-02,44.779998779296875
2022-08-03,44.75
2022-08-04,45.04999923706055
2022-08-05,45.130001068115234
2022-08-08,45.040000915527344
2022-08-09,45.54999923706055
2022-08-10,46.630001068115234
2022-08-11,46.31999969482422
2022-08-12,47.099998474121094
2022-08-15,47.88999938964844
2022-08-16,47.83000183105469
2022-08-17,47.130001068115234
2022-08-18,47.34000015258789
2022-08-19,46.540000915527344
2022-08-22,45.060001373291016
2022-08-23,45.2599983215332
2022-08-24,45.939998626708984
2022-08-25,46.470001220703125
2022-08-26,44.81999969482422
2022-08-29,44.689998626708984
2022-08-30,43.599998474121094
2022-08-31,42.880001068115234
2022-09-01,41.97999954223633
2022-09-02,42.56999969482422
2022-09-06,42.29999923706055
2022-09-07,42.43000030517578
2022-09-08,41.88999938964844
2022-09-09,43.029998779296875
2022-09-12,43.61000061035156
2022-09-13,41.27000045776367
2022-09-14,41.0
2022-09-15,39.849998474121094
2022-09-16,38.33000183105469
2022-09-19,39.689998626708984
2022-09-20,39.52000045776367
2022-09-21,38.95000076293945
2022-09-22,38.02000045776367
2022-09-23,35.310001373291016
2022-09-26,34.970001220703125
2022-09-27,35.0099983215332
2022-09-28,35.91999816894531
2022-09-29,35.77000045776367
2022-09-30,35.81999969482422
2022-10-03,36.900001525878906
2022-10-04,38.310001373291016
2022-10-05,38.31999969482422
2022-10-06,38.119998931884766
2022-10-07,38.279998779296875
2022-10-10,38.34000015258789
2022-10-11,38.459999084472656
2022-10-12,38.18000030517578
2022-10-13,39.400001525878906
2022-10-14,38.369998931884766
2022-10-17,39.58000183105469
2022-10-18,40.59000015258789
2022-10-19,41.25
2022-10-20,41.66999816894531
2022-10-21,42.709999084472656
2022-10-24,43.06999969482422
2022-10-25,43.40999984741211
2022-10-26,43.41999816894531
2022-10-27,44.209999084472656
2022-10-28,44.97999954223633
2022-10-31,44.31999969482422
2022-11-01,44.939998626708984
2022-11-02,42.63999938964844
2022-11-03,42.459999084472656
2022-11-04,43.06999969482422
2022-11-07,43.849998474121094
2022-11-08,44.290000915527344
2022-11-09,43.56999969482422
2022-11-10,45.810001373291016
2022-11-11,44.91999816894531
2022-11-14,44.290000915527344
2022-11-15,45.09000015258789
2022-11-16,45.459999084472656
2022-11-17,46.040000915527344
2022-11-18,46.0099983215332
2022-11-21,46.060001373291016
2022-11-22,46.68000030517578
2022-11-23,46.459999084472656
2022-11-25,46.54999923706055
2022-11-28,44.97999954223633
2022-11-29,45.29999923706055
2022-11-30,46.560001373291016
2022-12-01,46.93000030517578
2022-12-02,47.560001373291016
2022-12-05,46.91999816894531
2022-12-06,46.189998626708984
2022-12-07,46.40999984741211
2022-12-08,46.22999954223633
2022-12-09,45.41999816894531
2022-12-12,46.22999954223633
2022-12-13,45.95000076293945
2022-12-14,45.4900016784668
2022-12-15,43.47999954223633
2022-12-16,44.4900016784668
2022-12-19,44.59000015258789
2022-12-20,45.209999084472656
2022-12-21,43.119998931884766
2022-12-22,42.04999923706055
2022-12-23,42.88999938964844
2022-12-27,44.310001373291016
2022-12-28,43.689998626708984
2022-12-29,44.70000076293945
2022-12-30,44.900001525878906
2023-01-03,44.599998474121094
2023-01-04,45.2400016784668
2023-01-05,44.81999969482422
2023-01-06,46.09000015258789
2023-01-09,46.18000030517578
2023-01-10,46.83000183105469
2023-01-11,48.400001525878906
2023-01-12,49.470001220703125
2023-01-13,49.25
2023-01-17,49.2599983215332
2023-01-18,48.54999923706055
2023-01-19,48.040000915527344
2023-01-20,48.20000076293945
2023-01-23,48.25
2023-01-24,48.150001525878906
2023-01-25,49.470001220703125
2023-01-26,50.4900016784668
2023-01-27,50.20000076293945
2023-01-30,49.90999984741211
2023-01-31,51.439998626708984
2023-02-01,52.029998779296875
2023-02-02,52.099998474121094
2023-02-03,51.939998626708984
2023-02-06,51.4900016784668
2023-02-07,52.2400016784668
2023-02-08,51.93000030517578
2023-02-09,50.7599983215332
2023-02-10,51.40999984741211
2023-02-13,52.209999084472656
2023-02-14,53.650001525878906
2023-02-15,54.7400016784668
2023-02-16,54.40999984741211
2023-02-17,54.41999816894531
2023-02-21,53.439998626708984
2023-02-22,53.939998626708984
2023-02-23,55.0
2023-02-24,54.709999084472656
2023-02-27,54.90999984741211
2023-02-28,54.38999938964844
2023-03-01,55.189998626708984
2023-03-02,56.06999969482422
2023-03-03,56.599998474121094
2023-03-06,54.939998626708984
2023-03-07,54.68000030517578
2023-03-08,54.66999816894531
2023-03-09,53.95000076293945
2023-03-10,52.58000183105469
2023-03-13,51.810001373291016
2023-03-14,52.86000061035156
2023-03-15,50.75
2023-03-16,52.279998779296875
2023-03-17,50.63999938964844
2023-03-20,51.86000061035156
2023-03-21,52.619998931884766
2023-03-22,55.2599983215332
2023-03-23,53.84000015258789
2023-03-24,54.650001525878906
2023-03-27,54.54999923706055
2023-03-28,54.90999984741211
2023-03-29,54.75
2023-03-30,54.47999954223633
2023-03-31,54.54999923706055
2023-04-03,55.20000076293945
2023-04-04,53.31999969482422
2023-04-05,53.02000045776367
2023-04-06,53.31999969482422
2023-04-10,53.43000030517578
2023-04-11,53.56999969482422
2023-04-12,54.41999816894531
2023-04-13,54.790000915527344
2023-04-14,54.130001068115234
2023-04-17,54.33000183105469
2023-04-18,54.54999923706055
2023-04-19,54.529998779296875
2023-04-20,54.47999954223633
2023-04-21,54.25
2023-04-24,53.880001068115234
2023-04-25,52.709999084472656
2023-04-26,51.36000061035156
2023-04-27,52.27000045776367
2023-04-28,52.779998779296875
2023-05-01,53.790000915527344
2023-05-02,53.75
2023-05-03,53.84000015258789
2023-05-04,51.7400016784668
2023-05-05,53.130001068115234
2023-05-08,52.52000045776367
2023-05-09,52.29999923706055
2023-05-10,52.56999969482422
2023-05-11,52.43000030517578
2023-05-12,51.68000030517578
2023-05-15,53.099998474121094
2023-05-16,52.630001068115234
2023-05-17,53.849998474121094
2023-05-18,54.13999938964844
2023-05-19,53.27000045776367
2023-05-22,53.970001220703125
2023-05-23,53.43000030517578
2023-05-24,52.41999816894531
2023-05-25,51.709999084472656
2023-05-26,52.220001220703125
2023-05-30,51.689998626708984
2023-05-31,50.11000061035156
2023-06-01,51.5099983215332
2023-06-02,54.130001068115234
2023-06-05,51.84000015258789
2023-06-06,53.54999923706055
2023-06-07,55.130001068115234
2023-06-08,54.959999084472656
2023-06-09,55.18000030517578
2023-06-12,54.849998474121094
2023-06-13,56.09000015258789
2023-06-14,55.5099983215332
2023-06-15,55.810001373291016
2023-06-16,55.45000076293945
2023-06-20,55.279998779296875
2023-06-21,57.27000045776367
2023-06-22,56.349998474121094
2023-06-23,55.119998931884766
2023-06-26,55.220001220703125
2023-06-27,56.5
2023-06-28,56.81999969482422
2023-06-29,57.93000030517578
2023-06-30,57.7599983215332
2023-07-03,57.68000030517578
2023-07-05,57.59000015258789
2023-07-06,56.9900016784668
2023-07-07,57.36000061035156
2023-07-10,58.33000183105469
2023-07-11,58.029998779296875
2023-07-12,57.869998931884766
2023-07-13,58.349998474121094
2023-07-14,58.34000015258789
2023-07-17,58.400001525878906
2023-07-18,59.81999969482422
2023-07-19,58.75
2023-07-20,59.75
2023-07-21,60.0
2023-07-24,58.27000045776367
2023-07-25,58.470001220703125
2023-07-26,57.81999969482422
2023-07-27,58.209999084472656
2023-07-28,58.29999923706055
2023-07-31,59.79999923706055
2023-08-01,59.93000030517578
2023-08-02,59.0
2023-08-03,59.2400016784668
2023-08-04,59.959999084472656
2023-08-07,60.84000015258789
2023-08-08,60.58000183105469
2023-08-09,59.88999938964844
2023-08-10,59.5099983215332
2023-08-11,60.09000015258789
2023-08-14,59.689998626708984
2023-08-15,59.279998779296875
2023-08-16,58.869998931884766
2023-08-17,58.7400016784668
2023-08-18,59.66999816894531
2023-08-21,60.18000030517578
2023-08-22,61.04999923706055
2023-08-23,62.13999938964844
2023-08-24,61.130001068115234
2023-08-25,60.470001220703125
2023-08-28,61.47999954223633
2023-08-29,61.709999084472656
2023-08-30,62.0
2023-08-31,61.599998474121094
2023-09-01,61.5099983215332
2023-09-05,58.560001373291016
2023-09-06,58.810001373291016
2023-09-07,58.349998474121094
2023-09-08,57.810001373291016
2023-09-11,59.18000030517578
2023-09-12,59.459999084472656
2023-09-13,59.04999923706055
2023-09-14,59.61000061035156
2023-09-15,59.709999084472656
2023-09-18,61.7400016784668
2023-09-19,61.029998779296875
2023-09-20,60.2599983215332
2023-09-21,59.95000076293945
2023-09-22,60.08000183105469
2023-09-25,61.33000183105469
2023-09-26,59.220001220703125
2023-09-27,60.68000030517578
2023-09-28,59.43000030517578
2023-09-29,59.529998779296875
2023-10-02,58.22999954223633
2023-10-03,58.63999938964844
2023-10-04,59.04999923706055
2023-10-05,59.189998626708984
2023-10-06,59.5099983215332
2023-10-09,60.34000015258789
2023-10-10,60.81999969482422
2023-10-11,61.63999938964844
2023-10-12,58.91999816894531
2023-10-13,58.06999969482422
2023-10-16,58.459999084472656
2023-10-17,59.220001220703125
2023-10-18,59.11000061035156
2023-10-19,58.439998626708984
2023-10-20,58.13999938964844
2023-10-23,57.459999084472656
2023-10-24,57.59000015258789
2023-10-25,57.61000061035156
2023-10-26,58.040000915527344
2023-10-27,56.939998626708984
2023-10-30,58.13999938964844
2023-10-31,59.36000061035156
2023-11-01,59.560001373291016
2023-11-02,60.630001068115234
2023-11-03,62.95000076293945
2023-11-06,62.380001068115234
2023-11-07,62.75
2023-11-08,62.20000076293945
2023-11-09,62.459999084472656
2023-11-10,64.05000305175781
2023-11-13,65.01000213623047
2023-11-14,67.69000244140625
2023-11-15,67.37000274658203
2023-11-16,66.5
2023-11-17,66.83999633789062
2023-11-20,66.80000305175781
2023-11-21,67.44000244140625
2023-11-22,68.48999786376953
2023-11-24,68.88999938964844
2023-11-27,69.94999694824219
2023-11-28,68.63999938964844
2023-11-29,68.36000061035156
2023-11-30,69.30000305175781
2023-12-01,69.8499984741211
2023-12-04,70.58000183105469
2023-12-05,69.95999908447266
2023-12-06,69.31999969482422
2023-12-07,69.31999969482422
2023-12-08,69.5
2023-12-11,70.86000061035156
2023-12-12,70.87999725341797
2023-12-13,71.38999938964844
2023-12-14,70.97000122070312
2023-12-15,70.95999908447266
2023-12-18,70.66000366210938
2023-12-19,72.27999877929688
2023-12-20,70.95999908447266
2023-12-21,70.79000091552734
2023-12-22,63.56999969482422
2023-12-26,63.79999923706055
2023-12-27,63.09000015258789
2023-12-28,62.7400016784668
2023-12-29,62.400001525878906
2024-01-02,62.20000076293945
2024-01-03,61.16999816894531
2024-01-04,60.709999084472656
2024-01-05,60.0
2024-01-08,58.869998931884766
2024-01-09,58.619998931884766
2024-01-10,57.290000915527344
2024-01-11,58.93000030517578
2024-01-12,59.560001373291016
2024-01-16,57.810001373291016
2024-01-17,57.13999938964844
2024-01-18,58.08000183105469
2024-01-19,58.810001373291016
2024-01-22,59.0
2024-01-23,58.54999923706055
2024-01-24,57.630001068115234
2024-01-25,57.70000076293945
2024-01-26,57.810001373291016
2024-01-29,59.310001373291016
2024-01-30,61.529998779296875
2024-01-31,60.81999969482422
2024-02-01,62.130001068115234
2024-02-02,62.04999923706055
2024-02-05,59.95000076293945
2024-02-06,60.83000183105469
2024-02-07,60.47999954223633
2024-02-08,61.349998474121094
2024-02-09,63.25
2024-02-12,63.20000076293945
2024-02-13,62.75
2024-02-14,66.94000244140625
2024-02-15,68.80000305175781
2024-02-16,68.26000213623047
2024-02-20,66.61000061035156
2024-02-21,66.51000213623047
2024-02-22,66.11000061035156
2024-02-23,65.95999908447266
2024-02-26,65.62999725341797
2024-02-27,64.98999786376953
2024-02-28,66.37000274658203
2024-02-29,66.77999877929688
2024-03-01,66.62000274658203
2024-03-04,66.4800033569336
2024-03-05,64.91000366210938
2024-03-06,65.43000030517578
2024-03-07,66.02999877929688
2024-03-08,64.5
2024-03-11,63.45000076293945
2024-03-12,63.79999923706055
2024-03-13,64.61000061035156
2024-03-14,64.30999755859375
2024-03-15,62.849998474121094
2024-03-18,62.939998626708984
2024-03-19,63.099998474121094
2024-03-20,64.3499984741211
2024-03-21,63.91999816894531
2024-03-22,60.119998931884766
2024-03-25,59.52000045776367
2024-03-26,59.97999954223633
2024-03-27,60.18000030517578
2024-03-28,59.869998931884766
2024-04-01,58.900001525878906
2024-04-02,58.38999938964844
2024-04-03,58.93000030517578
2024-04-04,60.09000015258789
2024-04-05,61.40999984741211
2024-04-08,62.029998779296875
2024-04-09,61.52000045776367
2024-04-10,62.0099983215332
2024-04-11,62.130001068115234
2024-04-12,60.790000915527344
2024-04-15,60.65999984741211
2024-04-16,61.119998931884766
2024-04-17,61.869998931884766
2024-04-18,63.029998779296875
2024-04-19,64.12000274658203
2024-04-22,66.22000122070312
2024-04-23,67.79000091552734
2024-04-24,67.93000030517578
2024-04-25,67.41999816894531
2024-04-26,68.2699966430664
2024-04-29,69.20999908447266
2024-04-30,69.13999938964844
2024-05-01,68.9800033569336
2024-05-02,69.88999938964844
2024-05-03,69.91999816894531
2024-05-06,71.0999984741211
2024-05-07,71.05999755859375
2024-05-08,71.98999786376953
2024-05-09,72.08999633789062
2024-05-10,72.18000030517578
2024-05-13,71.75
2024-05-14,72.0999984741211
2024-05-15,71.94999694824219
2024-05-16,72.0999984741211
2024-05-17,71.23999786376953
2024-05-20,71.5199966430664
2024-05-21,71.6500015258789
2024-05-22,71.83000183105469
2024-05-23,70.08999633789062
2024-05-24,71.33000183105469
2024-05-28,70.80000305175781
2024-05-29,69.31999969482422
2024-05-30,69.83000183105469
2024-05-31,70.98999786376953
2024-06-03,70.20999908447266
2024-06-04,69.23999786376953
2024-06-05,69.4800033569336
2024-06-06,67.55000305175781
2024-06-07,66.95999908447266
2024-06-10,66.27999877929688
2024-06-11,65.30999755859375
2024-06-12,67.12000274658203
2024-06-13,67.4800033569336
2024-06-14,67.0
2024-06-17,67.5999984741211
2024-06-18,70.68000030517578
2024-06-20,69.75
2024-06-21,70.98999786376953
2024-06-24,71.70999908447266
2024-06-25,70.86000061035156
2024-06-26,72.52999877929688
2024-06-27,71.95999908447266
2024-06-28,72.69999694824219
