Date,ASML_Close
2014-06-30,93.2699966430664
2014-07-01,94.66999816894533
2014-07-02,93.94000244140624
2014-07-03,95.69000244140624
2014-07-07,96.12000274658205
2014-07-08,94.63999938964844
2014-07-09,93.5
2014-07-10,92.87999725341795
2014-07-11,91.41999816894533
2014-07-14,90.76000213623048
2014-07-15,90.62999725341795
2014-07-16,88.38999938964844
2014-07-17,86.20999908447266
2014-07-18,85.83999633789062
2014-07-21,87.45999908447266
2014-07-22,87.18000030517578
2014-07-23,87.0199966430664
2014-07-24,86.70999908447266
2014-07-25,84.97000122070312
2014-07-28,84.4800033569336
2014-07-29,83.27999877929688
2014-07-30,95.13999938964844
2014-07-31,94.16000366210938
2014-08-01,92.3000030517578
2014-08-04,91.06999969482422
2014-08-05,90.83000183105467
2014-08-06,92.12000274658205
2014-08-07,91.70999908447266
2014-08-08,91.41000366210938
2014-08-11,92.5999984741211
2014-08-12,91.37000274658205
2014-08-13,91.29000091552734
2014-08-14,91.08999633789062
2014-08-15,91.8000030517578
2014-08-18,92.86000061035156
2014-08-19,93.0999984741211
2014-08-20,92.45999908447266
2014-08-21,94.0999984741211
2014-08-22,93.48999786376952
2014-08-25,94.91999816894533
2014-08-26,95.52999877929688
2014-08-27,95.6999969482422
2014-08-28,95.94000244140624
2014-08-29,96.12000274658205
2014-09-02,100.27999877929688
2014-09-03,98.02999877929688
2014-09-04,98.02999877929688
2014-09-05,97.70999908447266
2014-09-08,97.37000274658205
2014-09-09,97.20999908447266
2014-09-10,97.5
2014-09-11,98.5199966430664
2014-09-12,98.91999816894533
2014-09-15,99.8499984741211
2014-09-16,101.2300033569336
2014-09-17,100.44000244140624
2014-09-18,102.12999725341795
2014-09-19,100.83000183105467
2014-09-22,99.0500030517578
2014-09-23,98.5999984741211
2014-09-24,100.1999969482422
2014-09-25,99.18000030517578
2014-09-26,100.05999755859376
2014-09-29,99.6999969482422
2014-09-30,98.81999969482422
2014-10-01,96.8499984741211
2014-10-02,96.93000030517578
2014-10-03,97.4499969482422
2014-10-06,97.94000244140624
2014-10-07,94.86000061035156
2014-10-08,96.33000183105467
2014-10-09,94.33000183105467
2014-10-10,90.05999755859375
2014-10-13,90.41000366210938
2014-10-14,92.70999908447266
2014-10-15,91.81999969482422
2014-10-16,90.73999786376952
2014-10-17,92.51000213623048
2014-10-20,92.51000213623048
2014-10-21,93.55999755859376
2014-10-22,92.16000366210938
2014-10-23,93.97000122070312
2014-10-24,95.05999755859376
2014-10-27,95.79000091552734
2014-10-28,98.01000213623048
2014-10-29,96.5199966430664
2014-10-30,97.4800033569336
2014-10-31,99.68000030517578
2014-11-03,99.5500030517578
2014-11-04,98.95999908447266
2014-11-05,100.08999633789062
2014-11-06,101.81999969482422
2014-11-07,99.7699966430664
2014-11-10,101.95999908447266
2014-11-11,102.3000030517578
2014-11-12,101.83000183105467
2014-11-13,101.91999816894533
2014-11-14,102.0999984741211
2014-11-17,102.4499969482422
2014-11-18,103.86000061035156
2014-11-19,105.54000091552734
2014-11-20,105.91000366210938
2014-11-21,105.68000030517578
2014-11-24,103.54000091552734
2014-11-25,103.19000244140624
2014-11-26,103.79000091552734
2014-11-28,105.68000030517578
2014-12-01,105.38999938964844
2014-12-02,105.76000213623048
2014-12-03,107.7699966430664
2014-12-04,107.3499984741211
2014-12-05,109.2699966430664
2014-12-08,107.91999816894533
2014-12-09,107.91999816894533
2014-12-10,107.01000213623048
2014-12-11,107.0199966430664
2014-12-12,106.0199966430664
2014-12-15,103.3499984741211
2014-12-16,104.80999755859376
2014-12-17,105.69000244140624
2014-12-18,108.11000061035156
2014-12-19,106.83999633789062
2014-12-22,109.5199966430664
2014-12-23,109.12999725341795
2014-12-24,109.63999938964844
2014-12-26,109.3000030517578
2014-12-29,109.37999725341795
2014-12-30,108.1999969482422
2014-12-31,107.83000183105467
2015-01-02,107.4000015258789
2015-01-05,103.79000091552734
2015-01-06,100.72000122070312
2015-01-07,101.29000091552734
2015-01-08,103.41000366210938
2015-01-09,102.08999633789062
2015-01-12,103.4499969482422
2015-01-13,103.4499969482422
2015-01-14,103.11000061035156
2015-01-15,101.95999908447266
2015-01-16,103.04000091552734
2015-01-20,103.80999755859376
2015-01-21,106.58999633789062
2015-01-22,107.5999984741211
2015-01-23,105.30999755859376
2015-01-26,107.31999969482422
2015-01-27,106.33000183105467
2015-01-28,104.63999938964844
2015-01-29,106.13999938964844
2015-01-30,103.94000244140624
2015-02-02,103.0500030517578
2015-02-03,103.88999938964844
2015-02-04,101.83999633789062
2015-02-05,103.0999984741211
2015-02-06,100.79000091552734
2015-02-09,98.6500015258789
2015-02-10,102.0999984741211
2015-02-11,103.41999816894533
2015-02-12,104.04000091552734
2015-02-13,104.4800033569336
2015-02-17,102.97000122070312
2015-02-18,103.70999908447266
2015-02-19,104.5999984741211
2015-02-20,104.8499984741211
2015-02-23,105.12000274658205
2015-02-24,110.75
2015-02-25,108.97000122070312
2015-02-26,107.91000366210938
2015-02-27,107.68000030517578
2015-03-02,109.93000030517578
2015-03-03,108.48999786376952
2015-03-04,108.51000213623048
2015-03-05,109.3499984741211
2015-03-06,107.31999969482422
2015-03-09,107.93000030517578
2015-03-10,106.1500015258789
2015-03-11,106.68000030517578
2015-03-12,104.8000030517578
2015-03-13,105.4800033569336
2015-03-16,107.80999755859376
2015-03-17,106.7699966430664
2015-03-18,106.81999969482422
2015-03-19,107.13999938964844
2015-03-20,110.16000366210938
2015-03-23,110.72000122070312
2015-03-24,110.38999938964844
2015-03-25,104.62999725341795
2015-03-26,99.08000183105467
2015-03-27,101.86000061035156
2015-03-30,103.12000274658205
2015-03-31,101.02999877929688
2015-04-01,100.33999633789062
2015-04-02,100.73999786376952
2015-04-06,100.2300033569336
2015-04-07,100.16999816894533
2015-04-08,99.97000122070312
2015-04-09,100.73999786376952
2015-04-10,100.0199966430664
2015-04-13,99.80999755859376
2015-04-14,99.97000122070312
2015-04-15,96.13999938964844
2015-04-16,95.12000274658205
2015-04-17,94.5
2015-04-20,96.08000183105467
2015-04-21,97.75
2015-04-22,107.80999755859376
2015-04-23,108.69000244140624
2015-04-24,107.16000366210938
2015-04-27,109.70999908447266
2015-04-28,109.79000091552734
2015-04-29,107.63999938964844
2015-04-30,107.04000091552734
2015-05-01,108.37000274658205
2015-05-04,107.88999938964844
2015-05-05,105.44000244140624
2015-05-06,105.8000030517578
2015-05-07,106.22000122070312
2015-05-08,107.73999786376952
2015-05-11,108.62000274658205
2015-05-12,108.62999725341795
2015-05-13,108.58000183105467
2015-05-14,110.58000183105467
2015-05-15,111.0500030517578
2015-05-18,111.0199966430664
2015-05-19,111.22000122070312
2015-05-20,111.63999938964844
2015-05-21,111.52999877929688
2015-05-22,110.9800033569336
2015-05-26,108.97000122070312
2015-05-27,112.52999877929688
2015-05-28,113.8000030517578
2015-05-29,112.3000030517578
2015-06-01,111.62999725341795
2015-06-02,110.0500030517578
2015-06-03,111.72000122070312
2015-06-04,110.58999633789062
2015-06-05,109.0999984741211
2015-06-08,107.8000030517578
2015-06-09,108.25
2015-06-10,108.98999786376952
2015-06-11,110.0
2015-06-12,107.91000366210938
2015-06-15,108.37999725341795
2015-06-16,109.20999908447266
2015-06-17,107.81999969482422
2015-06-18,108.93000030517578
2015-06-19,108.80999755859376
2015-06-22,111.91000366210938
2015-06-23,111.01000213623048
2015-06-24,109.97000122070312
2015-06-25,110.26000213623048
2015-06-26,108.77999877929688
2015-06-29,104.55999755859376
2015-06-30,104.12999725341795
2015-07-01,105.6500015258789
2015-07-02,104.5999984741211
2015-07-06,101.91999816894533
2015-07-07,100.16000366210938
2015-07-08,97.13999938964844
2015-07-09,99.62000274658205
2015-07-10,102.6999969482422
2015-07-13,103.3000030517578
2015-07-14,103.06999969482422
2015-07-15,106.68000030517578
2015-07-16,100.36000061035156
2015-07-17,100.5500030517578
2015-07-20,101.0
2015-07-21,100.9000015258789
2015-07-22,100.83999633789062
2015-07-23,101.93000030517578
2015-07-24,98.52999877929688
2015-07-27,98.62999725341795
2015-07-28,99.08000183105467
2015-07-29,99.0199966430664
2015-07-30,99.08999633789062
2015-07-31,99.16999816894533
2015-08-03,98.13999938964844
2015-08-04,96.79000091552734
2015-08-05,98.62999725341795
2015-08-06,96.36000061035156
2015-08-07,96.97000122070312
2015-08-10,99.41999816894533
2015-08-11,99.19000244140624
2015-08-12,97.08000183105467
2015-08-13,94.72000122070312
2015-08-14,92.69000244140624
2015-08-17,93.16999816894533
2015-08-18,92.8499984741211
2015-08-19,90.91999816894533
2015-08-20,87.44000244140625
2015-08-21,85.91000366210938
2015-08-24,85.30000305175781
2015-08-25,87.01000213623047
2015-08-26,88.4000015258789
2015-08-27,91.91000366210938
2015-08-28,91.9800033569336
2015-08-31,91.0199966430664
2015-09-01,89.16000366210938
2015-09-02,90.62999725341795
2015-09-03,92.68000030517578
2015-09-04,91.37000274658205
2015-09-08,93.87999725341795
2015-09-09,91.06999969482422
2015-09-10,92.20999908447266
2015-09-11,91.68000030517578
2015-09-14,90.93000030517578
2015-09-15,93.33000183105467
2015-09-16,93.70999908447266
2015-09-17,92.79000091552734
2015-09-18,90.01000213623047
2015-09-21,89.4000015258789
2015-09-22,86.68000030517578
2015-09-23,83.87999725341797
2015-09-24,84.19999694824219
2015-09-25,85.3499984741211
2015-09-28,83.08000183105469
2015-09-29,85.20999908447266
2015-09-30,87.9800033569336
2015-10-01,85.97000122070312
2015-10-02,88.41000366210938
2015-10-05,89.38999938964844
2015-10-06,90.05000305175781
2015-10-07,90.05999755859375
2015-10-08,91.37999725341795
2015-10-09,90.87000274658205
2015-10-12,89.86000061035156
2015-10-13,87.30999755859375
2015-10-14,87.2699966430664
2015-10-15,88.5
2015-10-16,88.6500015258789
2015-10-19,88.77999877929688
2015-10-20,89.0199966430664
2015-10-21,90.01000213623047
2015-10-22,92.31999969482422
2015-10-23,93.63999938964844
2015-10-26,92.29000091552734
2015-10-27,91.5500030517578
2015-10-28,93.33999633789062
2015-10-29,92.05999755859376
2015-10-30,92.79000091552734
2015-11-02,94.11000061035156
2015-11-03,95.11000061035156
2015-11-04,95.56999969482422
2015-11-05,95.20999908447266
2015-11-06,96.33000183105467
2015-11-09,95.72000122070312
2015-11-10,93.5199966430664
2015-11-11,93.9499969482422
2015-11-12,92.7699966430664
2015-11-13,91.4000015258789
2015-11-16,92.29000091552734
2015-11-17,91.9800033569336
2015-11-18,93.1500015258789
2015-11-19,93.27999877929688
2015-11-20,91.44000244140624
2015-11-23,90.2699966430664
2015-11-24,90.33000183105467
2015-11-25,90.97000122070312
2015-11-27,92.48999786376952
2015-11-30,92.72000122070312
2015-12-01,93.23999786376952
2015-12-02,92.31999969482422
2015-12-03,90.97000122070312
2015-12-04,92.0
2015-12-07,91.31999969482422
2015-12-08,90.5199966430664
2015-12-09,89.87000274658203
2015-12-10,89.1500015258789
2015-12-11,87.27999877929688
2015-12-14,86.45999908447266
2015-12-15,88.83999633789062
2015-12-16,89.36000061035156
2015-12-17,87.93000030517578
2015-12-18,87.41999816894531
2015-12-21,89.2300033569336
2015-12-22,90.4000015258789
2015-12-23,91.31999969482422
2015-12-24,91.44000244140624
2015-12-28,91.56999969482422
2015-12-29,91.91999816894533
2015-12-30,91.33999633789062
2015-12-31,88.7699966430664
2016-01-04,87.30000305175781
2016-01-05,86.41999816894531
2016-01-06,84.61000061035156
2016-01-07,82.48999786376953
2016-01-08,80.27999877929688
2016-01-11,82.30999755859375
2016-01-12,82.6500015258789
2016-01-13,80.01000213623047
2016-01-14,82.9000015258789
2016-01-15,77.47000122070312
2016-01-19,80.31999969482422
2016-01-20,85.26000213623047
2016-01-21,87.36000061035156
2016-01-22,90.36000061035156
2016-01-25,89.72000122070312
2016-01-26,90.19000244140624
2016-01-27,89.70999908447266
2016-01-28,89.80999755859375
2016-01-29,91.83999633789062
2016-02-01,92.23999786376952
2016-02-02,88.51000213623047
2016-02-03,90.9800033569336
2016-02-04,91.47000122070312
2016-02-05,88.36000061035156
2016-02-08,86.36000061035156
2016-02-09,84.97000122070312
2016-02-10,81.73999786376953
2016-02-11,81.80999755859375
2016-02-12,82.04000091552734
2016-02-16,83.9800033569336
2016-02-17,86.27999877929688
2016-02-18,85.91999816894531
2016-02-19,88.01000213623047
2016-02-22,87.91999816894531
2016-02-23,88.58000183105469
2016-02-24,89.20999908447266
2016-02-25,89.91999816894531
2016-02-26,90.81999969482422
2016-02-29,91.0199966430664
2016-03-01,93.79000091552734
2016-03-02,93.33999633789062
2016-03-03,94.6999969482422
2016-03-04,95.3499984741211
2016-03-07,96.04000091552734
2016-03-08,93.79000091552734
2016-03-09,94.11000061035156
2016-03-10,95.94000244140624
2016-03-11,97.75
2016-03-14,96.98999786376952
2016-03-15,96.58999633789062
2016-03-16,97.27999877929688
2016-03-17,97.76000213623048
2016-03-18,97.9800033569336
2016-03-21,97.81999969482422
2016-03-22,98.23999786376952
2016-03-23,97.70999908447266
2016-03-24,96.93000030517578
2016-03-28,97.47000122070312
2016-03-29,100.02999877929688
2016-03-30,101.1500015258789
2016-03-31,100.38999938964844
2016-04-01,100.56999969482422
2016-04-04,101.62999725341795
2016-04-05,99.5199966430664
2016-04-06,101.0999984741211
2016-04-07,100.08999633789062
2016-04-08,100.6500015258789
2016-04-11,100.25
2016-04-12,100.8499984741211
2016-04-13,102.0500030517578
2016-04-14,100.37000274658205
2016-04-15,99.5500030517578
2016-04-18,99.2300033569336
2016-04-19,99.75
2016-04-20,96.43000030517578
2016-04-21,95.81999969482422
2016-04-22,95.87000274658205
2016-04-25,96.12999725341795
2016-04-26,96.41000366210938
2016-04-27,99.23999786376952
2016-04-28,98.01000213623048
2016-04-29,96.5999984741211
2016-05-02,97.45999908447266
2016-05-03,94.41999816894533
2016-05-04,93.77999877929688
2016-05-05,92.9000015258789
2016-05-06,92.33000183105467
2016-05-09,92.98999786376952
2016-05-10,93.3499984741211
2016-05-11,92.58000183105467
2016-05-12,91.52999877929688
2016-05-13,91.3000030517578
2016-05-16,95.83000183105467
2016-05-17,94.3000030517578
2016-05-18,94.5199966430664
2016-05-19,93.30999755859376
2016-05-20,95.4800033569336
2016-05-23,95.6999969482422
2016-05-24,97.5199966430664
2016-05-25,98.91999816894533
2016-05-26,99.41000366210938
2016-05-27,100.08000183105467
2016-05-31,99.9800033569336
2016-06-01,99.8499984741211
2016-06-02,100.13999938964844
2016-06-03,100.8499984741211
2016-06-06,100.06999969482422
2016-06-07,101.19000244140624
2016-06-08,101.0999984741211
2016-06-09,100.5500030517578
2016-06-10,97.37999725341795
2016-06-13,96.33000183105467
2016-06-14,94.5999984741211
2016-06-15,94.18000030517578
2016-06-16,95.56999969482422
2016-06-17,94.6500015258789
2016-06-20,96.8499984741211
2016-06-21,98.48999786376952
2016-06-22,98.75
2016-06-23,101.38999938964844
2016-06-24,95.01000213623048
2016-06-27,92.5
2016-06-28,94.4000015258789
2016-06-29,96.11000061035156
2016-06-30,99.20999908447266
2016-07-01,98.44000244140624
2016-07-05,95.33999633789062
2016-07-06,94.88999938964844
2016-07-07,94.61000061035156
2016-07-08,97.22000122070312
2016-07-11,99.76000213623048
2016-07-12,100.87999725341795
2016-07-13,101.11000061035156
2016-07-14,102.97000122070312
2016-07-15,101.61000061035156
2016-07-18,103.12999725341795
2016-07-19,105.62999725341795
2016-07-20,108.16000366210938
2016-07-21,105.4800033569336
2016-07-22,105.62999725341795
2016-07-25,106.4800033569336
2016-07-26,108.7699966430664
2016-07-27,109.55999755859376
2016-07-28,110.08000183105467
2016-07-29,109.62000274658205
2016-08-01,109.6999969482422
2016-08-02,109.37999725341795
2016-08-03,108.4499969482422
2016-08-04,110.08999633789062
2016-08-05,109.5999984741211
2016-08-08,109.25
2016-08-09,109.88999938964844
2016-08-10,109.48999786376952
2016-08-11,110.69000244140624
2016-08-12,110.2699966430664
2016-08-15,110.83000183105467
2016-08-16,107.9499969482422
2016-08-17,105.4499969482422
2016-08-18,106.02999877929688
2016-08-19,106.7300033569336
2016-08-22,107.16000366210938
2016-08-23,108.48999786376952
2016-08-24,106.68000030517578
2016-08-25,106.47000122070312
2016-08-26,106.30999755859376
2016-08-29,107.08000183105467
2016-08-30,107.5199966430664
2016-08-31,106.5500030517578
2016-09-01,107.48999786376952
2016-09-02,107.86000061035156
2016-09-06,107.93000030517578
2016-09-07,106.33000183105467
2016-09-08,104.08000183105467
2016-09-09,101.70999908447266
2016-09-12,103.13999938964844
2016-09-13,101.73999786376952
2016-09-14,101.9800033569336
2016-09-15,103.63999938964844
2016-09-16,102.1999969482422
2016-09-19,103.33999633789062
2016-09-20,104.87999725341795
2016-09-21,106.70999908447266
2016-09-22,108.79000091552734
2016-09-23,108.56999969482422
2016-09-26,108.7699966430664
2016-09-27,109.62000274658205
2016-09-28,109.86000061035156
2016-09-29,108.7300033569336
2016-09-30,109.58000183105467
2016-10-03,108.93000030517578
2016-10-04,108.95999908447266
2016-10-05,108.80999755859376
2016-10-06,108.73999786376952
2016-10-07,106.37999725341795
2016-10-10,106.98999786376952
2016-10-11,102.70999908447266
2016-10-12,102.58000183105467
2016-10-13,100.38999938964844
2016-10-14,101.12000274658205
2016-10-17,101.16000366210938
2016-10-18,102.33000183105467
2016-10-19,104.08999633789062
2016-10-20,103.58000183105467
2016-10-21,105.26000213623048
2016-10-24,105.27999877929688
2016-10-25,104.54000091552734
2016-10-26,103.8499984741211
2016-10-27,104.0500030517578
2016-10-28,105.45999908447266
2016-10-31,105.62000274658205
2016-11-01,103.88999938964844
2016-11-02,104.02999877929688
2016-11-03,101.77999877929688
2016-11-04,102.48999786376952
2016-11-07,104.75
2016-11-08,104.80999755859376
2016-11-09,103.66999816894533
2016-11-10,101.4000015258789
2016-11-11,100.25
2016-11-14,99.1999969482422
2016-11-15,100.0199966430664
2016-11-16,100.6999969482422
2016-11-17,102.55999755859376
2016-11-18,104.58999633789062
2016-11-21,105.08999633789062
2016-11-22,105.31999969482422
2016-11-23,105.0999984741211
2016-11-25,104.13999938964844
2016-11-28,103.62999725341795
2016-11-29,103.79000091552734
2016-11-30,103.12999725341795
2016-12-01,99.98999786376952
2016-12-02,99.77999877929688
2016-12-05,102.91999816894533
2016-12-06,102.70999908447266
2016-12-07,103.5500030517578
2016-12-08,103.11000061035156
2016-12-09,102.66000366210938
2016-12-12,102.9000015258789
2016-12-13,104.63999938964844
2016-12-14,103.62999725341795
2016-12-15,105.02999877929688
2016-12-16,106.23999786376952
2016-12-19,110.22000122070312
2016-12-20,109.70999908447266
2016-12-21,110.0500030517578
2016-12-22,109.9800033569336
2016-12-23,110.7300033569336
2016-12-27,111.51000213623048
2016-12-28,110.77999877929688
2016-12-29,111.16000366210938
2016-12-30,112.1999969482422
2017-01-03,110.4499969482422
2017-01-04,109.91999816894533
2017-01-05,111.23999786376952
2017-01-06,111.12000274658205
2017-01-09,112.48999786376952
2017-01-10,112.6500015258789
2017-01-11,113.4800033569336
2017-01-12,114.7699966430664
2017-01-13,115.3000030517578
2017-01-17,115.91000366210938
2017-01-18,122.97000122070312
2017-01-19,121.86000061035156
2017-01-20,122.0500030517578
2017-01-23,122.16999816894533
2017-01-24,122.5500030517578
2017-01-25,122.77999877929688
2017-01-26,121.12999725341795
2017-01-27,121.7699966430664
2017-01-30,121.70999908447266
2017-01-31,121.4000015258789
2017-02-01,121.30999755859376
2017-02-02,122.73999786376952
2017-02-03,123.01000213623048
2017-02-06,122.2300033569336
2017-02-07,123.26000213623048
2017-02-08,124.08999633789062
2017-02-09,124.5199966430664
2017-02-10,124.8499984741211
2017-02-13,126.5
2017-02-14,126.25
2017-02-15,127.26000213623048
2017-02-16,127.2699966430664
2017-02-17,126.87999725341795
2017-02-21,127.58999633789062
2017-02-22,123.83000183105467
2017-02-23,123.77999877929688
2017-02-24,122.52999877929688
2017-02-27,122.9000015258789
2017-02-28,121.69000244140624
2017-03-01,123.47000122070312
2017-03-02,121.56999969482422
2017-03-03,122.9800033569336
2017-03-06,121.5999984741211
2017-03-07,119.9800033569336
2017-03-08,120.75
2017-03-09,121.25
2017-03-10,125.0
2017-03-13,124.19000244140624
2017-03-14,123.98999786376952
2017-03-15,126.06999969482422
2017-03-16,126.19000244140624
2017-03-17,127.9000015258789
2017-03-20,128.27000427246094
2017-03-21,126.31999969482422
2017-03-22,128.9199981689453
2017-03-23,129.22000122070312
2017-03-24,132.24000549316406
2017-03-27,132.6999969482422
2017-03-28,133.7899932861328
2017-03-29,132.91000366210938
2017-03-30,132.6300048828125
2017-03-31,132.8000030517578
2017-04-03,132.17999267578125
2017-04-04,132.74000549316406
2017-04-05,131.02999877929688
2017-04-06,130.97999572753906
2017-04-07,131.17999267578125
2017-04-10,129.91000366210938
2017-04-11,129.80999755859375
2017-04-12,129.00999450683594
2017-04-13,128.3800048828125
2017-04-17,130.1699981689453
2017-04-18,130.64999389648438
2017-04-19,126.88999938964844
2017-04-20,130.0500030517578
2017-04-21,130.02999877929688
2017-04-24,133.4600067138672
2017-04-25,134.24000549316406
2017-04-26,132.4600067138672
2017-04-27,132.9499969482422
2017-04-28,131.85000610351562
2017-05-01,132.86000061035156
2017-05-02,134.99000549316406
2017-05-03,134.1699981689453
2017-05-04,135.05999755859375
2017-05-05,135.83999633789062
2017-05-08,133.27000427246094
2017-05-09,134.9600067138672
2017-05-10,133.8000030517578
2017-05-11,134.16000366210938
2017-05-12,135.44000244140625
2017-05-15,135.74000549316406
2017-05-16,137.25999450683594
2017-05-17,132.80999755859375
2017-05-18,134.0
2017-05-19,134.85000610351562
2017-05-22,134.2100067138672
2017-05-23,133.91000366210938
2017-05-24,133.49000549316406
2017-05-25,134.88999938964844
2017-05-26,134.1999969482422
2017-05-30,133.41000366210938
2017-05-31,131.99000549316406
2017-06-01,133.80999755859375
2017-06-02,134.6999969482422
2017-06-05,133.16000366210938
2017-06-06,132.6199951171875
2017-06-07,133.99000549316406
2017-06-08,135.00999450683594
2017-06-09,130.02999877929688
2017-06-12,129.0800018310547
2017-06-13,131.92999267578125
2017-06-14,130.14999389648438
2017-06-15,127.58000183105467
2017-06-16,129.6300048828125
2017-06-19,131.4499969482422
2017-06-20,128.49000549316406
2017-06-21,130.42999267578125
2017-06-22,130.02000427246094
2017-06-23,134.63999938964844
2017-06-26,133.77999877929688
2017-06-27,132.3699951171875
2017-06-28,134.99000549316406
2017-06-29,129.60000610351562
2017-06-30,130.30999755859375
2017-07-03,129.6699981689453
2017-07-05,131.47999572753906
2017-07-06,131.22000122070312
2017-07-07,132.88999938964844
2017-07-10,134.80999755859375
2017-07-11,135.82000732421875
2017-07-12,137.0399932861328
2017-07-13,136.85000610351562
2017-07-14,139.9199981689453
2017-07-17,140.22000122070312
2017-07-18,143.25
2017-07-19,150.6300048828125
2017-07-20,153.82000732421875
2017-07-21,154.2899932861328
2017-07-24,153.74000549316406
2017-07-25,152.72999572753906
2017-07-26,154.52999877929688
2017-07-27,153.24000549316406
2017-07-28,152.52999877929688
2017-07-31,150.3300018310547
2017-08-01,150.9199981689453
2017-08-02,151.02000427246094
2017-08-03,152.1699981689453
2017-08-04,152.94000244140625
2017-08-07,154.4199981689453
2017-08-08,153.1300048828125
2017-08-09,153.55999755859375
2017-08-10,150.17999267578125
2017-08-11,151.19000244140625
2017-08-14,152.61000061035156
2017-08-15,152.4600067138672
2017-08-16,153.6699981689453
2017-08-17,150.64999389648438
2017-08-18,152.25999450683594
2017-08-21,151.58999633789062
2017-08-22,154.3699951171875
2017-08-23,153.39999389648438
2017-08-24,153.4499969482422
2017-08-25,154.22000122070312
2017-08-28,154.1199951171875
2017-08-29,155.14999389648438
2017-08-30,154.80999755859375
2017-08-31,156.30999755859375
2017-09-01,157.27999877929688
2017-09-05,154.80999755859375
2017-09-06,156.47999572753906
2017-09-07,160.86000061035156
2017-09-08,159.72000122070312
2017-09-11,162.77999877929688
2017-09-12,161.35000610351562
2017-09-13,160.07000732421875
2017-09-14,161.42999267578125
2017-09-15,162.41000366210938
2017-09-18,166.99000549316406
2017-09-19,168.2899932861328
2017-09-20,165.19000244140625
2017-09-21,165.77000427246094
2017-09-22,165.9600067138672
2017-09-25,162.00999450683594
2017-09-26,162.86000061035156
2017-09-27,166.94000244140625
2017-09-28,170.49000549316406
2017-09-29,171.1999969482422
2017-10-02,170.6999969482422
2017-10-03,170.4600067138672
2017-10-04,171.19000244140625
2017-10-05,168.52000427246094
2017-10-06,169.44000244140625
2017-10-09,170.13999938964844
2017-10-10,171.17999267578125
2017-10-11,172.89999389648438
2017-10-12,173.61000061035156
2017-10-13,176.3000030517578
2017-10-16,176.58999633789062
2017-10-17,176.33999633789062
2017-10-18,171.72999572753906
2017-10-19,176.02000427246094
2017-10-20,175.22000122070312
2017-10-23,178.07000732421875
2017-10-24,178.42999267578125
2017-10-25,177.36000061035156
2017-10-26,177.82000732421875
2017-10-27,178.92999267578125
2017-10-30,177.92999267578125
2017-10-31,180.75
2017-11-01,181.3999938964844
2017-11-02,182.25
2017-11-03,184.5800018310547
2017-11-06,184.9199981689453
2017-11-07,183.52000427246097
2017-11-08,181.5099945068359
2017-11-09,178.00999450683594
2017-11-10,179.60000610351562
2017-11-13,178.85000610351562
2017-11-14,180.33999633789065
2017-11-15,177.91000366210938
2017-11-16,181.7899932861328
2017-11-17,180.3300018310547
2017-11-20,181.52999877929688
2017-11-21,185.3699951171875
2017-11-22,183.0
2017-11-24,186.3699951171875
2017-11-27,184.72000122070312
2017-11-28,184.2899932861328
2017-11-29,172.44000244140625
2017-11-30,175.52000427246094
2017-12-01,172.42999267578125
2017-12-04,169.3300018310547
2017-12-05,170.5
2017-12-06,170.6699981689453
2017-12-07,172.1699981689453
2017-12-08,171.97999572753906
2017-12-11,175.1300048828125
2017-12-12,172.16000366210938
2017-12-13,173.36000061035156
2017-12-14,171.91000366210938
2017-12-15,173.8000030517578
2017-12-18,176.3699951171875
2017-12-19,177.02999877929688
2017-12-20,175.1699981689453
2017-12-21,174.5399932861328
2017-12-22,175.22000122070312
2017-12-26,173.08999633789062
2017-12-27,174.0399932861328
2017-12-28,174.1999969482422
2017-12-29,173.82000732421875
2018-01-02,177.72999572753906
2018-01-03,179.0800018310547
2018-01-04,180.75
2018-01-05,182.8699951171875
2018-01-08,183.8300018310547
2018-01-09,182.83999633789065
2018-01-10,180.7100067138672
2018-01-11,178.5500030517578
2018-01-12,180.8699951171875
2018-01-16,186.3800048828125
2018-01-17,199.17999267578125
2018-01-18,203.36000061035156
2018-01-19,205.52000427246097
2018-01-22,205.5399932861328
2018-01-23,205.42999267578125
2018-01-24,202.25
2018-01-25,200.8300018310547
2018-01-26,206.5099945068359
2018-01-29,204.02000427246097
2018-01-30,200.22999572753903
2018-01-31,202.9600067138672
2018-02-01,201.4199981689453
2018-02-02,194.57000732421875
2018-02-05,186.67999267578125
2018-02-06,194.11000061035156
2018-02-07,187.1499938964844
2018-02-08,179.89999389648438
2018-02-09,183.6699981689453
2018-02-12,186.33999633789065
2018-02-13,185.2400054931641
2018-02-14,191.33999633789065
2018-02-15,194.8999938964844
2018-02-16,192.22999572753903
2018-02-20,195.52000427246097
2018-02-21,194.41000366210935
2018-02-22,193.2899932861328
2018-02-23,196.82000732421875
2018-02-26,200.83999633789065
2018-02-27,197.44000244140625
2018-02-28,195.38999938964844
2018-03-01,191.92999267578125
2018-03-02,193.57000732421875
2018-03-05,198.3500061035156
2018-03-06,202.83999633789065
2018-03-07,206.0500030517578
2018-03-08,205.02000427246097
2018-03-09,209.41000366210935
2018-03-12,211.3000030517578
2018-03-13,208.02000427246097
2018-03-14,211.52999877929688
2018-03-15,214.44000244140625
2018-03-16,214.05999755859375
2018-03-19,212.75
2018-03-20,212.6000061035156
2018-03-21,213.72999572753903
2018-03-22,204.72000122070312
2018-03-23,199.11000061035156
2018-03-26,207.4499969482422
2018-03-27,200.2899932861328
2018-03-28,194.52999877929688
2018-03-29,198.55999755859375
2018-04-02,193.0500030517578
2018-04-03,199.42999267578125
2018-04-04,198.2599945068359
2018-04-05,198.67999267578125
2018-04-06,194.6300048828125
2018-04-09,198.52999877929688
2018-04-10,205.5500030517578
2018-04-11,205.5500030517578
2018-04-12,206.2400054931641
2018-04-13,205.6499938964844
2018-04-16,206.6999969482422
2018-04-17,212.6999969482422
2018-04-18,206.32000732421875
2018-04-19,195.1000061035156
2018-04-20,193.02000427246097
2018-04-23,191.32000732421875
2018-04-24,194.0500030517578
2018-04-25,191.66000366210935
2018-04-26,195.67999267578125
2018-04-27,191.75
2018-04-30,188.4499969482422
2018-05-01,191.44000244140625
2018-05-02,190.33999633789065
2018-05-03,192.75
2018-05-04,195.5099945068359
2018-05-07,194.8800048828125
2018-05-08,193.8699951171875
2018-05-09,197.9499969482422
2018-05-10,201.07000732421875
2018-05-11,198.8000030517578
2018-05-14,201.94000244140625
2018-05-15,199.92999267578125
2018-05-16,202.8800048828125
2018-05-17,202.3800048828125
2018-05-18,197.33999633789065
2018-05-21,202.5099945068359
2018-05-22,202.5399932861328
2018-05-23,200.1999969482422
2018-05-24,200.8300018310547
2018-05-25,201.1000061035156
2018-05-29,195.6000061035156
2018-05-30,197.1000061035156
2018-05-31,196.6499938964844
2018-06-01,202.16000366210935
2018-06-04,203.9199981689453
2018-06-05,209.32000732421875
2018-06-06,213.61000061035156
2018-06-07,207.55999755859375
2018-06-08,207.4499969482422
2018-06-11,209.86000061035156
2018-06-12,209.33999633789065
2018-06-13,213.75
2018-06-14,215.88999938964844
2018-06-15,214.82000732421875
2018-06-18,211.1000061035156
2018-06-19,206.17999267578125
2018-06-20,205.5
2018-06-21,204.2400054931641
2018-06-22,206.3699951171875
2018-06-25,196.6499938964844
2018-06-26,197.97000122070312
2018-06-27,193.8999938964844
2018-06-28,193.5800018310547
2018-06-29,197.97000122070312
2018-07-02,195.25
2018-07-03,191.47000122070312
2018-07-05,195.9900054931641
2018-07-06,197.32000732421875
2018-07-09,199.11000061035156
2018-07-10,199.42999267578125
2018-07-11,193.58999633789065
2018-07-12,199.3300018310547
2018-07-13,199.19000244140625
2018-07-16,200.0800018310547
2018-07-17,204.33999633789065
2018-07-18,217.8999938964844
2018-07-19,215.2599945068359
2018-07-20,219.80999755859375
2018-07-23,220.77999877929688
2018-07-24,213.6999969482422
2018-07-25,218.97000122070312
2018-07-26,216.6499938964844
2018-07-27,213.3000030517578
2018-07-30,214.5
2018-07-31,214.0
2018-08-01,213.91000366210935
2018-08-02,215.82000732421875
2018-08-03,214.77999877929688
2018-08-06,213.57000732421875
2018-08-07,213.55999755859375
2018-08-08,213.0
2018-08-09,209.1699981689453
2018-08-10,203.88999938964844
2018-08-13,204.6999969482422
2018-08-14,205.61000061035156
2018-08-15,197.13999938964844
2018-08-16,197.86000061035156
2018-08-17,197.3699951171875
2018-08-20,199.4900054931641
2018-08-21,200.4900054931641
2018-08-22,200.80999755859375
2018-08-23,199.5399932861328
2018-08-24,202.97999572753903
2018-08-27,208.58999633789065
2018-08-28,206.69000244140625
2018-08-29,206.82000732421875
2018-08-30,205.1999969482422
2018-08-31,205.0500030517578
2018-09-04,199.47999572753903
2018-09-05,195.1199951171875
2018-09-06,184.4499969482422
2018-09-07,180.8699951171875
2018-09-10,185.6699981689453
2018-09-11,183.3699951171875
2018-09-12,175.3699951171875
2018-09-13,182.0
2018-09-14,184.3500061035156
2018-09-17,183.08999633789065
2018-09-18,186.57000732421875
2018-09-19,189.0500030517578
2018-09-20,191.4900054931641
2018-09-21,188.42999267578125
2018-09-24,191.47000122070312
2018-09-25,190.2100067138672
2018-09-26,188.8000030517578
2018-09-27,188.7400054931641
2018-09-28,188.02000427246097
2018-10-01,190.0800018310547
2018-10-02,190.16000366210935
2018-10-03,191.80999755859375
2018-10-04,187.4600067138672
2018-10-05,183.7899932861328
2018-10-08,181.67999267578125
2018-10-09,182.9499969482422
2018-10-10,171.9199981689453
2018-10-11,171.77999877929688
2018-10-12,174.27999877929688
2018-10-15,173.35000610351562
2018-10-16,181.72000122070312
2018-10-17,185.0099945068359
2018-10-18,176.44000244140625
2018-10-19,175.75999450683594
2018-10-22,176.3300018310547
2018-10-23,172.9499969482422
2018-10-24,158.16000366210938
2018-10-25,169.0399932861328
2018-10-26,166.2100067138672
2018-10-29,163.3699951171875
2018-10-30,168.74000549316406
2018-10-31,172.36000061035156
2018-11-01,175.72000122070312
2018-11-02,174.99000549316406
2018-11-05,172.86000061035156
2018-11-06,177.42999267578125
2018-11-07,177.4199981689453
2018-11-08,174.99000549316406
2018-11-09,175.5
2018-11-12,169.0
2018-11-13,170.88999938964844
2018-11-14,172.72999572753906
2018-11-15,176.7899932861328
2018-11-16,168.99000549316406
2018-11-19,163.58999633789062
2018-11-20,161.3300018310547
2018-11-21,163.91000366210938
2018-11-23,163.66000366210938
2018-11-26,167.42999267578125
2018-11-27,167.41000366210938
2018-11-28,174.30999755859375
2018-11-29,171.52000427246094
2018-11-30,171.35000610351562
2018-12-03,177.66000366210938
2018-12-04,169.63999938964844
2018-12-06,166.35000610351562
2018-12-07,159.52999877929688
2018-12-10,161.41000366210938
2018-12-11,161.47000122070312
2018-12-12,165.22000122070312
2018-12-13,164.08999633789062
2018-12-14,161.02999877929688
2018-12-17,160.60000610351562
2018-12-18,162.5800018310547
2018-12-19,153.8800048828125
2018-12-20,152.67999267578125
2018-12-21,148.4499969482422
2018-12-24,145.00999450683594
2018-12-26,152.9199981689453
2018-12-27,154.38999938964844
2018-12-28,155.08999633789062
2018-12-31,155.6199951171875
2019-01-02,156.3000030517578
2019-01-03,147.67999267578125
2019-01-04,154.07000732421875
2019-01-07,157.58999633789062
2019-01-08,156.42999267578125
2019-01-09,162.9199981689453
2019-01-10,162.61000061035156
2019-01-11,162.02000427246094
2019-01-14,158.69000244140625
2019-01-15,159.22999572753906
2019-01-16,157.27999877929688
2019-01-17,157.5399932861328
2019-01-18,162.6999969482422
2019-01-22,159.5
2019-01-23,162.1199951171875
2019-01-24,168.89999389648438
2019-01-25,176.66000366210938
2019-01-28,174.14999389648438
2019-01-29,174.61000061035156
2019-01-30,177.19000244140625
2019-01-31,175.02999877929688
2019-02-01,178.41000366210938
2019-02-04,179.55999755859375
2019-02-05,181.61000061035156
2019-02-06,186.86000061035156
2019-02-07,181.1000061035156
2019-02-08,181.07000732421875
2019-02-11,178.52000427246094
2019-02-12,182.7899932861328
2019-02-13,182.30999755859375
2019-02-14,184.3300018310547
2019-02-15,184.3699951171875
2019-02-19,182.4600067138672
2019-02-20,183.8500061035156
2019-02-21,182.52999877929688
2019-02-22,184.88999938964844
2019-02-25,186.9900054931641
2019-02-26,185.36000061035156
2019-02-27,184.1199951171875
2019-02-28,182.8699951171875
2019-03-01,185.11000061035156
2019-03-04,185.66000366210935
2019-03-05,184.52999877929688
2019-03-06,181.16000366210935
2019-03-07,177.52000427246094
2019-03-08,178.83999633789062
2019-03-11,181.08999633789065
2019-03-12,182.5099945068359
2019-03-13,182.52999877929688
2019-03-14,183.2899932861328
2019-03-15,192.80999755859375
2019-03-18,190.63999938964844
2019-03-19,190.80999755859375
2019-03-20,191.13999938964844
2019-03-21,194.36000061035156
2019-03-22,187.75
2019-03-25,186.3300018310547
2019-03-26,187.2899932861328
2019-03-27,184.05999755859375
2019-03-28,184.1999969482422
2019-03-29,188.0500030517578
2019-04-01,192.47999572753903
2019-04-02,193.83999633789065
2019-04-03,197.7400054931641
2019-04-04,198.3800048828125
2019-04-05,201.38999938964844
2019-04-08,203.55999755859375
2019-04-09,201.57000732421875
2019-04-10,199.7899932861328
2019-04-11,197.91000366210935
2019-04-12,202.82000732421875
2019-04-15,199.83999633789065
2019-04-16,203.6199951171875
2019-04-17,203.36000061035156
2019-04-18,205.91000366210935
2019-04-22,205.5099945068359
2019-04-23,205.2899932861328
2019-04-24,205.41000366210935
2019-04-25,206.2100067138672
2019-04-26,207.1999969482422
2019-04-29,206.41000366210935
2019-04-30,208.82000732421875
2019-05-01,206.38999938964844
2019-05-02,205.92999267578125
2019-05-03,208.67999267578125
2019-05-06,205.1699981689453
2019-05-07,200.69000244140625
2019-05-08,201.42999267578125
2019-05-09,198.9900054931641
2019-05-10,198.7400054931641
2019-05-13,190.44000244140625
2019-05-14,198.0399932861328
2019-05-15,200.6300048828125
2019-05-16,202.13999938964844
2019-05-17,201.1999969482422
2019-05-20,190.47999572753903
2019-05-21,193.75
2019-05-22,191.52999877929688
2019-05-23,190.6199951171875
2019-05-24,189.8000030517578
2019-05-28,190.9900054931641
2019-05-29,188.55999755859375
2019-05-30,189.88999938964844
2019-05-31,188.0500030517578
2019-06-03,186.97999572753903
2019-06-04,190.4600067138672
2019-06-05,189.3999938964844
2019-06-06,192.7599945068359
2019-06-07,196.6199951171875
2019-06-10,198.2599945068359
2019-06-11,200.1000061035156
2019-06-12,196.82000732421875
2019-06-13,197.92999267578125
2019-06-14,192.02000427246097
2019-06-17,189.63999938964844
2019-06-18,194.72000122070312
2019-06-19,196.82000732421875
2019-06-20,201.66000366210935
2019-06-21,202.27000427246097
2019-06-24,202.8000030517578
2019-06-25,199.0399932861328
2019-06-26,204.38999938964844
2019-06-27,204.9900054931641
2019-06-28,207.92999267578125
2019-07-01,214.97000122070312
2019-07-02,214.4199981689453
2019-07-03,213.8300018310547
2019-07-05,209.75
2019-07-08,208.02999877929688
2019-07-09,206.61000061035156
2019-07-10,208.1199951171875
2019-07-11,208.7400054931641
2019-07-12,208.17999267578125
2019-07-15,206.7599945068359
2019-07-16,205.0
2019-07-17,217.6699981689453
2019-07-18,226.6499938964844
2019-07-19,223.6199951171875
2019-07-22,227.7400054931641
2019-07-23,230.2100067138672
2019-07-24,234.05999755859375
2019-07-25,230.0500030517578
2019-07-26,230.8500061035156
2019-07-29,230.97000122070312
2019-07-30,228.33999633789065
2019-07-31,222.80999755859375
2019-08-01,221.44000244140625
2019-08-02,219.91000366210935
2019-08-05,212.1300048828125
2019-08-06,214.88999938964844
2019-08-07,215.6999969482422
2019-08-08,220.02999877929688
2019-08-09,215.9900054931641
2019-08-12,214.4499969482422
2019-08-13,219.1999969482422
2019-08-14,208.72000122070312
2019-08-15,209.86000061035156
2019-08-16,212.8500061035156
2019-08-19,215.69000244140625
2019-08-20,214.69000244140625
2019-08-21,217.02999877929688
2019-08-22,215.2599945068359
2019-08-23,210.5
2019-08-26,213.9900054931641
2019-08-27,214.07000732421875
2019-08-28,215.75
2019-08-29,219.7400054931641
2019-08-30,222.61000061035156
2019-09-03,220.02000427246097
2019-09-04,227.27000427246097
2019-09-05,237.08999633789065
2019-09-06,238.55999755859375
2019-09-09,241.3300018310547
2019-09-10,241.6699981689453
2019-09-11,245.2400054931641
2019-09-12,246.8300018310547
2019-09-13,248.9900054931641
2019-09-16,246.2100067138672
2019-09-17,248.1000061035156
2019-09-18,249.7899932861328
2019-09-19,249.58999633789065
2019-09-20,245.7899932861328
2019-09-23,248.47999572753903
2019-09-24,246.38999938964844
2019-09-25,247.52999877929688
2019-09-26,248.0399932861328
2019-09-27,243.7100067138672
2019-09-30,248.4199981689453
2019-10-01,245.38999938964844
2019-10-02,240.2899932861328
2019-10-03,244.3500061035156
2019-10-04,246.0399932861328
2019-10-07,247.4199981689453
2019-10-08,242.0800018310547
2019-10-09,246.27000427246097
2019-10-10,251.4900054931641
2019-10-11,260.0
2019-10-14,261.6400146484375
2019-10-15,267.5400085449219
2019-10-16,254.47000122070312
2019-10-17,253.7599945068359
2019-10-18,254.4199981689453
2019-10-21,260.42999267578125
2019-10-22,255.2899932861328
2019-10-23,257.6600036621094
2019-10-24,264.9700012207031
2019-10-25,263.989990234375
2019-10-28,266.510009765625
2019-10-29,264.6000061035156
2019-10-30,265.6499938964844
2019-10-31,261.9700012207031
2019-11-01,270.6000061035156
2019-11-04,273.17999267578125
2019-11-05,271.79998779296875
2019-11-06,268.739990234375
2019-11-07,267.6499938964844
2019-11-08,267.2900085449219
2019-11-11,266.7200012207031
2019-11-12,267.5899963378906
2019-11-13,269.9200134277344
2019-11-14,269.7300109863281
2019-11-15,274.9700012207031
2019-11-18,273.4700012207031
2019-11-19,271.54998779296875
2019-11-20,268.8699951171875
2019-11-21,267.0299987792969
2019-11-22,266.2200012207031
2019-11-25,271.1499938964844
2019-11-26,271.4700012207031
2019-11-27,271.4800109863281
2019-11-29,270.6199951171875
2019-12-02,265.5899963378906
2019-12-03,264.8399963378906
2019-12-04,269.760009765625
2019-12-05,273.8399963378906
2019-12-06,280.0899963378906
2019-12-09,277.5199890136719
2019-12-10,279.1099853515625
2019-12-11,284.0400085449219
2019-12-12,287.239990234375
2019-12-13,289.8900146484375
2019-12-16,292.9700012207031
2019-12-17,294.8399963378906
2019-12-18,292.1600036621094
2019-12-19,291.82000732421875
2019-12-20,293.5899963378906
2019-12-23,296.1400146484375
2019-12-24,294.92999267578125
2019-12-26,296.3399963378906
2019-12-27,296.6700134277344
2019-12-30,294.8900146484375
2019-12-31,295.94000244140625
2020-01-02,302.8299865722656
2020-01-03,297.95001220703125
2020-01-06,295.5799865722656
2020-01-07,298.7900085449219
2020-01-08,301.8900146484375
2020-01-09,301.3800048828125
2020-01-10,296.17999267578125
2020-01-13,301.45001220703125
2020-01-14,302.54998779296875
2020-01-15,300.0799865722656
2020-01-16,301.0799865722656
2020-01-17,300.0400085449219
2020-01-21,298.3999938964844
2020-01-22,296.25
2020-01-23,294.32000732421875
2020-01-24,295.8299865722656
2020-01-27,284.2799987792969
2020-01-28,290.17999267578125
2020-01-29,296.1400146484375
2020-01-30,294.3800048828125
2020-01-31,280.6600036621094
2020-02-03,288.1600036621094
2020-02-04,299.2300109863281
2020-02-05,306.32000732421875
2020-02-06,309.54998779296875
2020-02-07,304.9700012207031
2020-02-10,309.67999267578125
2020-02-11,316.010009765625
2020-02-12,317.44000244140625
2020-02-13,317.25
2020-02-14,316.29998779296875
2020-02-18,309.17999267578125
2020-02-19,317.3900146484375
2020-02-20,313.4700012207031
2020-02-21,306.0
2020-02-24,290.3999938964844
2020-02-25,284.5899963378906
2020-02-26,286.32000732421875
2020-02-27,277.2300109863281
2020-02-28,276.7099914550781
2020-03-02,287.489990234375
2020-03-03,284.29998779296875
2020-03-04,301.6099853515625
2020-03-05,288.25
2020-03-06,288.1099853515625
2020-03-09,263.9100036621094
2020-03-10,279.760009765625
2020-03-11,264.1400146484375
2020-03-12,240.75
2020-03-13,256.95001220703125
2020-03-16,229.36000061035156
2020-03-17,238.33999633789065
2020-03-18,196.9900054931641
2020-03-19,214.02999877929688
2020-03-20,216.1000061035156
2020-03-23,233.1499938964844
2020-03-24,260.2099914550781
2020-03-25,262.07000732421875
2020-03-26,275.8999938964844
2020-03-27,252.6199951171875
2020-03-30,268.0299987792969
2020-03-31,261.6400146484375
2020-04-01,249.0099945068359
2020-04-02,247.27999877929688
2020-04-03,244.61000061035156
2020-04-06,271.1300048828125
2020-04-07,272.5899963378906
2020-04-08,278.5799865722656
2020-04-09,276.80999755859375
2020-04-13,274.1000061035156
2020-04-14,288.92999267578125
2020-04-15,282.489990234375
2020-04-16,292.3999938964844
2020-04-17,295.6499938964844
2020-04-20,291.5799865722656
2020-04-21,281.0899963378906
2020-04-22,294.9700012207031
2020-04-23,289.3999938964844
2020-04-24,291.8399963378906
2020-04-27,290.8999938964844
2020-04-28,291.4200134277344
2020-04-29,303.7099914550781
2020-04-30,288.42999267578125
2020-05-01,279.05999755859375
2020-05-04,283.17999267578125
2020-05-05,288.3500061035156
2020-05-06,291.8999938964844
2020-05-07,299.5899963378906
2020-05-08,304.3999938964844
2020-05-11,304.3900146484375
2020-05-12,296.6300048828125
2020-05-13,294.2300109863281
2020-05-14,302.54998779296875
2020-05-15,292.5400085449219
2020-05-18,304.8900146484375
2020-05-19,306.25
2020-05-20,325.6400146484375
2020-05-21,318.989990234375
2020-05-22,319.3599853515625
2020-05-26,319.8599853515625
2020-05-27,318.5299987792969
2020-05-28,319.9700012207031
2020-05-29,329.510009765625
2020-06-01,326.7300109863281
2020-06-02,334.7300109863281
2020-06-03,346.29998779296875
2020-06-04,353.1099853515625
2020-06-05,357.2200012207031
2020-06-08,349.25
2020-06-09,349.3299865722656
2020-06-10,347.9200134277344
2020-06-11,332.8900146484375
2020-06-12,343.07000732421875
2020-06-15,350.010009765625
2020-06-16,352.04998779296875
2020-06-17,362.4100036621094
2020-06-18,358.8800048828125
2020-06-19,360.6700134277344
2020-06-22,364.2900085449219
2020-06-23,366.6400146484375
2020-06-24,361.5799865722656
2020-06-25,366.5499877929687
2020-06-26,361.760009765625
2020-06-29,364.80999755859375
2020-06-30,368.0299987792969
2020-07-01,367.5899963378906
2020-07-02,373.2200012207031
2020-07-06,385.4599914550781
2020-07-07,382.0199890136719
2020-07-08,391.9299926757813
2020-07-09,394.7200012207031
2020-07-10,395.8500061035156
2020-07-13,388.6199951171875
2020-07-14,396.8299865722656
2020-07-15,375.4299926757813
2020-07-16,385.2200012207031
2020-07-17,383.5899963378906
2020-07-20,391.4800109863281
2020-07-21,383.8200073242187
2020-07-22,392.6000061035156
2020-07-23,384.2300109863281
2020-07-24,367.6799926757813
2020-07-27,381.7799987792969
2020-07-28,376.3599853515625
2020-07-29,364.6199951171875
2020-07-30,362.7300109863281
2020-07-31,353.7200012207031
2020-08-03,366.6099853515625
2020-08-04,370.3299865722656
2020-08-05,368.510009765625
2020-08-06,369.2300109863281
2020-08-07,366.0700073242187
2020-08-10,365.4100036621094
2020-08-11,361.30999755859375
2020-08-12,374.80999755859375
2020-08-13,374.760009765625
2020-08-14,371.1000061035156
2020-08-17,378.510009765625
2020-08-18,377.2200012207031
2020-08-19,374.94000244140625
2020-08-20,372.1700134277344
2020-08-21,372.1199951171875
2020-08-24,377.989990234375
2020-08-25,380.8299865722656
2020-08-26,385.9200134277344
2020-08-27,376.2200012207031
2020-08-28,379.4700012207031
2020-08-31,374.1799926757813
2020-09-01,386.8999938964844
2020-09-02,398.489990234375
2020-09-03,376.1600036621094
2020-09-04,367.4200134277344
2020-09-08,347.3500061035156
2020-09-09,359.3699951171875
2020-09-10,357.0
2020-09-11,359.2300109863281
2020-09-14,367.94000244140625
2020-09-15,370.25
2020-09-16,362.3800048828125
2020-09-17,366.739990234375
2020-09-18,366.3399963378906
2020-09-21,362.6199951171875
2020-09-22,364.6400146484375
2020-09-23,357.55999755859375
2020-09-24,360.1600036621094
2020-09-25,360.4800109863281
2020-09-28,371.05999755859375
2020-09-29,374.0
2020-09-30,369.2699890136719
2020-10-01,382.010009765625
2020-10-02,370.0
2020-10-05,382.1099853515625
2020-10-06,370.1099853515625
2020-10-07,375.7999877929687
2020-10-08,380.8900146484375
2020-10-09,388.989990234375
2020-10-12,399.0400085449219
2020-10-13,405.1499938964844
2020-10-14,398.0299987792969
2020-10-15,386.5700073242187
2020-10-16,386.8999938964844
2020-10-19,385.30999755859375
2020-10-20,384.9599914550781
2020-10-21,383.0
2020-10-22,375.5
2020-10-23,378.55999755859375
2020-10-26,367.489990234375
2020-10-27,366.3699951171875
2020-10-28,362.8599853515625
2020-10-29,370.8599853515625
2020-10-30,361.2099914550781
2020-11-02,365.2099914550781
2020-11-03,372.05999755859375
2020-11-04,383.0
2020-11-05,398.19000244140625
2020-11-06,406.239990234375
2020-11-09,406.3299865722656
2020-11-10,399.2999877929687
2020-11-11,418.0499877929687
2020-11-12,412.7200012207031
2020-11-13,419.5899963378906
2020-11-16,426.510009765625
2020-11-17,426.4800109863281
2020-11-18,423.80999755859375
2020-11-19,423.3599853515625
2020-11-20,423.5899963378906
2020-11-23,427.1499938964844
2020-11-24,424.2699890136719
2020-11-25,423.4800109863281
2020-11-27,437.7699890136719
2020-11-30,437.7300109863281
2020-12-01,449.239990234375
2020-12-02,451.0
2020-12-03,452.8999938964844
2020-12-04,464.3900146484375
2020-12-07,469.7300109863281
2020-12-08,468.5700073242187
2020-12-09,452.8900146484375
2020-12-10,457.7999877929687
2020-12-11,452.6300048828125
2020-12-14,452.989990234375
2020-12-15,469.2999877929687
2020-12-16,471.5299987792969
2020-12-17,477.2999877929687
2020-12-18,477.239990234375
2020-12-21,472.260009765625
2020-12-22,476.1799926757813
2020-12-23,474.6199951171875
2020-12-24,483.0899963378906
2020-12-28,480.239990234375
2020-12-29,484.010009765625
2020-12-30,489.9100036621094
2020-12-31,487.7200012207031
2021-01-04,500.0
2021-01-05,505.3599853515625
2021-01-06,490.2200012207031
2021-01-07,501.4299926757813
2021-01-08,508.739990234375
2021-01-11,507.9500122070313
2021-01-12,513.9299926757812
2021-01-13,514.0599975585938
2021-01-14,544.6500244140625
2021-01-15,527.5
2021-01-19,549.5
2021-01-20,549.3800048828125
2021-01-21,570.739990234375
2021-01-22,569.4500122070312
2021-01-25,567.6099853515625
2021-01-26,549.0
2021-01-27,524.6300048828125
2021-01-28,547.219970703125
2021-01-29,534.1599731445312
2021-02-01,554.3900146484375
2021-02-02,553.5
2021-02-03,542.9099731445312
2021-02-04,555.4400024414062
2021-02-05,552.8099975585938
2021-02-08,564.0
2021-02-09,565.5
2021-02-10,566.8900146484375
2021-02-11,591.510009765625
2021-02-12,597.989990234375
2021-02-16,603.1400146484375
2021-02-17,587.5800170898438
2021-02-18,582.47998046875
2021-02-19,594.4000244140625
2021-02-22,578.5
2021-02-23,576.0700073242188
2021-02-24,595.010009765625
2021-02-25,559.77001953125
2021-02-26,567.0900268554688
2021-03-01,583.5499877929688
2021-03-02,563.1400146484375
2021-03-03,543.5999755859375
2021-03-04,510.5
2021-03-05,527.0399780273438
2021-03-08,502.19000244140625
2021-03-09,539.52001953125
2021-03-10,523.3300170898438
2021-03-11,544.4000244140625
2021-03-12,537.6300048828125
2021-03-15,547.1900024414062
2021-03-16,549.3800048828125
2021-03-17,559.5700073242188
2021-03-18,539.1900024414062
2021-03-19,547.4199829101562
2021-03-22,575.989990234375
2021-03-23,558.8699951171875
2021-03-24,578.5800170898438
2021-03-25,584.0
2021-03-26,625.6699829101562
2021-03-29,608.0
2021-03-30,601.2899780273438
2021-03-31,617.3599853515625
2021-04-01,637.0999755859375
2021-04-05,640.489990234375
2021-04-06,628.0
2021-04-07,626.5599975585938
2021-04-08,639.8800048828125
2021-04-09,634.3200073242188
2021-04-12,630.4299926757812
2021-04-13,629.1199951171875
2021-04-14,630.989990234375
2021-04-15,642.0900268554688
2021-04-16,645.6900024414062
2021-04-19,630.1099853515625
2021-04-20,616.9400024414062
2021-04-21,655.489990234375
2021-04-22,647.0900268554688
2021-04-23,670.9099731445312
2021-04-26,670.4400024414062
2021-04-27,672.8099975585938
2021-04-28,665.3400268554688
2021-04-29,662.47998046875
2021-04-30,648.0999755859375
2021-05-03,654.4299926757812
2021-05-04,629.0
2021-05-05,641.8800048828125
2021-05-06,644.3400268554688
2021-05-07,658.5700073242188
2021-05-10,627.260009765625
2021-05-11,630.6599731445312
2021-05-12,601.8800048828125
2021-05-13,623.0900268554688
2021-05-14,647.760009765625
2021-05-17,635.3499755859375
2021-05-18,632.1900024414062
2021-05-19,630.780029296875
2021-05-20,648.77001953125
2021-05-21,639.219970703125
2021-05-24,658.9500122070312
2021-05-25,672.2899780273438
2021-05-26,665.77001953125
2021-05-27,665.0900268554688
2021-05-28,675.469970703125
2021-06-01,671.7999877929688
2021-06-02,674.0900268554688
2021-06-03,665.8900146484375
2021-06-04,683.2999877929688
2021-06-07,681.97998046875
2021-06-08,680.72998046875
2021-06-09,682.5900268554688
2021-06-10,699.9400024414062
2021-06-11,697.030029296875
2021-06-14,709.3300170898438
2021-06-15,701.780029296875
2021-06-16,699.0499877929688
2021-06-17,698.8300170898438
2021-06-18,671.0700073242188
2021-06-21,680.6500244140625
2021-06-22,685.8099975585938
2021-06-23,681.6500244140625
2021-06-24,695.0
2021-06-25,686.2100219726562
2021-06-28,704.1099853515625
2021-06-29,703.6799926757812
2021-06-30,690.8400268554688
2021-07-01,679.3099975585938
2021-07-02,687.5399780273438
2021-07-06,685.8699951171875
2021-07-07,690.1799926757812
2021-07-08,673.6900024414062
2021-07-09,691.3599853515625
2021-07-12,707.8099975585938
2021-07-13,706.4199829101562
2021-07-14,716.510009765625
2021-07-15,703.9400024414062
2021-07-16,687.4199829101562
2021-07-19,684.0
2021-07-20,684.0499877929688
2021-07-21,721.0
2021-07-22,729.9199829101562
2021-07-23,748.1400146484375
2021-07-26,754.0900268554688
2021-07-27,745.5999755859375
2021-07-28,759.8599853515625
2021-07-29,765.7100219726562
2021-07-30,766.739990234375
2021-08-02,769.6500244140625
2021-08-03,779.530029296875
2021-08-04,795.47998046875
2021-08-05,794.75
2021-08-06,783.280029296875
2021-08-09,788.6799926757812
2021-08-10,789.2899780273438
2021-08-11,789.219970703125
2021-08-12,781.0700073242188
2021-08-13,788.9600219726562
2021-08-16,787.3499755859375
2021-08-17,776.5599975585938
2021-08-18,772.4500122070312
2021-08-19,781.510009765625
2021-08-20,788.1799926757812
2021-08-23,811.6199951171875
2021-08-24,805.6099853515625
2021-08-25,807.8699951171875
2021-08-26,810.9400024414062
2021-08-27,832.9199829101562
2021-08-30,839.5900268554688
2021-08-31,833.0399780273438
2021-09-01,842.1699829101562
2021-09-02,861.280029296875
2021-09-03,858.1099853515625
2021-09-07,861.77001953125
2021-09-08,857.989990234375
2021-09-09,853.5
2021-09-10,858.8699951171875
2021-09-13,871.239990234375
2021-09-14,888.0700073242188
2021-09-15,889.3300170898438
2021-09-16,887.3099975585938
2021-09-17,859.8499755859375
2021-09-20,840.739990234375
2021-09-21,854.72998046875
2021-09-22,864.739990234375
2021-09-23,879.780029296875
2021-09-24,868.8200073242188
2021-09-27,835.3099975585938
2021-09-28,780.1699829101562
2021-09-29,750.4199829101562
2021-09-30,745.1099853515625
2021-10-01,741.8099975585938
2021-10-04,712.9400024414062
2021-10-05,732.8699951171875
2021-10-06,732.5
2021-10-07,746.8200073242188
2021-10-08,730.27001953125
2021-10-11,721.8900146484375
2021-10-12,725.0499877929688
2021-10-13,744.4199829101562
2021-10-14,778.2899780273438
2021-10-15,789.4000244140625
2021-10-18,788.219970703125
2021-10-19,800.9600219726562
2021-10-20,767.7000122070312
2021-10-21,787.5599975585938
2021-10-22,800.969970703125
2021-10-25,788.4400024414062
2021-10-26,791.22998046875
2021-10-27,801.0
2021-10-28,813.1900024414062
2021-10-29,812.8800048828125
2021-11-01,807.4500122070312
2021-11-02,812.02001953125
2021-11-03,830.02001953125
2021-11-04,850.489990234375
2021-11-05,847.0
2021-11-08,849.9299926757812
2021-11-09,850.0499877929688
2021-11-10,817.8499755859375
2021-11-11,833.3900146484375
2021-11-12,851.6300048828125
2021-11-15,856.719970703125
2021-11-16,860.5499877929688
2021-11-17,859.4600219726562
2021-11-18,879.1199951171875
2021-11-19,857.1699829101562
2021-11-22,825.75
2021-11-23,807.47998046875
2021-11-24,802.3900146484375
2021-11-26,782.02001953125
2021-11-29,815.010009765625
2021-11-30,791.510009765625
2021-12-01,804.0
2021-12-02,789.3800048828125
2021-12-03,771.52001953125
2021-12-06,756.3900146484375
2021-12-07,806.010009765625
2021-12-08,803.9199829101562
2021-12-09,772.6099853515625
2021-12-10,781.8400268554688
2021-12-13,764.469970703125
2021-12-14,754.3900146484375
2021-12-15,792.219970703125
2021-12-16,755.0
2021-12-17,749.8699951171875
2021-12-20,752.8800048828125
2021-12-21,783.0399780273438
2021-12-22,792.1199951171875
2021-12-23,801.4099731445312
2021-12-27,811.4299926757812
2021-12-28,804.77001953125
2021-12-29,801.97998046875
2021-12-30,800.219970703125
2021-12-31,796.1400146484375
2022-01-03,797.489990234375
2022-01-04,779.1900024414062
2022-01-05,745.6699829101562
2022-01-06,763.1199951171875
2022-01-07,756.0999755859375
2022-01-10,727.1699829101562
2022-01-11,729.1599731445312
2022-01-12,742.1699829101562
2022-01-13,730.0800170898438
2022-01-14,744.530029296875
2022-01-18,715.22998046875
2022-01-19,698.8200073242188
2022-01-20,706.4600219726562
2022-01-21,694.72998046875
2022-01-24,687.4199829101562
2022-01-25,648.5700073242188
2022-01-26,653.260009765625
2022-01-27,634.6599731445312
2022-01-28,644.969970703125
2022-01-31,677.2000122070312
2022-02-01,681.47998046875
2022-02-02,686.75
2022-02-03,645.9299926757812
2022-02-04,652.8099975585938
2022-02-07,650.030029296875
2022-02-08,653.469970703125
2022-02-09,680.3699951171875
2022-02-10,656.8800048828125
2022-02-11,628.239990234375
2022-02-14,627.9099731445312
2022-02-15,656.4099731445312
2022-02-16,663.8599853515625
2022-02-17,650.4299926757812
2022-02-18,647.8300170898438
2022-02-22,640.27001953125
2022-02-23,631.72998046875
2022-02-24,656.8400268554688
2022-02-25,667.1199951171875
2022-02-28,666.510009765625
2022-03-01,634.2100219726562
2022-03-02,655.3699951171875
2022-03-03,630.7899780273438
2022-03-04,594.3200073242188
2022-03-07,574.3400268554688
2022-03-08,573.0399780273438
2022-03-09,621.3400268554688
2022-03-10,600.0700073242188
2022-03-11,585.8499755859375
2022-03-14,577.5499877929688
2022-03-15,596.7000122070312
2022-03-16,650.6300048828125
2022-03-17,654.0999755859375
2022-03-18,679.8599853515625
2022-03-21,682.9099731445312
2022-03-22,688.739990234375
2022-03-23,665.3599853515625
2022-03-24,690.5399780273438
2022-03-25,687.3599853515625
2022-03-28,694.8300170898438
2022-03-29,709.1400146484375
2022-03-30,684.5599975585938
2022-03-31,667.9299926757812
2022-04-01,667.72998046875
2022-04-04,680.8300170898438
2022-04-05,646.4600219726562
2022-04-06,628.510009765625
2022-04-07,625.2999877929688
2022-04-08,610.9299926757812
2022-04-11,597.739990234375
2022-04-12,594.0
2022-04-13,612.760009765625
2022-04-14,597.8699951171875
2022-04-18,605.5800170898438
2022-04-19,617.1500244140625
2022-04-20,633.9099731445312
2022-04-21,619.97998046875
2022-04-22,607.6099853515625
2022-04-25,599.8200073242188
2022-04-26,560.4299926757812
2022-04-27,556.8800048828125
2022-04-28,590.5399780273438
2022-04-29,563.77001953125
2022-05-02,571.0900268554688
2022-05-03,570.6799926757812
2022-05-04,592.6400146484375
2022-05-05,564.1699829101562
2022-05-06,551.0
2022-05-09,512.6599731445312
2022-05-10,523.3699951171875
2022-05-11,521.2999877929688
2022-05-12,522.3599853515625
2022-05-13,548.3200073242188
2022-05-16,534.9500122070312
2022-05-17,561.6300048828125
2022-05-18,528.2999877929688
2022-05-19,526.0
2022-05-20,532.8400268554688
2022-05-23,554.6099853515625
2022-05-24,546.4299926757812
2022-05-25,548.0800170898438
2022-05-26,560.0700073242188
2022-05-27,583.3800048828125
2022-05-31,576.2899780273438
2022-06-01,563.6599731445312
2022-06-02,580.5399780273438
2022-06-03,563.6500244140625
2022-06-06,571.6900024414062
2022-06-07,577.010009765625
2022-06-08,567.4400024414062
2022-06-09,542.4099731445312
2022-06-10,521.530029296875
2022-06-13,493.5799865722656
2022-06-14,491.1700134277344
2022-06-15,505.3299865722656
2022-06-16,468.1499938964844
2022-06-17,473.3500061035156
2022-06-21,494.3500061035156
2022-06-22,485.5
2022-06-23,485.5
2022-06-24,515.260009765625
2022-06-27,508.0400085449219
2022-06-28,490.4100036621094
2022-06-29,484.6199951171875
2022-06-30,475.8800048828125
2022-07-01,449.8299865722656
2022-07-05,432.3999938964844
2022-07-06,428.8800048828125
2022-07-07,451.8999938964844
2022-07-08,452.9500122070313
2022-07-11,439.05999755859375
2022-07-12,434.489990234375
2022-07-13,447.010009765625
2022-07-14,456.8999938964844
2022-07-15,475.6300048828125
2022-07-18,473.4800109863281
2022-07-19,498.3599853515625
2022-07-20,514.4199829101562
2022-07-21,542.27001953125
2022-07-22,534.260009765625
2022-07-25,538.969970703125
2022-07-26,524.1699829101562
2022-07-27,546.1799926757812
2022-07-28,560.7100219726562
2022-07-29,574.4400024414062
2022-08-01,578.1500244140625
2022-08-02,565.5999755859375
2022-08-03,583.8599853515625
2022-08-04,588.4600219726562
2022-08-05,577.3099975585938
2022-08-08,572.75
2022-08-09,541.1099853515625
2022-08-10,566.0499877929688
2022-08-11,562.4099731445312
2022-08-12,575.9600219726562
2022-08-15,574.9400024414062
2022-08-16,566.6799926757812
2022-08-17,557.280029296875
2022-08-18,561.2999877929688
2022-08-19,545.260009765625
2022-08-22,520.0700073242188
2022-08-23,525.75
2022-08-24,525.4400024414062
2022-08-25,539.739990234375
2022-08-26,509.94000244140625
2022-08-29,499.8800048828125
2022-08-30,493.0199890136719
2022-08-31,489.94000244140625
2022-09-01,469.9200134277344
2022-09-02,467.19000244140625
2022-09-06,469.9200134277344
2022-09-07,476.6799926757813
2022-09-08,482.75
2022-09-09,501.0
2022-09-12,504.9299926757813
2022-09-13,471.1000061035156
2022-09-14,478.1000061035156
2022-09-15,465.6499938964844
2022-09-16,467.25
2022-09-19,471.1099853515625
2022-09-20,461.9599914550781
2022-09-21,454.9200134277344
2022-09-22,441.0400085449219
2022-09-23,436.1400146484375
2022-09-26,430.80999755859375
2022-09-27,433.2900085449219
2022-09-28,441.2300109863281
2022-09-29,427.7799987792969
2022-09-30,415.3500061035156
2022-10-03,431.6799926757813
2022-10-04,465.1099853515625
2022-10-05,469.2900085449219
2022-10-06,462.1400146484375
2022-10-07,434.260009765625
2022-10-10,421.8900146484375
2022-10-11,399.55999755859375
2022-10-12,398.3299865722656
2022-10-13,405.3999938964844
2022-10-14,379.1300048828125
2022-10-17,392.2200012207031
2022-10-18,398.989990234375
2022-10-19,424.0199890136719
2022-10-20,437.2699890136719
2022-10-21,462.2300109863281
2022-10-24,472.9700012207031
2022-10-25,486.010009765625
2022-10-26,484.0899963378906
2022-10-27,474.4100036621094
2022-10-28,489.1799926757813
2022-10-31,472.4200134277344
2022-11-01,475.3800048828125
2022-11-02,446.3299865722656
2022-11-03,439.9200134277344
2022-11-04,468.760009765625
2022-11-07,483.3900146484375
2022-11-08,503.5899963378906
2022-11-09,489.4599914550781
2022-11-10,560.7899780273438
2022-11-11,576.4400024414062
2022-11-14,577.8200073242188
2022-11-15,597.469970703125
2022-11-16,576.7000122070312
2022-11-17,589.030029296875
2022-11-18,593.1599731445312
2022-11-21,580.2899780273438
2022-11-22,596.2100219726562
2022-11-23,603.8499755859375
2022-11-25,591.8400268554688
2022-11-28,583.3400268554688
2022-11-29,578.8200073242188
2022-11-30,608.1199951171875
2022-12-01,611.260009765625
2022-12-02,605.7100219726562
2022-12-05,600.7899780273438
2022-12-06,593.0499877929688
2022-12-07,601.3499755859375
2022-12-08,606.8900146484375
2022-12-09,597.7000122070312
2022-12-12,609.989990234375
2022-12-13,628.27001953125
2022-12-14,615.8599853515625
2022-12-15,586.3400268554688
2022-12-16,574.3200073242188
2022-12-19,568.6099853515625
2022-12-20,563.1599731445312
2022-12-21,580.9600219726562
2022-12-22,555.9500122070312
2022-12-23,551.3699951171875
2022-12-27,537.1799926757812
2022-12-28,531.6400146484375
2022-12-29,551.469970703125
2022-12-30,546.4000244140625
2023-01-03,549.5700073242188
2023-01-04,570.8300170898438
2023-01-05,565.3200073242188
2023-01-06,595.8499755859375
2023-01-09,621.3300170898438
2023-01-10,633.3900146484375
2023-01-11,644.6799926757812
2023-01-12,652.5599975585938
2023-01-13,659.6900024414062
2023-01-17,658.1900024414062
2023-01-18,652.2899780273438
2023-01-19,630.25
2023-01-20,648.8499755859375
2023-01-23,676.030029296875
2023-01-24,670.010009765625
2023-01-25,681.530029296875
2023-01-26,683.9000244140625
2023-01-27,667.3900146484375
2023-01-30,650.3099975585938
2023-01-31,660.8400268554688
2023-02-01,678.530029296875
2023-02-02,696.5499877929688
2023-02-03,679.6199951171875
2023-02-06,661.969970703125
2023-02-07,678.719970703125
2023-02-08,662.7899780273438
2023-02-09,664.1300048828125
2023-02-10,656.3499755859375
2023-02-13,668.739990234375
2023-02-14,677.47998046875
2023-02-15,676.8099975585938
2023-02-16,656.280029296875
2023-02-17,651.9299926757812
2023-02-21,629.780029296875
2023-02-22,624.2100219726562
2023-02-23,638.0900268554688
2023-02-24,618.3800048828125
2023-02-27,632.0800170898438
2023-02-28,617.72998046875
2023-03-01,614.9500122070312
2023-03-02,624.1699829101562
2023-03-03,637.3800048828125
2023-03-06,620.969970703125
2023-03-07,609.1099853515625
2023-03-08,619.4000244140625
2023-03-09,604.739990234375
2023-03-10,601.2100219726562
2023-03-13,604.780029296875
2023-03-14,620.2999877929688
2023-03-15,606.6900024414062
2023-03-16,630.5599975585938
2023-03-17,633.6900024414062
2023-03-20,646.3300170898438
2023-03-21,642.1300048828125
2023-03-22,640.3699951171875
2023-03-23,664.1599731445312
2023-03-24,647.530029296875
2023-03-27,644.0499877929688
2023-03-28,639.7100219726562
2023-03-29,659.1199951171875
2023-03-30,676.6799926757812
2023-03-31,680.7100219726562
2023-04-03,673.989990234375
2023-04-04,668.6799926757812
2023-04-05,663.9000244140625
2023-04-06,657.1199951171875
2023-04-10,661.6400146484375
2023-04-11,659.77001953125
2023-04-12,654.6599731445312
2023-04-13,665.4099731445312
2023-04-14,666.2000122070312
2023-04-17,639.0399780273438
2023-04-18,643.3300170898438
2023-04-19,623.5999755859375
2023-04-20,633.5700073242188
2023-04-21,634.469970703125
2023-04-24,627.3800048828125
2023-04-25,605.760009765625
2023-04-26,609.0999755859375
2023-04-27,629.239990234375
2023-04-28,636.8599853515625
2023-05-01,635.2000122070312
2023-05-02,634.0499877929688
2023-05-03,634.739990234375
2023-05-04,635.0499877929688
2023-05-05,650.3200073242188
2023-05-08,654.989990234375
2023-05-09,643.0499877929688
2023-05-10,657.1400146484375
2023-05-11,650.1900024414062
2023-05-12,647.510009765625
2023-05-15,655.6900024414062
2023-05-16,652.0499877929688
2023-05-17,670.5
2023-05-18,695.9299926757812
2023-05-19,694.0
2023-05-22,698.6400146484375
2023-05-23,681.4500122070312
2023-05-24,666.7899780273438
2023-05-25,708.47998046875
2023-05-26,735.9299926757812
2023-05-30,728.260009765625
2023-05-31,722.9299926757812
2023-06-01,726.77001953125
2023-06-02,724.6500244140625
2023-06-05,722.2000122070312
2023-06-06,716.6300048828125
2023-06-07,710.2100219726562
2023-06-08,720.0499877929688
2023-06-09,715.8599853515625
2023-06-12,730.1699829101562
2023-06-13,737.27001953125
2023-06-14,740.2100219726562
2023-06-15,738.6900024414062
2023-06-16,721.8800048828125
2023-06-20,720.4099731445312
2023-06-21,707.2999877929688
2023-06-22,717.4099731445312
2023-06-23,697.8900146484375
2023-06-26,700.239990234375
2023-06-27,725.0800170898438
2023-06-28,724.1900024414062
2023-06-29,723.3499755859375
2023-06-30,724.75
2023-07-03,733.8800048828125
2023-07-05,715.6699829101562
2023-07-06,699.3099975585938
2023-07-07,696.739990234375
2023-07-10,709.8300170898438
2023-07-11,705.0
2023-07-12,724.8599853515625
2023-07-13,750.739990234375
2023-07-14,754.02001953125
2023-07-17,754.489990234375
2023-07-18,757.030029296875
2023-07-19,715.780029296875
2023-07-20,676.1300048828125
2023-07-21,693.3599853515625
2023-07-24,684.47998046875
2023-07-25,687.2999877929688
2023-07-26,684.2999877929688
2023-07-27,708.1199951171875
2023-07-28,718.3699951171875
2023-07-31,716.4099731445312
2023-08-01,708.7100219726562
2023-08-02,683.0599975585938
2023-08-03,681.010009765625
2023-08-04,678.0399780273438
2023-08-07,693.4199829101562
2023-08-08,679.3699951171875
2023-08-09,672.489990234375
2023-08-10,677.8099975585938
2023-08-11,661.780029296875
2023-08-14,666.5499877929688
2023-08-15,651.7000122070312
2023-08-16,646.4400024414062
2023-08-17,644.3400268554688
2023-08-18,655.3300170898438
2023-08-21,662.52001953125
2023-08-22,667.52001953125
2023-08-23,677.1199951171875
2023-08-24,647.8200073242188
2023-08-25,651.010009765625
2023-08-28,658.989990234375
2023-08-29,667.510009765625
2023-08-30,669.5599975585938
2023-08-31,660.530029296875
2023-09-01,662.52001953125
2023-09-05,663.5599975585938
2023-09-06,666.0399780273438
2023-09-07,637.7899780273438
2023-09-08,627.8599853515625
2023-09-11,627.7100219726562
2023-09-12,618.7999877929688
2023-09-13,617.0499877929688
2023-09-14,621.9000244140625
2023-09-15,596.6599731445312
2023-09-18,597.72998046875
2023-09-19,593.77001953125
2023-09-20,589.8800048828125
2023-09-21,582.1199951171875
2023-09-22,587.0999755859375
2023-09-25,586.1300048828125
2023-09-26,572.7100219726562
2023-09-27,574.530029296875
2023-09-28,580.6500244140625
2023-09-29,588.6599731445312
2023-10-02,582.1799926757812
2023-10-03,570.5999755859375
2023-10-04,590.8599853515625
2023-10-05,581.6900024414062
2023-10-06,597.3599853515625
2023-10-09,591.3699951171875
2023-10-10,602.1500244140625
2023-10-11,606.1900024414062
2023-10-12,616.760009765625
2023-10-13,599.75
2023-10-16,603.7999877929688
2023-10-17,608.6300048828125
2023-10-18,583.25
2023-10-19,587.72998046875
2023-10-20,580.0999755859375
2023-10-23,587.7899780273438
2023-10-24,600.75
2023-10-25,583.3400268554688
2023-10-26,588.2000122070312
2023-10-27,590.0
2023-10-30,588.8800048828125
2023-10-31,598.8099975585938
2023-11-01,608.27001953125
2023-11-02,631.3900146484375
2023-11-03,642.4099731445312
2023-11-06,637.4400024414062
2023-11-07,636.3099975585938
2023-11-08,639.2899780273438
2023-11-09,634.260009765625
2023-11-10,661.280029296875
2023-11-13,654.5999755859375
2023-11-14,675.4099731445312
2023-11-15,678.0
2023-11-16,680.8699951171875
2023-11-17,686.0900268554688
2023-11-20,694.3099975585938
2023-11-21,684.4199829101562
2023-11-22,684.7999877929688
2023-11-24,691.1799926757812
2023-11-27,688.3800048828125
2023-11-28,675.989990234375
2023-11-29,687.6099853515625
2023-11-30,683.760009765625
2023-12-01,692.2000122070312
2023-12-04,690.3200073242188
2023-12-05,694.530029296875
2023-12-06,692.0800170898438
2023-12-07,699.6500244140625
2023-12-08,696.4299926757812
2023-12-11,710.239990234375
2023-12-12,720.5599975585938
2023-12-13,735.2899780273438
2023-12-14,753.7100219726562
2023-12-15,752.9600219726562
2023-12-18,742.0599975585938
2023-12-19,744.719970703125
2023-12-20,729.6099853515625
2023-12-21,755.27001953125
2023-12-22,752.530029296875
2023-12-26,762.6799926757812
2023-12-27,764.030029296875
2023-12-28,757.8499755859375
2023-12-29,756.9199829101562
2024-01-02,716.9199829101562
2024-01-03,703.3699951171875
2024-01-04,700.2899780273438
2024-01-05,703.3400268554688
2024-01-08,720.8400268554688
2024-01-09,715.9500122070312
2024-01-10,717.7899780273438
2024-01-11,718.530029296875
2024-01-12,713.219970703125
2024-01-16,706.5
2024-01-17,712.27001953125
2024-01-18,744.530029296875
2024-01-19,757.8300170898438
2024-01-22,766.6799926757812
2024-01-23,778.3900146484375
2024-01-24,847.3099975585938
2024-01-25,869.0800170898438
2024-01-26,867.75
2024-01-29,882.6199951171875
2024-01-30,868.030029296875
2024-01-31,869.8200073242188
2024-02-01,890.5399780273438
2024-02-02,890.6599731445312
2024-02-05,898.5399780273438
2024-02-06,904.8900146484376
2024-02-07,922.22998046875
2024-02-08,922.9400024414062
2024-02-09,949.5999755859376
2024-02-12,929.2100219726562
2024-02-13,903.3200073242188
2024-02-14,924.4400024414062
2024-02-15,929.8400268554688
2024-02-16,928.9400024414062
2024-02-20,909.5700073242188
2024-02-21,908.2100219726562
2024-02-22,951.8499755859376
2024-02-23,933.25
2024-02-26,947.5900268554688
2024-02-27,941.3699951171876
2024-02-28,939.5
2024-02-29,951.6799926757812
2024-03-01,990.9400024414062
2024-03-04,998.0399780273438
2024-03-05,968.8400268554688
2024-03-06,1003.9299926757812
2024-03-07,1047.3900146484375
2024-03-08,994.3300170898438
2024-03-11,962.6699829101562
2024-03-12,984.2899780273438
2024-03-13,968.780029296875
2024-03-14,959.780029296875
2024-03-15,940.2100219726562
2024-03-18,941.3400268554688
2024-03-19,951.9099731445312
2024-03-20,970.9199829101562
2024-03-21,990.7899780273438
2024-03-22,979.9600219726562
2024-03-25,978.9299926757812
2024-03-26,971.2999877929688
2024-03-27,974.010009765625
2024-03-28,970.469970703125
2024-04-01,992.9500122070312
2024-04-02,966.7100219726562
2024-04-03,980.27001953125
2024-04-04,953.4099731445312
2024-04-05,979.5499877929688
2024-04-08,982.7100219726562
2024-04-09,989.8300170898438
2024-04-10,974.6099853515624
2024-04-11,992.1799926757812
2024-04-12,961.8400268554688
2024-04-15,954.8200073242188
2024-04-16,976.9199829101562
2024-04-17,907.6099853515624
2024-04-18,889.030029296875
2024-04-19,859.5399780273438
2024-04-22,872.0499877929688
2024-04-23,901.5700073242188
2024-04-24,892.3200073242188
2024-04-25,902.510009765625
2024-04-26,918.969970703125
2024-04-29,909.77001953125
2024-04-30,872.469970703125
2024-05-01,852.8400268554688
2024-05-02,870.280029296875
2024-05-03,901.6300048828124
2024-05-06,916.9199829101562
2024-05-07,908.219970703125
2024-05-08,911.469970703125
2024-05-09,913.5399780273438
2024-05-10,930.2899780273438
2024-05-13,917.239990234375
2024-05-14,915.030029296875
2024-05-15,937.4199829101562
2024-05-16,919.5399780273438
2024-05-17,924.969970703125
2024-05-20,939.4400024414062
2024-05-21,925.27001953125
2024-05-22,922.3300170898438
2024-05-23,934.25
2024-05-24,956.219970703125
2024-05-28,991.8499755859376
2024-05-29,957.8800048828124
2024-05-30,966.1199951171876
2024-05-31,960.3499755859376
2024-06-03,965.47998046875
2024-06-04,950.8099975585938
2024-06-05,1041.3399658203125
2024-06-06,1052.6099853515625
2024-06-07,1028.4200439453125
2024-06-10,1041.7099609375
2024-06-11,1036.010009765625
2024-06-12,1068.8599853515625
2024-06-13,1052.7099609375
2024-06-14,1027.9000244140625
2024-06-17,1052.469970703125
2024-06-18,1061.3800048828125
2024-06-20,1050.739990234375
2024-06-21,1036.5999755859375
2024-06-24,1002.010009765625
2024-06-25,1023.3400268554688
2024-06-26,1016.5999755859376
2024-06-27,1028.010009765625
2024-06-28,1022.72998046875
