Date,DTE_Close
2014-06-30,66.2723388671875
2014-07-01,65.69361877441406
2014-07-02,64.40850830078125
2014-07-03,63.92340469360352
2014-07-07,64.17021179199219
2014-07-08,64.65531921386719
2014-07-09,64.1872329711914
2014-07-10,64.98723602294922
2014-07-11,64.60425567626953
2014-07-14,64.17021179199219
2014-07-15,64.73191833496094
2014-07-16,64.8425521850586
2014-07-17,64.544677734375
2014-07-18,65.16595458984375
2014-07-21,64.61276245117188
2014-07-22,64.7574462890625
2014-07-23,65.16595458984375
2014-07-24,65.75318908691406
2014-07-25,64.68085479736328
2014-07-28,65.55744934082031
2014-07-29,65.23403930664062
2014-07-30,64.17021179199219
2014-07-31,62.825531005859375
2014-08-01,63.08936309814453
2014-08-04,62.58723449707031
2014-08-05,61.37021255493164
2014-08-06,61.3361701965332
2014-08-07,62.187232971191406
2014-08-08,63.59148788452149
2014-08-11,63.514892578125
2014-08-12,63.310638427734375
2014-08-13,63.940425872802734
2014-08-14,64.61276245117188
2014-08-15,64.98723602294922
2014-08-18,64.93617248535156
2014-08-19,65.73616790771484
2014-08-20,65.83829498291016
2014-08-21,65.8127670288086
2014-08-22,65.43830108642578
2014-08-25,65.9148941040039
2014-08-26,64.9446792602539
2014-08-27,65.47234344482422
2014-08-28,66.30638122558594
2014-08-29,66.59574127197266
2014-09-02,65.88935852050781
2014-09-03,66.16170501708984
2014-09-04,66.17021179199219
2014-09-05,67.08936309814453
2014-09-08,66.76596069335938
2014-09-09,66.2723388671875
2014-09-10,65.80425262451172
2014-09-11,65.73616790771484
2014-09-12,64.31489562988281
2014-09-15,64.71489715576172
2014-09-16,65.44680786132812
2014-09-17,65.18297576904297
2014-09-18,64.46808624267578
2014-09-19,64.93617248535156
2014-09-22,64.51063537597656
2014-09-23,64.56169891357422
2014-09-24,64.47659301757812
2014-09-25,64.15319061279297
2014-09-26,64.23829650878906
2014-09-29,64.64681243896484
2014-09-30,64.74893951416016
2014-10-01,64.91915130615234
2014-10-02,64.91063690185547
2014-10-03,65.42127990722656
2014-10-06,65.40425872802734
2014-10-07,65.54893493652344
2014-10-08,67.31914520263672
2014-10-09,66.2723388671875
2014-10-10,67.00425720214844
2014-10-13,67.14893341064453
2014-10-14,67.66808319091797
2014-10-15,66.2978744506836
2014-10-16,65.4297866821289
2014-10-17,65.514892578125
2014-10-20,66.92765808105469
2014-10-21,67.8723373413086
2014-10-22,67.96595764160156
2014-10-23,68.0851058959961
2014-10-24,68.25531768798828
2014-10-27,68.60425567626953
2014-10-28,69.10638427734375
2014-10-29,68.1276626586914
2014-10-30,69.77872467041016
2014-10-31,69.92340087890625
2014-11-03,70.46808624267578
2014-11-04,70.11914825439453
2014-11-05,71.62553405761719
2014-11-06,70.3574447631836
2014-11-07,70.90213012695312
2014-11-10,71.36170196533203
2014-11-11,70.4595718383789
2014-11-12,68.85106658935547
2014-11-13,67.89787292480469
2014-11-14,67.9744644165039
2014-11-17,69.02127838134766
2014-11-18,69.3702163696289
2014-11-19,69.1148910522461
2014-11-20,68.6297836303711
2014-11-21,68.63829803466797
2014-11-24,68.53617095947266
2014-11-25,68.41702270507812
2014-11-26,68.65531921386719
2014-11-28,69.3276596069336
2014-12-01,69.39574432373047
2014-12-02,70.01702117919922
2014-12-03,70.17021179199219
2014-12-04,70.34042358398438
2014-12-05,69.7872314453125
2014-12-08,70.37446594238281
2014-12-09,70.90213012695312
2014-12-10,69.77021026611328
2014-12-11,70.40850830078125
2014-12-12,69.69361877441406
2014-12-15,69.39574432373047
2014-12-16,69.84680938720703
2014-12-17,71.27659606933594
2014-12-18,72.74893951416016
2014-12-19,72.97872161865234
2014-12-22,73.38723754882812
2014-12-23,73.5404281616211
2014-12-24,74.8425521850586
2014-12-26,76.01702117919922
2014-12-29,76.74893951416016
2014-12-30,74.86808776855469
2014-12-31,73.50638580322266
2015-01-02,74.05106353759766
2015-01-05,73.3276596069336
2015-01-06,73.2170181274414
2015-01-07,74.0851058959961
2015-01-08,74.42552947998047
2015-01-09,73.8723373413086
2015-01-12,73.8127670288086
2015-01-13,74.22978973388672
2015-01-14,75.02978515625
2015-01-15,75.71914672851562
2015-01-16,76.56169891357422
2015-01-20,76.66383361816406
2015-01-21,77.33616638183594
2015-01-22,77.19149017333984
2015-01-23,77.65106201171875
2015-01-26,77.38723754882812
2015-01-27,77.7021255493164
2015-01-28,76.79148864746094
2015-01-29,77.90637969970703
2015-01-30,76.30638122558594
2015-02-02,77.00425720214844
2015-02-03,76.62127685546875
2015-02-04,75.42127990722656
2015-02-05,76.22978973388672
2015-02-06,72.55319213867188
2015-02-09,72.26383209228516
2015-02-10,73.7872314453125
2015-02-11,72.0851058959961
2015-02-12,71.48085021972656
2015-02-13,69.41276550292969
2015-02-17,69.71063995361328
2015-02-18,71.9148941040039
2015-02-19,70.97872161865234
2015-02-20,70.80850982666016
2015-02-23,71.40425872802734
2015-02-24,71.65957641601562
2015-02-25,70.43404388427734
2015-02-26,69.75318908691406
2015-02-27,69.8127670288086
2015-03-02,68.4595718383789
2015-03-03,68.69786834716797
2015-03-04,68.57872009277344
2015-03-05,69.0553207397461
2015-03-06,66.73191833496094
2015-03-09,66.7829818725586
2015-03-10,67.04680633544922
2015-03-11,66.51063537597656
2015-03-12,66.76596069335938
2015-03-13,66.14468383789062
2015-03-16,67.20851135253906
2015-03-17,66.91063690185547
2015-03-18,68.25531768798828
2015-03-19,67.7276611328125
2015-03-20,69.42127990722656
2015-03-23,69.26808166503906
2015-03-24,68.40850830078125
2015-03-25,67.69361877441406
2015-03-26,67.61701965332031
2015-03-27,68.22127532958984
2015-03-30,68.70638275146484
2015-03-31,68.6723403930664
2015-04-01,69.25957489013672
2015-04-02,69.85531616210938
2015-04-06,70.96170043945312
2015-04-07,69.9148941040039
2015-04-08,69.62553405761719
2015-04-09,69.26808166503906
2015-04-10,69.55744934082031
2015-04-13,68.97872161865234
2015-04-14,69.29361724853516
2015-04-15,69.34468078613281
2015-04-16,68.8851089477539
2015-04-17,68.68085479736328
2015-04-20,69.8127670288086
2015-04-21,69.08084869384766
2015-04-22,69.71914672851562
2015-04-23,70.485107421875
2015-04-24,70.47659301757812
2015-04-27,69.33616638183594
2015-04-28,69.67659759521484
2015-04-29,69.18297576904297
2015-04-30,67.77021026611328
2015-05-01,68.15319061279297
2015-05-04,68.60425567626953
2015-05-05,66.97021484375
2015-05-06,66.34042358398438
2015-05-07,66.71489715576172
2015-05-08,67.41276550292969
2015-05-11,67.04680633544922
2015-05-12,66.60425567626953
2015-05-13,65.69361877441406
2015-05-14,66.4595718383789
2015-05-15,67.35318756103516
2015-05-18,67.85531616210938
2015-05-19,67.68510437011719
2015-05-20,67.84680938720703
2015-05-21,67.79574584960938
2015-05-22,67.75318908691406
2015-05-26,67.3702163696289
2015-05-27,67.40425872802734
2015-05-28,67.68510437011719
2015-05-29,67.4297866821289
2015-06-01,67.455322265625
2015-06-02,66.24681091308594
2015-06-03,65.25106048583984
2015-06-04,65.25957489013672
2015-06-05,63.77872467041016
2015-06-08,63.429786682128906
2015-06-09,63.4212760925293
2015-06-10,63.85531997680664
2015-06-11,63.66808319091797
2015-06-12,63.04681015014648
2015-06-15,62.79148864746094
2015-06-16,63.0638313293457
2015-06-17,63.812767028808594
2015-06-18,64.72340393066406
2015-06-19,64.41702270507812
2015-06-22,64.16170501708984
2015-06-23,63.28510665893555
2015-06-24,62.8510627746582
2015-06-25,62.88510513305664
2015-06-26,63.795745849609375
2015-06-29,63.52340316772461
2015-06-30,63.52340316772461
2015-07-01,64.03404235839844
2015-07-02,64.86808776855469
2015-07-06,65.08084869384766
2015-07-07,66.85957336425781
2015-07-08,66.34893798828125
2015-07-09,65.41276550292969
2015-07-10,65.96595764160156
2015-07-13,65.75318908691406
2015-07-14,65.61701965332031
2015-07-15,65.95744323730469
2015-07-16,66.8425521850586
2015-07-17,65.96595764160156
2015-07-20,65.88085174560547
2015-07-21,65.2425537109375
2015-07-22,65.65106201171875
2015-07-23,64.82553100585938
2015-07-24,65.83829498291016
2015-07-27,66.96170043945312
2015-07-28,66.91063690185547
2015-07-29,67.49787139892578
2015-07-30,67.7021255493164
2015-07-31,68.47659301757812
2015-08-03,68.39148712158203
2015-08-04,67.31063842773438
2015-08-05,67.41276550292969
2015-08-06,67.99148559570312
2015-08-07,69.12340545654297
2015-08-10,68.6297836303711
2015-08-11,69.07234191894531
2015-08-12,70.65531921386719
2015-08-13,70.7574462890625
2015-08-14,71.19149017333984
2015-08-17,71.59149169921875
2015-08-18,71.14893341064453
2015-08-19,71.8127670288086
2015-08-20,71.71914672851562
2015-08-21,70.76596069335938
2015-08-24,67.42127990722656
2015-08-25,65.1574478149414
2015-08-26,66.2723388671875
2015-08-27,67.20851135253906
2015-08-28,67.08936309814453
2015-08-31,66.43404388427734
2015-09-01,64.7829818725586
2015-09-02,64.68936157226562
2015-09-03,65.00425720214844
2015-09-04,63.83829879760742
2015-09-08,64.91915130615234
2015-09-09,63.95744705200195
2015-09-10,63.88936233520508
2015-09-11,64.6297836303711
2015-09-14,64.57872009277344
2015-09-15,65.10638427734375
2015-09-16,66.06808471679688
2015-09-17,66.51063537597656
2015-09-18,66.2127685546875
2015-09-21,66.36595916748047
2015-09-22,65.76170349121094
2015-09-23,66.66383361816406
2015-09-24,67.02978515625
2015-09-25,67.46382904052734
2015-09-28,67.03829956054688
2015-09-29,66.57872009277344
2015-09-30,68.4000015258789
2015-10-01,67.54893493652344
2015-10-02,68.59574127197266
2015-10-05,69.03829956054688
2015-10-06,68.69786834716797
2015-10-07,68.39148712158203
2015-10-08,69.25106048583984
2015-10-09,69.0553207397461
2015-10-12,69.44680786132812
2015-10-13,69.23403930664062
2015-10-14,69.58297729492188
2015-10-15,70.85957336425781
2015-10-16,70.93617248535156
2015-10-19,71.18297576904297
2015-10-20,71.33616638183594
2015-10-21,71.30213165283203
2015-10-22,72.22978973388672
2015-10-23,70.91915130615234
2015-10-26,71.06382751464844
2015-10-27,71.0553207397461
2015-10-28,69.93191528320312
2015-10-29,69.06382751464844
2015-10-30,69.43830108642578
2015-11-02,69.92340087890625
2015-11-03,70.17872619628906
2015-11-04,70.39148712158203
2015-11-05,70.63829803466797
2015-11-06,67.56595611572266
2015-11-09,67.48936462402344
2015-11-10,68.25531768798828
2015-11-11,68.93617248535156
2015-11-12,68.11064147949219
2015-11-13,67.68510437011719
2015-11-16,68.98723602294922
2015-11-17,67.7021255493164
2015-11-18,67.98297882080078
2015-11-19,68.87659454345703
2015-11-20,69.25957489013672
2015-11-23,68.53617095947266
2015-11-24,68.26383209228516
2015-11-25,67.98297882080078
2015-11-27,68.22978973388672
2015-11-30,68.50212860107422
2015-12-01,68.65531921386719
2015-12-02,66.96170043945312
2015-12-03,66.61276245117188
2015-12-04,68.53617095947266
2015-12-07,69.08936309814453
2015-12-08,68.61276245117188
2015-12-09,68.26383209228516
2015-12-10,67.16595458984375
2015-12-11,66.66383361816406
2015-12-14,66.7829818725586
2015-12-15,67.33616638183594
2015-12-16,68.8425521850586
2015-12-17,68.04255676269531
2015-12-18,67.13191223144531
2015-12-21,66.9446792602539
2015-12-22,67.30213165283203
2015-12-23,68.09362030029297
2015-12-24,67.98297882080078
2015-12-28,68.64681243896484
2015-12-29,69.31063842773438
2015-12-30,69.39574432373047
2015-12-31,68.24681091308594
2016-01-04,67.35318756103516
2016-01-05,68.04255676269531
2016-01-06,67.73616790771484
2016-01-07,66.99574279785156
2016-01-08,66.70638275146484
2016-01-11,67.36170196533203
2016-01-12,67.74468231201172
2016-01-13,68.2978744506836
2016-01-14,69.20851135253906
2016-01-15,68.544677734375
2016-01-19,69.98297882080078
2016-01-20,68.24681091308594
2016-01-21,67.44680786132812
2016-01-22,69.2170181274414
2016-01-25,68.73191833496094
2016-01-26,69.53191375732422
2016-01-27,69.7872314453125
2016-01-28,70.85106658935547
2016-01-29,72.34893798828125
2016-02-01,72.60425567626953
2016-02-02,73.37872314453125
2016-02-03,74.11914825439453
2016-02-04,73.71063995361328
2016-02-05,73.57447052001953
2016-02-08,73.37872314453125
2016-02-09,73.9148941040039
2016-02-10,73.01276397705078
2016-02-11,71.55744934082031
2016-02-12,71.25106048583984
2016-02-16,71.94893646240234
2016-02-17,71.67659759521484
2016-02-18,72.4595718383789
2016-02-19,72.10212707519531
2016-02-22,72.6723403930664
2016-02-23,72.98723602294922
2016-02-24,73.2425537109375
2016-02-25,74.01702117919922
2016-02-26,71.73616790771484
2016-02-29,71.59149169921875
2016-03-01,71.34468078613281
2016-03-02,71.5404281616211
2016-03-03,71.49787139892578
2016-03-04,72.22127532958984
2016-03-07,73.33616638183594
2016-03-08,74.26383209228516
2016-03-09,74.83404541015625
2016-03-10,74.89361572265625
2016-03-11,75.10638427734375
2016-03-14,74.9446792602539
2016-03-15,75.20851135253906
2016-03-16,76.15319061279297
2016-03-17,76.13616943359375
2016-03-18,75.66808319091797
2016-03-21,75.66808319091797
2016-03-22,75.20851135253906
2016-03-23,76.07659912109375
2016-03-24,76.13616943359375
2016-03-28,75.98297882080078
2016-03-29,77.33616638183594
2016-03-30,77.20851135253906
2016-03-31,77.1574478149414
2016-04-01,77.48936462402344
2016-04-04,77.20851135253906
2016-04-05,75.7872314453125
2016-04-06,75.73616790771484
2016-04-07,75.54893493652344
2016-04-08,75.74468231201172
2016-04-11,75.39574432373047
2016-04-12,75.82127380371094
2016-04-13,75.48085021972656
2016-04-14,75.13191223144531
2016-04-15,75.84680938720703
2016-04-18,75.94893646240234
2016-04-19,76.2127685546875
2016-04-20,74.09362030029297
2016-04-21,72.4000015258789
2016-04-22,72.99574279785156
2016-04-25,73.42127990722656
2016-04-26,73.25106048583984
2016-04-27,74.42552947998047
2016-04-28,74.93617248535156
2016-04-29,75.88085174560547
2016-05-02,76.70638275146484
2016-05-03,76.34042358398438
2016-05-04,77.62553405761719
2016-05-05,77.53191375732422
2016-05-06,76.6297836303711
2016-05-09,76.8851089477539
2016-05-10,76.83404541015625
2016-05-11,77.18297576904297
2016-05-12,77.7276611328125
2016-05-13,77.33616638183594
2016-05-16,77.34468078613281
2016-05-17,75.84680938720703
2016-05-18,74.65531921386719
2016-05-19,75.44680786132812
2016-05-20,75.48085021972656
2016-05-23,74.68085479736328
2016-05-24,75.93191528320312
2016-05-25,75.48085021972656
2016-05-26,76.3574447631836
2016-05-27,76.77446746826172
2016-05-31,77.17446899414062
2016-06-01,77.54893493652344
2016-06-02,77.5404281616211
2016-06-03,79.00425720214844
2016-06-06,78.80000305175781
2016-06-07,78.89361572265625
2016-06-08,79.47234344482422
2016-06-09,80.04255676269531
2016-06-10,79.92340087890625
2016-06-13,79.85531616210938
2016-06-14,80.83404541015625
2016-06-15,80.0
2016-06-16,79.94893646240234
2016-06-17,80.32340240478516
2016-06-20,79.92340087890625
2016-06-21,80.0255355834961
2016-06-22,79.7872314453125
2016-06-23,80.05106353759766
2016-06-24,81.34468078613281
2016-06-27,82.11914825439453
2016-06-28,82.37446594238281
2016-06-29,82.63829803466797
2016-06-30,84.3574447631836
2016-07-01,84.49361419677734
2016-07-05,85.19149017333984
2016-07-06,85.06382751464844
2016-07-07,83.56595611572266
2016-07-08,84.37446594238281
2016-07-11,84.22127532958984
2016-07-12,83.13191223144531
2016-07-13,83.48936462402344
2016-07-14,82.6297836303711
2016-07-15,83.1148910522461
2016-07-18,83.38723754882812
2016-07-19,83.44680786132812
2016-07-20,83.00425720214844
2016-07-21,83.71063995361328
2016-07-22,84.60425567626953
2016-07-25,84.10212707519531
2016-07-26,83.40425872802734
2016-07-27,82.74893951416016
2016-07-28,82.63829803466797
2016-07-29,82.99574279785156
2016-08-01,83.55744934082031
2016-08-02,83.52340698242188
2016-08-03,82.2723388671875
2016-08-04,82.485107421875
2016-08-05,80.93617248535156
2016-08-08,80.92765808105469
2016-08-09,81.10638427734375
2016-08-10,81.33616638183594
2016-08-11,81.5999984741211
2016-08-12,82.0255355834961
2016-08-15,80.64681243896484
2016-08-16,79.7276611328125
2016-08-17,80.91063690185547
2016-08-18,82.28085327148438
2016-08-19,80.59574127197266
2016-08-22,80.95319366455078
2016-08-23,80.51914978027344
2016-08-24,80.79148864746094
2016-08-25,80.98723602294922
2016-08-26,78.80000305175781
2016-08-29,79.59149169921875
2016-08-30,78.71489715576172
2016-08-31,79.06382751464844
2016-09-01,78.47659301757812
2016-09-02,79.31914520263672
2016-09-06,80.13616943359375
2016-09-07,80.4595718383789
2016-09-08,80.42552947998047
2016-09-09,77.44680786132812
2016-09-12,78.77446746826172
2016-09-13,77.74468231201172
2016-09-14,78.59574127197266
2016-09-15,78.5702133178711
2016-09-16,79.62553405761719
2016-09-19,80.34042358398438
2016-09-20,79.90637969970703
2016-09-21,81.57447052001953
2016-09-22,81.83829498291016
2016-09-23,82.42552947998047
2016-09-26,82.23829650878906
2016-09-27,80.91063690185547
2016-09-28,80.74893951416016
2016-09-29,79.19149017333984
2016-09-30,79.71914672851562
2016-10-03,79.01276397705078
2016-10-04,77.62553405761719
2016-10-05,78.14468383789062
2016-10-06,78.485107421875
2016-10-07,78.13616943359375
2016-10-10,78.59574127197266
2016-10-11,77.95744323730469
2016-10-12,78.0851058959961
2016-10-13,78.91915130615234
2016-10-14,78.2978744506836
2016-10-17,78.6297836303711
2016-10-18,79.01276397705078
2016-10-19,78.9446792602539
2016-10-20,79.2425537109375
2016-10-21,78.93617248535156
2016-10-24,79.26808166503906
2016-10-25,79.99148559570312
2016-10-26,79.9148941040039
2016-10-27,79.73616790771484
2016-10-28,79.94893646240234
2016-10-31,81.71063995361328
2016-11-01,80.24681091308594
2016-11-02,79.30213165283203
2016-11-03,79.37872314453125
2016-11-04,79.22553253173828
2016-11-07,81.09786987304688
2016-11-08,81.82978820800781
2016-11-09,78.61276245117188
2016-11-10,77.68510437011719
2016-11-11,77.42127990722656
2016-11-14,77.77021026611328
2016-11-15,79.48085021972656
2016-11-16,78.26383209228516
2016-11-17,78.0255355834961
2016-11-18,77.63404083251953
2016-11-21,78.53617095947266
2016-11-22,79.85531616210938
2016-11-23,78.85957336425781
2016-11-25,80.0255355834961
2016-11-28,81.53191375732422
2016-11-29,81.53191375732422
2016-11-30,79.22553253173828
2016-12-01,79.66808319091797
2016-12-02,80.96170043945312
2016-12-05,80.91915130615234
2016-12-06,81.01276397705078
2016-12-07,82.46808624267578
2016-12-08,81.86383056640625
2016-12-09,82.93617248535156
2016-12-12,83.76170349121094
2016-12-13,84.17872619628906
2016-12-14,82.47659301757812
2016-12-15,82.28936004638672
2016-12-16,83.57447052001953
2016-12-19,83.6425552368164
2016-12-20,83.93191528320312
2016-12-21,83.58297729492188
2016-12-22,83.83829498291016
2016-12-23,84.03404235839844
2016-12-27,83.95744323730469
2016-12-28,83.34468078613281
2016-12-29,84.19574737548828
2016-12-30,83.83829498291016
2017-01-03,83.58297729492188
2017-01-04,83.80425262451172
2017-01-05,83.9148941040039
2017-01-06,84.13616943359375
2017-01-09,83.30213165283203
2017-01-10,82.91915130615234
2017-01-11,83.75318908691406
2017-01-12,83.71914672851562
2017-01-13,83.65957641601562
2017-01-17,84.42552947998047
2017-01-18,84.16170501708984
2017-01-19,83.52340698242188
2017-01-20,83.74468231201172
2017-01-23,83.4297866821289
2017-01-24,83.3702163696289
2017-01-25,83.35318756103516
2017-01-26,83.59149169921875
2017-01-27,82.63829803466797
2017-01-30,82.68085479736328
2017-01-31,83.94893646240234
2017-02-01,83.34468078613281
2017-02-02,84.2127685546875
2017-02-03,84.26383209228516
2017-02-06,83.49787139892578
2017-02-07,83.74468231201172
2017-02-08,84.0255355834961
2017-02-09,82.73191833496094
2017-02-10,82.85957336425781
2017-02-13,83.46382904052734
2017-02-14,83.58297729492188
2017-02-15,83.3702163696289
2017-02-16,83.9744644165039
2017-02-17,83.50638580322266
2017-02-21,84.2127685546875
2017-02-22,84.50212860107422
2017-02-23,85.17446899414062
2017-02-24,86.03404235839844
2017-02-27,85.61701965332031
2017-02-28,86.28085327148438
2017-03-01,85.88935852050781
2017-03-02,86.41702270507812
2017-03-03,86.06808471679688
2017-03-06,86.51914978027344
2017-03-07,86.42552947998047
2017-03-08,85.19999694824219
2017-03-09,84.86808776855469
2017-03-10,85.3276596069336
2017-03-13,85.62553405761719
2017-03-14,85.52340698242188
2017-03-15,87.28510284423828
2017-03-16,85.28510284423828
2017-03-17,85.8723373413086
2017-03-20,85.30213165283203
2017-03-21,86.3574447631836
2017-03-22,86.70638275146484
2017-03-23,86.46808624267578
2017-03-24,86.95319366455078
2017-03-27,86.71489715576172
2017-03-28,86.55319213867188
2017-03-29,86.62127685546875
2017-03-30,86.1872329711914
2017-03-31,86.90213012695312
2017-04-03,86.51914978027344
2017-04-04,87.01276397705078
2017-04-05,87.77021026611328
2017-04-06,87.63404083251953
2017-04-07,87.63404083251953
2017-04-10,87.82978820800781
2017-04-11,87.77021026611328
2017-04-12,88.47659301757812
2017-04-13,88.09362030029297
2017-04-17,88.8851089477539
2017-04-18,88.86808776855469
2017-04-19,88.37446594238281
2017-04-20,88.03404235839844
2017-04-21,88.46808624267578
2017-04-24,88.89361572265625
2017-04-25,88.74893951416016
2017-04-26,88.8851089477539
2017-04-27,89.42127990722656
2017-04-28,89.01276397705078
2017-05-01,88.4595718383789
2017-05-02,88.73191833496094
2017-05-03,88.37446594238281
2017-05-04,88.6723403930664
2017-05-05,88.97021484375
2017-05-08,88.92765808105469
2017-05-09,88.485107421875
2017-05-10,89.03829956054688
2017-05-11,89.1574478149414
2017-05-12,89.71914672851562
2017-05-15,90.1702117919922
2017-05-16,89.19149017333984
2017-05-17,89.50638580322266
2017-05-18,89.65106201171875
2017-05-19,90.23829650878906
2017-05-22,91.09786987304688
2017-05-23,91.37872314453124
2017-05-24,91.84680938720705
2017-05-25,92.74893951416016
2017-05-26,92.66383361816406
2017-05-30,92.89361572265624
2017-05-31,93.20851135253906
2017-06-01,93.96595764160156
2017-06-02,94.40850830078124
2017-06-05,93.79574584960938
2017-06-06,93.75318908691406
2017-06-07,94.15319061279295
2017-06-08,92.74893951416016
2017-06-09,92.74893951416016
2017-06-12,92.74042510986328
2017-06-13,93.1148910522461
2017-06-14,94.03404235839844
2017-06-15,94.09362030029295
2017-06-16,94.6297836303711
2017-06-19,94.38298034667967
2017-06-20,94.485107421875
2017-06-21,93.7276611328125
2017-06-22,93.25957489013672
2017-06-23,92.6723403930664
2017-06-26,93.10638427734376
2017-06-27,91.63404083251952
2017-06-28,90.41702270507812
2017-06-29,90.14468383789062
2017-06-30,90.03404235839844
2017-07-03,89.82127380371094
2017-07-05,89.73616790771484
2017-07-06,89.50638580322266
2017-07-07,89.58297729492188
2017-07-10,89.30213165283203
2017-07-11,89.08936309814453
2017-07-12,89.86383056640625
2017-07-13,89.26808166503906
2017-07-14,89.69361877441406
2017-07-17,90.28085327148438
2017-07-18,90.0
2017-07-19,90.16170501708984
2017-07-20,90.86808776855467
2017-07-21,91.86383056640624
2017-07-24,90.52765655517578
2017-07-25,90.46808624267578
2017-07-26,91.38723754882812
2017-07-27,91.36170196533205
2017-07-28,90.82553100585938
2017-07-31,91.1148910522461
2017-08-01,91.0553207397461
2017-08-02,91.57447052001952
2017-08-03,92.6553192138672
2017-08-04,92.71489715576172
2017-08-07,92.70638275146484
2017-08-08,93.10638427734376
2017-08-09,92.36595916748048
2017-08-10,92.81702423095705
2017-08-11,91.80425262451172
2017-08-14,92.80850982666016
2017-08-15,92.91063690185548
2017-08-16,93.514892578125
2017-08-17,93.53191375732422
2017-08-18,94.15319061279295
2017-08-21,94.3744659423828
2017-08-22,94.7829818725586
2017-08-23,95.22553253173828
2017-08-24,95.09786987304688
2017-08-25,94.89361572265624
2017-08-28,95.43830108642578
2017-08-29,95.41276550292967
2017-08-30,95.29361724853516
2017-08-31,95.59149169921876
2017-09-01,95.42127990722656
2017-09-05,95.9744644165039
2017-09-06,95.04680633544922
2017-09-07,95.1999969482422
2017-09-08,96.03404235839844
2017-09-11,96.60425567626952
2017-09-12,94.71489715576172
2017-09-13,93.8127670288086
2017-09-14,94.96170043945312
2017-09-15,94.85106658935548
2017-09-18,94.06808471679688
2017-09-19,93.77021026611328
2017-09-20,92.66383361816406
2017-09-21,92.7829818725586
2017-09-22,92.23829650878906
2017-09-25,93.39574432373048
2017-09-26,93.2170181274414
2017-09-27,91.26808166503906
2017-09-28,91.6255340576172
2017-09-29,91.3702163696289
2017-10-02,91.37872314453124
2017-10-03,90.72340393066406
2017-10-04,91.53191375732422
2017-10-05,91.7021255493164
2017-10-06,91.6425552368164
2017-10-09,91.85531616210938
2017-10-10,93.01276397705078
2017-10-11,93.36170196533205
2017-10-12,94.1872329711914
2017-10-13,93.52340698242188
2017-10-16,93.30213165283205
2017-10-17,93.75318908691406
2017-10-18,94.0851058959961
2017-10-19,95.43830108642578
2017-10-20,95.52340698242188
2017-10-23,96.2127685546875
2017-10-24,95.9148941040039
2017-10-25,94.2723388671875
2017-10-26,93.71914672851562
2017-10-27,94.32340240478516
2017-10-30,93.90637969970705
2017-10-31,94.00851440429688
2017-11-01,93.85531616210938
2017-11-02,94.2978744506836
2017-11-03,94.38298034667967
2017-11-06,94.96170043945312
2017-11-07,96.00851440429688
2017-11-08,96.33191680908205
2017-11-09,96.3574447631836
2017-11-10,95.7021255493164
2017-11-13,97.22553253173828
2017-11-14,98.36595916748048
2017-11-15,97.42127990722656
2017-11-16,97.01276397705078
2017-11-17,96.10212707519533
2017-11-20,95.514892578125
2017-11-21,95.86383056640624
2017-11-22,95.84680938720705
2017-11-24,95.8723373413086
2017-11-27,96.71489715576172
2017-11-28,97.31063842773438
2017-11-29,97.49787139892578
2017-11-30,98.3574447631836
2017-12-01,98.05106353759766
2017-12-04,98.32340240478516
2017-12-05,97.31914520263672
2017-12-06,97.8723373413086
2017-12-07,97.93191528320312
2017-12-08,98.28936004638672
2017-12-11,98.71489715576172
2017-12-12,97.02978515625
2017-12-13,96.86808776855467
2017-12-14,96.69786834716795
2017-12-15,96.36595916748048
2017-12-18,94.60425567626952
2017-12-19,92.77446746826172
2017-12-20,92.1276626586914
2017-12-21,92.1276626586914
2017-12-22,92.52765655517578
2017-12-26,92.0255355834961
2017-12-27,92.544677734375
2017-12-28,93.28510284423828
2017-12-29,93.1574478149414
2018-01-02,92.2978744506836
2018-01-03,92.0
2018-01-04,90.46808624267578
2018-01-05,90.38298034667967
2018-01-08,91.04680633544922
2018-01-09,89.9404296875
2018-01-10,89.0553207397461
2018-01-11,88.45106506347656
2018-01-12,88.44255065917969
2018-01-16,88.6297836303711
2018-01-17,88.58723449707031
2018-01-18,88.0595703125
2018-01-19,87.7872314453125
2018-01-22,87.96595764160156
2018-01-23,89.08084869384766
2018-01-24,88.87659454345703
2018-01-25,90.17872619628906
2018-01-26,89.7872314453125
2018-01-29,88.8425521850586
2018-01-30,88.71489715576172
2018-01-31,89.90637969970703
2018-02-01,88.69786834716797
2018-02-02,87.89787292480469
2018-02-05,86.80850982666016
2018-02-06,84.56169891357422
2018-02-07,84.485107421875
2018-02-08,83.82127380371094
2018-02-09,86.00851440429688
2018-02-12,86.17021179199219
2018-02-13,86.98723602294922
2018-02-14,86.15319061279297
2018-02-15,87.7872314453125
2018-02-16,89.54893493652344
2018-02-20,87.82978820800781
2018-02-21,86.72340393066406
2018-02-22,86.68936157226562
2018-02-23,89.10638427734375
2018-02-26,88.30638122558594
2018-02-27,86.83404541015625
2018-02-28,85.77021026611328
2018-03-01,85.7276611328125
2018-03-02,85.77872467041016
2018-03-05,87.29361724853516
2018-03-06,86.1276626586914
2018-03-07,85.03829956054688
2018-03-08,85.44680786132812
2018-03-09,85.55744934082031
2018-03-12,85.88085174560547
2018-03-13,85.89787292480469
2018-03-14,86.61276245117188
2018-03-15,86.5702133178711
2018-03-16,87.03829956054688
2018-03-19,86.97021484375
2018-03-20,86.93617248535156
2018-03-21,87.25957489013672
2018-03-22,87.27659606933594
2018-03-23,86.03404235839844
2018-03-26,86.91063690185547
2018-03-27,88.34893798828125
2018-03-28,88.51063537597656
2018-03-29,88.85106658935547
2018-04-02,88.22978973388672
2018-04-03,88.86808776855469
2018-04-04,88.41702270507812
2018-04-05,89.04680633544922
2018-04-06,88.56169891357422
2018-04-09,88.80000305175781
2018-04-10,88.13616943359375
2018-04-11,87.94893646240234
2018-04-12,86.89361572265625
2018-04-13,87.18297576904297
2018-04-16,88.17872619628906
2018-04-17,88.92765808105469
2018-04-18,88.51914978027344
2018-04-19,88.28936004638672
2018-04-20,87.4297866821289
2018-04-23,87.9404296875
2018-04-24,88.68085479736328
2018-04-25,88.51914978027344
2018-04-26,89.2170181274414
2018-04-27,89.9148941040039
2018-04-30,89.7021255493164
2018-05-01,89.36170196533203
2018-05-02,89.14893341064453
2018-05-03,89.02127838134766
2018-05-04,89.08936309814453
2018-05-07,88.63829803466797
2018-05-08,86.04255676269531
2018-05-09,85.31063842773438
2018-05-10,86.23829650878906
2018-05-11,87.19149017333984
2018-05-14,87.0553207397461
2018-05-15,86.3574447631836
2018-05-16,85.50638580322266
2018-05-17,84.52765655517578
2018-05-18,85.03829956054688
2018-05-21,85.08084869384766
2018-05-22,85.20851135253906
2018-05-23,86.32340240478516
2018-05-24,86.91915130615234
2018-05-25,86.96170043945312
2018-05-29,86.89361572265625
2018-05-30,87.19149017333984
2018-05-31,87.17446899414062
2018-06-01,85.98297882080078
2018-06-04,85.14042663574219
2018-06-05,84.50212860107422
2018-06-06,82.50212860107422
2018-06-07,82.58723449707031
2018-06-08,82.52765655517578
2018-06-11,80.59574127197266
2018-06-12,82.11914825439453
2018-06-13,81.77021026611328
2018-06-14,82.59574127197266
2018-06-15,82.60425567626953
2018-06-18,82.89361572265625
2018-06-19,84.34042358398438
2018-06-20,84.50212860107422
2018-06-21,85.16595458984375
2018-06-22,85.48936462402344
2018-06-25,87.48085021972656
2018-06-26,87.82978820800781
2018-06-27,88.66383361816406
2018-06-28,88.4595718383789
2018-06-29,88.19574737548828
2018-07-02,89.01276397705078
2018-07-03,89.37872314453125
2018-07-05,90.49361419677734
2018-07-06,91.08936309814452
2018-07-09,87.7872314453125
2018-07-10,88.51063537597656
2018-07-11,89.92340087890625
2018-07-12,90.14468383789062
2018-07-13,90.3744659423828
2018-07-16,90.46808624267578
2018-07-17,90.53617095947266
2018-07-18,90.26383209228516
2018-07-19,91.37872314453124
2018-07-20,90.72340393066406
2018-07-23,90.57872009277344
2018-07-24,90.82553100585938
2018-07-25,92.1702117919922
2018-07-26,92.61276245117188
2018-07-27,92.43404388427734
2018-07-30,91.7276611328125
2018-07-31,92.3744659423828
2018-08-01,91.77872467041016
2018-08-02,92.51063537597656
2018-08-03,93.7021255493164
2018-08-06,94.04255676269533
2018-08-07,93.9148941040039
2018-08-08,93.75318908691406
2018-08-09,94.22978973388672
2018-08-10,93.90637969970705
2018-08-13,94.28936004638672
2018-08-14,94.50212860107422
2018-08-15,95.54893493652344
2018-08-16,96.32340240478516
2018-08-17,96.69786834716795
2018-08-20,96.42552947998048
2018-08-21,95.93191528320312
2018-08-22,94.66383361816406
2018-08-23,94.83404541015624
2018-08-24,95.23403930664062
2018-08-27,94.7574462890625
2018-08-28,94.23829650878906
2018-08-29,94.69786834716795
2018-08-30,95.1999969482422
2018-08-31,94.58723449707033
2018-09-04,95.03829956054688
2018-09-05,96.4000015258789
2018-09-06,97.02127838134766
2018-09-07,96.13616943359376
2018-09-10,96.51063537597656
2018-09-11,96.3574447631836
2018-09-12,96.1872329711914
2018-09-13,96.81702423095705
2018-09-14,95.57447052001952
2018-09-17,95.60851287841795
2018-09-18,95.75318908691406
2018-09-19,92.8425521850586
2018-09-20,92.91915130615234
2018-09-21,92.82553100585938
2018-09-24,92.34893798828124
2018-09-25,91.48085021972656
2018-09-26,90.6297836303711
2018-09-27,91.41276550292967
2018-09-28,92.87659454345705
2018-10-01,92.79148864746094
2018-10-02,94.26383209228516
2018-10-03,92.45106506347656
2018-10-04,93.08936309814452
2018-10-05,94.99574279785156
2018-10-08,95.82127380371094
2018-10-09,96.71489715576172
2018-10-10,95.94893646240234
2018-10-11,94.1106414794922
2018-10-12,93.73616790771484
2018-10-15,93.71914672851562
2018-10-16,94.6723403930664
2018-10-17,94.71489715576172
2018-10-18,94.60425567626952
2018-10-19,96.11914825439452
2018-10-22,95.57447052001952
2018-10-23,95.26808166503906
2018-10-24,100.1702117919922
2018-10-25,97.9148941040039
2018-10-26,96.04255676269533
2018-10-29,96.70638275146484
2018-10-30,97.3276596069336
2018-10-31,95.65957641601562
2018-11-01,95.39574432373048
2018-11-02,94.79148864746094
2018-11-05,96.47659301757812
2018-11-06,97.73616790771484
2018-11-07,98.8425521850586
2018-11-08,99.04680633544922
2018-11-09,100.544677734375
2018-11-12,101.31914520263672
2018-11-13,102.0851058959961
2018-11-14,101.52340698242188
2018-11-15,101.5404281616211
2018-11-16,101.30213165283205
2018-11-19,101.455322265625
2018-11-20,100.85106658935548
2018-11-21,99.36170196533205
2018-11-23,99.29361724853516
2018-11-26,99.31914520263672
2018-11-27,100.0
2018-11-28,99.9148941040039
2018-11-29,100.14468383789062
2018-11-30,101.90637969970705
2018-12-03,101.41276550292967
2018-12-04,101.42127990722656
2018-12-06,101.60851287841795
2018-12-07,101.71914672851562
2018-12-10,101.5404281616211
2018-12-11,102.01702117919922
2018-12-12,101.0553207397461
2018-12-13,101.9744644165039
2018-12-14,100.61276245117188
2018-12-17,97.1404266357422
2018-12-18,96.70638275146484
2018-12-19,96.8595733642578
2018-12-20,97.48085021972656
2018-12-21,97.06382751464844
2018-12-24,92.72340393066406
2018-12-26,93.31914520263672
2018-12-27,93.75318908691406
2018-12-28,93.71063995361328
2018-12-31,93.8723373413086
2019-01-02,91.82127380371094
2019-01-03,92.20425415039062
2019-01-04,93.60851287841795
2019-01-07,93.29361724853516
2019-01-08,94.11914825439452
2019-01-09,93.67659759521484
2019-01-10,95.06382751464844
2019-01-11,95.1999969482422
2019-01-14,93.57447052001952
2019-01-15,94.68085479736328
2019-01-16,95.08936309814452
2019-01-17,96.33191680908205
2019-01-18,96.15319061279295
2019-01-22,96.20425415039062
2019-01-23,97.25106048583984
2019-01-24,98.2978744506836
2019-01-25,97.13191223144533
2019-01-28,97.10638427734376
2019-01-29,97.8127670288086
2019-01-30,98.11914825439452
2019-01-31,100.2127685546875
2019-02-01,99.88085174560548
2019-02-04,99.90637969970705
2019-02-05,99.8297882080078
2019-02-06,99.6425552368164
2019-02-07,100.68085479736328
2019-02-08,100.90213012695312
2019-02-11,101.31063842773438
2019-02-12,101.69361877441406
2019-02-13,101.57447052001952
2019-02-14,101.455322265625
2019-02-15,101.96595764160156
2019-02-19,102.56169891357422
2019-02-20,103.63404083251952
2019-02-21,104.4595718383789
2019-02-22,105.29361724853516
2019-02-25,104.52765655517578
2019-02-26,104.0851058959961
2019-02-27,104.13616943359376
2019-02-28,105.1574478149414
2019-03-01,104.59574127197266
2019-03-04,104.77446746826172
2019-03-05,104.47659301757812
2019-03-06,104.15319061279295
2019-03-07,104.25531768798828
2019-03-08,104.85106658935548
2019-03-11,105.26808166503906
2019-03-12,105.58297729492188
2019-03-13,105.66808319091795
2019-03-14,105.85531616210938
2019-03-15,105.514892578125
2019-03-18,104.97021484375
2019-03-19,103.94893646240234
2019-03-20,104.1702117919922
2019-03-21,104.8851089477539
2019-03-22,106.28936004638672
2019-03-25,106.47659301757812
2019-03-26,107.1574478149414
2019-03-27,106.544677734375
2019-03-28,105.3446807861328
2019-03-29,106.16170501708984
2019-04-01,105.36170196533205
2019-04-02,105.44680786132812
2019-04-03,105.08084869384766
2019-04-04,104.52765655517578
2019-04-05,105.514892578125
2019-04-08,104.3574447631836
2019-04-09,104.87659454345705
2019-04-10,104.68936157226562
2019-04-11,105.46382904052734
2019-04-12,105.8893585205078
2019-04-15,105.92340087890624
2019-04-16,104.51914978027344
2019-04-17,104.51914978027344
2019-04-18,104.8595733642578
2019-04-22,104.44255065917967
2019-04-23,104.8000030517578
2019-04-24,105.56595611572266
2019-04-25,105.67659759521484
2019-04-26,105.82127380371094
2019-04-29,105.20851135253906
2019-04-30,106.98723602294922
2019-05-01,105.5404281616211
2019-05-02,105.63404083251952
2019-05-03,106.5702133178711
2019-05-06,106.45106506347656
2019-05-07,106.01702117919922
2019-05-08,104.70638275146484
2019-05-09,105.19149017333984
2019-05-10,107.2170181274414
2019-05-13,108.43404388427734
2019-05-14,107.3446807861328
2019-05-15,106.96170043945312
2019-05-16,107.88085174560548
2019-05-17,108.46808624267578
2019-05-20,108.40850830078124
2019-05-21,108.26383209228516
2019-05-22,109.18297576904295
2019-05-23,110.06808471679688
2019-05-24,109.60851287841795
2019-05-28,107.1148910522461
2019-05-29,106.16170501708984
2019-05-30,105.71914672851562
2019-05-31,106.7829818725586
2019-06-03,107.94893646240234
2019-06-04,107.56595611572266
2019-06-05,109.89787292480467
2019-06-06,110.2723388671875
2019-06-07,109.4297866821289
2019-06-10,109.13191223144533
2019-06-11,108.61276245117188
2019-06-12,109.9148941040039
2019-06-13,109.67659759521484
2019-06-14,110.24681091308594
2019-06-17,110.41702270507812
2019-06-18,109.76170349121094
2019-06-19,111.03829956054688
2019-06-20,111.6425552368164
2019-06-21,111.58297729492188
2019-06-24,111.99148559570312
2019-06-25,110.82553100585938
2019-06-26,108.485107421875
2019-06-27,108.56169891357422
2019-06-28,108.83404541015624
2019-07-01,109.17446899414062
2019-07-02,110.50212860107422
2019-07-03,111.56595611572266
2019-07-05,111.37872314453124
2019-07-08,111.514892578125
2019-07-09,111.67659759521484
2019-07-10,111.96595764160156
2019-07-11,112.01702117919922
2019-07-12,110.97872161865234
2019-07-15,110.6297836303711
2019-07-16,110.25531768798828
2019-07-17,110.70638275146484
2019-07-18,111.79574584960938
2019-07-19,109.60851287841795
2019-07-22,109.455322265625
2019-07-23,109.08084869384766
2019-07-24,108.68936157226562
2019-07-25,108.98723602294922
2019-07-26,110.10212707519533
2019-07-29,109.77021026611328
2019-07-30,108.89361572265624
2019-07-31,108.17872619628906
2019-08-01,109.8297882080078
2019-08-02,109.49787139892578
2019-08-05,108.01702117919922
2019-08-06,108.7829818725586
2019-08-07,109.08936309814452
2019-08-08,110.03404235839844
2019-08-09,110.10212707519533
2019-08-12,108.99574279785156
2019-08-13,109.13191223144533
2019-08-14,107.3702163696289
2019-08-15,109.49787139892578
2019-08-16,110.03404235839844
2019-08-19,111.31063842773438
2019-08-20,110.2723388671875
2019-08-21,111.07234191894533
2019-08-22,110.85106658935548
2019-08-23,109.26808166503906
2019-08-26,110.76596069335938
2019-08-27,110.97872161865234
2019-08-28,110.23829650878906
2019-08-29,110.62127685546876
2019-08-30,110.34893798828124
2019-09-03,112.23829650878906
2019-09-04,112.39148712158205
2019-09-05,110.56169891357422
2019-09-06,109.6851043701172
2019-09-09,108.91063690185548
2019-09-10,109.42127990722656
2019-09-11,110.0
2019-09-12,109.98297882080078
2019-09-13,109.30213165283205
2019-09-16,110.68085479736328
2019-09-17,111.25106048583984
2019-09-18,112.0255355834961
2019-09-19,112.22978973388672
2019-09-20,112.58723449707033
2019-09-23,111.90637969970705
2019-09-24,113.77021026611328
2019-09-25,113.8723373413086
2019-09-26,113.56595611572266
2019-09-27,112.7574462890625
2019-09-30,113.1574478149414
2019-10-01,113.35318756103516
2019-10-02,111.67659759521484
2019-10-03,111.1574478149414
2019-10-04,112.544677734375
2019-10-07,112.72340393066406
2019-10-08,110.79148864746094
2019-10-09,110.51914978027344
2019-10-10,110.8851089477539
2019-10-11,110.544677734375
2019-10-14,109.02978515625
2019-10-15,109.8127670288086
2019-10-16,110.00851440429688
2019-10-17,110.19574737548828
2019-10-18,108.3744659423828
2019-10-21,109.95744323730467
2019-10-22,109.77021026611328
2019-10-23,110.0595703125
2019-10-24,109.88085174560548
2019-10-25,109.1148910522461
2019-10-28,106.96170043945312
2019-10-29,107.73616790771484
2019-10-30,108.0851058959961
2019-10-31,108.3574447631836
2019-11-01,108.0851058959961
2019-11-04,106.43404388427734
2019-11-05,105.28510284423828
2019-11-06,105.44680786132812
2019-11-07,103.6425552368164
2019-11-08,102.544677734375
2019-11-11,102.73191833496094
2019-11-12,102.61276245117188
2019-11-13,104.3574447631836
2019-11-14,105.28510284423828
2019-11-15,105.39574432373048
2019-11-18,105.10638427734376
2019-11-19,105.2170181274414
2019-11-20,105.61701965332033
2019-11-21,104.99574279785156
2019-11-22,105.0553207397461
2019-11-25,105.5999984741211
2019-11-26,105.74468231201172
2019-11-27,106.3574447631836
2019-11-29,106.33191680908205
2019-12-02,105.00425720214844
2019-12-03,105.5404281616211
2019-12-04,106.60425567626952
2019-12-05,106.68936157226562
2019-12-06,106.57872009277344
2019-12-09,106.63829803466795
2019-12-10,106.3148956298828
2019-12-11,106.6723403930664
2019-12-12,106.32340240478516
2019-12-13,106.26383209228516
2019-12-16,108.49361419677734
2019-12-17,109.50638580322266
2019-12-18,110.04255676269533
2019-12-19,110.34893798828124
2019-12-20,110.51914978027344
2019-12-23,109.58297729492188
2019-12-24,109.07234191894533
2019-12-26,109.40425872802734
2019-12-27,109.6851043701172
2019-12-30,109.80425262451172
2019-12-31,110.52765655517578
2020-01-02,109.53191375732422
2020-01-03,109.79574584960938
2020-01-06,109.77021026611328
2020-01-07,109.40425872802734
2020-01-08,109.3446807861328
2020-01-09,109.49787139892578
2020-01-10,109.73616790771484
2020-01-13,110.28936004638672
2020-01-14,110.8595733642578
2020-01-15,112.33191680908205
2020-01-16,113.12340545654295
2020-01-17,113.89787292480467
2020-01-21,113.98297882080078
2020-01-22,112.86808776855467
2020-01-23,113.95744323730467
2020-01-24,112.98723602294922
2020-01-27,112.58723449707033
2020-01-28,112.73191833496094
2020-01-29,112.2978744506836
2020-01-30,113.31914520263672
2020-01-31,112.8595733642578
2020-02-03,113.85531616210938
2020-02-04,113.27659606933594
2020-02-05,114.42552947998048
2020-02-06,114.22127532958984
2020-02-07,113.71063995361328
2020-02-10,113.58297729492188
2020-02-11,114.0595703125
2020-02-12,113.8297882080078
2020-02-13,113.65957641601562
2020-02-14,114.0595703125
2020-02-18,114.59574127197266
2020-02-19,114.10212707519533
2020-02-20,114.0
2020-02-21,114.8595733642578
2020-02-24,113.07234191894533
2020-02-25,109.03829956054688
2020-02-26,106.15319061279295
2020-02-27,100.43404388427734
2020-02-28,95.03829956054688
2020-03-02,99.26808166503906
2020-03-03,96.1872329711914
2020-03-04,101.5404281616211
2020-03-05,98.9446792602539
2020-03-06,98.82553100585938
2020-03-09,87.25957489013672
2020-03-10,91.92340087890624
2020-03-11,88.60425567626953
2020-03-12,77.5999984741211
2020-03-13,82.07659912109375
2020-03-16,70.66383361816406
2020-03-17,75.2170181274414
2020-03-18,65.53191375732422
2020-03-19,72.68936157226562
2020-03-20,70.63829803466797
2020-03-23,65.3702163696289
2020-03-24,73.63404083251953
2020-03-25,78.70638275146484
2020-03-26,83.38723754882812
2020-03-27,83.00425720214844
2020-03-30,84.62127685546875
2020-03-31,80.82553100585938
2020-04-01,74.96170043945312
2020-04-02,75.88935852050781
2020-04-03,74.15319061279297
2020-04-06,81.73616790771484
2020-04-07,82.93617248535156
2020-04-08,88.37446594238281
2020-04-09,94.68085479736328
2020-04-13,92.4595718383789
2020-04-14,92.20425415039062
2020-04-15,89.19149017333984
2020-04-16,86.44255065917969
2020-04-17,90.0851058959961
2020-04-20,85.75318908691406
2020-04-21,84.37446594238281
2020-04-22,87.1148910522461
2020-04-23,85.96595764160156
2020-04-24,87.67659759521484
2020-04-27,87.38723754882812
2020-04-28,90.485107421875
2020-04-29,91.31063842773438
2020-04-30,88.28936004638672
2020-05-01,85.68510437011719
2020-05-04,85.8127670288086
2020-05-05,87.1574478149414
2020-05-06,85.5404281616211
2020-05-07,84.01702117919922
2020-05-08,86.17872619628906
2020-05-11,84.0255355834961
2020-05-12,84.47659301757812
2020-05-13,81.66808319091797
2020-05-14,83.40425872802734
2020-05-15,82.85106658935547
2020-05-18,87.86383056640625
2020-05-19,87.5404281616211
2020-05-20,87.8723373413086
2020-05-21,85.99148559570312
2020-05-22,86.91063690185547
2020-05-26,89.65957641601562
2020-05-27,90.63829803466795
2020-05-28,91.71063995361328
2020-05-29,91.54893493652344
2020-06-01,92.2723388671875
2020-06-02,93.96595764160156
2020-06-03,96.20425415039062
2020-06-04,94.57872009277344
2020-06-05,97.76170349121094
2020-06-08,99.92340087890624
2020-06-09,97.8723373413086
2020-06-10,96.11914825439452
2020-06-11,89.36170196533203
2020-06-12,89.42127990722656
2020-06-15,90.22978973388672
2020-06-16,91.89787292480467
2020-06-17,91.2170181274414
2020-06-18,91.6851043701172
2020-06-19,88.30638122558594
2020-06-22,90.85106658935548
2020-06-23,91.28510284423828
2020-06-24,89.59149169921875
2020-06-25,89.29361724853516
2020-06-26,88.61276245117188
2020-06-29,90.68936157226562
2020-06-30,91.48936462402344
2020-07-01,93.61701965332033
2020-07-02,93.59149169921876
2020-07-06,92.28085327148438
2020-07-07,91.1404266357422
2020-07-08,91.8297882080078
2020-07-09,90.7829818725586
2020-07-10,91.49787139892578
2020-07-13,92.34893798828124
2020-07-14,92.57872009277344
2020-07-15,92.93617248535156
2020-07-16,93.36170196533205
2020-07-17,94.90213012695312
2020-07-20,92.9446792602539
2020-07-21,94.56169891357422
2020-07-22,97.40425872802734
2020-07-23,97.8297882080078
2020-07-24,97.50638580322266
2020-07-27,97.02978515625
2020-07-28,97.55744934082033
2020-07-29,98.0595703125
2020-07-30,97.61701965332033
2020-07-31,98.40850830078124
2020-08-03,96.91063690185548
2020-08-04,98.41702270507812
2020-08-05,98.2978744506836
2020-08-06,99.52340698242188
2020-08-07,101.1574478149414
2020-08-10,102.32340240478516
2020-08-11,99.90637969970705
2020-08-12,101.1148910522461
2020-08-13,100.56169891357422
2020-08-14,100.17872619628906
2020-08-17,99.60851287841795
2020-08-18,99.17446899414062
2020-08-19,99.59149169921876
2020-08-20,98.26383209228516
2020-08-21,98.57872009277344
2020-08-24,100.4000015258789
2020-08-25,99.57447052001952
2020-08-26,98.50212860107422
2020-08-27,99.59149169921876
2020-08-28,100.30638122558594
2020-08-31,100.99574279785156
2020-09-01,100.24681091308594
2020-09-02,102.51914978027344
2020-09-03,101.37872314453124
2020-09-04,101.1148910522461
2020-09-08,100.49361419677734
2020-09-09,101.88085174560548
2020-09-10,100.3574447631836
2020-09-11,100.8000030517578
2020-09-14,102.45106506347656
2020-09-15,100.90213012695312
2020-09-16,101.31063842773438
2020-09-17,99.455322265625
2020-09-18,95.3446807861328
2020-09-21,94.72340393066406
2020-09-22,95.3276596069336
2020-09-23,95.23403930664062
2020-09-24,96.16170501708984
2020-09-25,97.63404083251952
2020-09-28,97.71063995361328
2020-09-29,97.36170196533205
2020-09-30,97.90637969970705
2020-10-01,96.544677734375
2020-10-02,97.1574478149414
2020-10-05,97.455322265625
2020-10-06,98.2127685546875
2020-10-07,97.455322265625
2020-10-08,103.71914672851562
2020-10-09,102.3744659423828
2020-10-12,102.79148864746094
2020-10-13,101.33616638183594
2020-10-14,101.61701965332033
2020-10-15,100.3744659423828
2020-10-16,101.53191375732422
2020-10-19,100.5702133178711
2020-10-20,103.26808166503906
2020-10-21,103.3702163696289
2020-10-22,104.70638275146484
2020-10-23,106.51063537597656
2020-10-26,105.73616790771484
2020-10-27,108.22978973388672
2020-10-28,103.95744323730467
2020-10-29,105.08084869384766
2020-10-30,105.03829956054688
2020-11-02,106.97872161865234
2020-11-03,107.6255340576172
2020-11-04,106.52765655517578
2020-11-05,106.49361419677734
2020-11-06,105.41276550292967
2020-11-09,109.6255340576172
2020-11-10,112.34042358398438
2020-11-11,110.68936157226562
2020-11-12,109.36170196533205
2020-11-13,111.23403930664062
2020-11-16,115.06382751464844
2020-11-17,113.0553207397461
2020-11-18,110.80850982666016
2020-11-19,110.34893798828124
2020-11-20,110.51914978027344
2020-11-23,110.98723602294922
2020-11-24,112.09362030029295
2020-11-25,112.544677734375
2020-11-27,109.38723754882812
2020-11-30,107.07234191894533
2020-12-01,107.43830108642578
2020-12-02,109.57447052001952
2020-12-03,107.9404296875
2020-12-04,107.17446899414062
2020-12-07,106.25531768798828
2020-12-08,106.06808471679688
2020-12-09,106.36595916748048
2020-12-10,105.71914672851562
2020-12-11,106.44255065917967
2020-12-14,105.12340545654295
2020-12-15,106.2127685546875
2020-12-16,105.14893341064452
2020-12-17,105.14893341064452
2020-12-18,103.57447052001952
2020-12-21,100.71489715576172
2020-12-22,101.20851135253906
2020-12-23,100.91915130615234
2020-12-24,101.8893585205078
2020-12-28,101.47234344482422
2020-12-29,101.48085021972656
2020-12-30,101.83829498291016
2020-12-31,103.3276596069336
2021-01-04,101.60851287841795
2021-01-05,101.77021026611328
2021-01-06,103.59149169921876
2021-01-07,101.07234191894533
2021-01-08,100.58723449707033
2021-01-11,100.40850830078124
2021-01-12,101.49787139892578
2021-01-13,103.6851043701172
2021-01-14,103.57447052001952
2021-01-15,105.12340545654295
2021-01-19,102.87659454345705
2021-01-20,104.04255676269533
2021-01-21,104.28085327148438
2021-01-22,103.75318908691406
2021-01-25,105.06382751464844
2021-01-26,104.50212860107422
2021-01-27,102.73191833496094
2021-01-28,103.06382751464844
2021-01-29,101.03829956054688
2021-02-01,101.75318908691406
2021-02-02,101.8893585205078
2021-02-03,100.7829818725586
2021-02-04,101.8723373413086
2021-02-05,103.59149169921876
2021-02-08,102.97872161865234
2021-02-09,103.25957489013672
2021-02-10,103.96595764160156
2021-02-11,103.82127380371094
2021-02-12,102.92765808105467
2021-02-16,102.63829803466795
2021-02-17,102.25531768798828
2021-02-18,102.1276626586914
2021-02-19,102.28085327148438
2021-02-22,103.95744323730467
2021-02-23,106.91063690185548
2021-02-24,105.44680786132812
2021-02-25,103.18297576904295
2021-02-26,100.1872329711914
2021-03-01,101.36170196533205
2021-03-02,100.4000015258789
2021-03-03,100.25531768798828
2021-03-04,102.1872329711914
2021-03-05,104.81702423095705
2021-03-08,106.16170501708984
2021-03-09,106.06808471679688
2021-03-10,107.4297866821289
2021-03-11,107.14893341064452
2021-03-12,108.39148712158205
2021-03-15,111.48936462402344
2021-03-16,110.544677734375
2021-03-17,110.23829650878906
2021-03-18,110.6297836303711
2021-03-19,110.57872009277344
2021-03-22,108.64681243896484
2021-03-23,109.5999984741211
2021-03-24,111.08936309814452
2021-03-25,112.93617248535156
2021-03-26,113.39574432373048
2021-03-29,114.0595703125
2021-03-30,113.6425552368164
2021-03-31,113.31063842773438
2021-04-01,113.2170181274414
2021-04-05,114.4000015258789
2021-04-06,115.00425720214844
2021-04-07,115.48936462402344
2021-04-08,114.85106658935548
2021-04-09,115.28510284423828
2021-04-12,115.4297866821289
2021-04-13,117.13191223144533
2021-04-14,118.0595703125
2021-04-15,118.70638275146484
2021-04-16,119.7276611328125
2021-04-19,118.89361572265624
2021-04-20,120.5702133178711
2021-04-21,119.26808166503906
2021-04-22,117.58297729492188
2021-04-23,117.30213165283205
2021-04-26,117.04680633544922
2021-04-27,115.95744323730467
2021-04-28,116.23829650878906
2021-04-29,118.77446746826172
2021-04-30,119.16595458984376
2021-05-03,119.52340698242188
2021-05-04,119.6851043701172
2021-05-05,118.19574737548828
2021-05-06,120.25531768798828
2021-05-07,120.58723449707033
2021-05-10,122.68085479736328
2021-05-11,121.04680633544922
2021-05-12,117.95744323730467
2021-05-13,119.3702163696289
2021-05-14,120.10212707519533
2021-05-17,119.80425262451172
2021-05-18,117.31063842773438
2021-05-19,118.1276626586914
2021-05-20,119.455322265625
2021-05-21,119.71914672851562
2021-05-24,120.99574279785156
2021-05-25,118.10212707519533
2021-05-26,117.30213165283205
2021-05-27,117.39574432373048
2021-05-28,117.43830108642578
2021-06-01,117.50638580322266
2021-06-02,116.97021484375
2021-06-03,117.1574478149414
2021-06-04,116.8851089477539
2021-06-07,117.31914520263672
2021-06-08,117.00425720214844
2021-06-09,118.28936004638672
2021-06-10,117.58297729492188
2021-06-11,117.98297882080078
2021-06-14,117.77021026611328
2021-06-15,117.13191223144533
2021-06-16,115.37872314453124
2021-06-17,114.47659301757812
2021-06-18,112.20425415039062
2021-06-21,113.1148910522461
2021-06-22,112.1276626586914
2021-06-23,111.1148910522461
2021-06-24,110.83404541015624
2021-06-25,111.71914672851562
2021-06-28,111.48936462402344
2021-06-29,110.20425415039062
2021-06-30,110.2978744506836
2021-07-01,111.87999725341795
2021-07-02,111.73999786376952
2021-07-06,112.3000030517578
2021-07-07,113.95999908447266
2021-07-08,114.2300033569336
2021-07-09,115.5999984741211
2021-07-12,116.0
2021-07-13,114.9000015258789
2021-07-14,114.9000015258789
2021-07-15,115.79000091552734
2021-07-16,117.0500030517578
2021-07-19,113.9000015258789
2021-07-20,116.12000274658205
2021-07-21,115.04000091552734
2021-07-22,114.87999725341795
2021-07-23,116.36000061035156
2021-07-26,115.87999725341795
2021-07-27,118.6999969482422
2021-07-28,117.69000244140624
2021-07-29,118.12999725341795
2021-07-30,117.31999969482422
2021-08-02,117.5999984741211
2021-08-03,118.12999725341795
2021-08-04,117.79000091552734
2021-08-05,119.33000183105467
2021-08-06,119.58000183105467
2021-08-09,119.9000015258789
2021-08-10,120.0
2021-08-11,120.18000030517578
2021-08-12,119.9499969482422
2021-08-13,120.3000030517578
2021-08-16,120.0
2021-08-17,120.30999755859376
2021-08-18,120.13999938964844
2021-08-19,120.16999816894533
2021-08-20,121.4800033569336
2021-08-23,121.1500015258789
2021-08-24,120.48999786376952
2021-08-25,120.77999877929688
2021-08-26,120.48999786376952
2021-08-27,120.6500015258789
2021-08-30,120.4000015258789
2021-08-31,120.33999633789062
2021-09-01,121.37000274658205
2021-09-02,122.12999725341795
2021-09-03,120.75
2021-09-07,119.27999877929688
2021-09-08,121.33000183105467
2021-09-09,120.56999969482422
2021-09-10,118.7699966430664
2021-09-13,118.0500030517578
2021-09-14,117.41999816894533
2021-09-15,116.87999725341795
2021-09-16,117.55999755859376
2021-09-17,114.0
2021-09-20,113.93000030517578
2021-09-21,113.37999725341795
2021-09-22,113.9499969482422
2021-09-23,113.75
2021-09-24,113.70999908447266
2021-09-27,112.5999984741211
2021-09-28,111.43000030517578
2021-09-29,113.12999725341795
2021-09-30,111.70999908447266
2021-10-01,111.66999816894533
2021-10-04,113.01000213623048
2021-10-05,113.79000091552734
2021-10-06,115.27999877929688
2021-10-07,115.05999755859376
2021-10-08,114.12999725341795
2021-10-11,112.1500015258789
2021-10-12,112.8000030517578
2021-10-13,113.97000122070312
2021-10-14,115.05999755859376
2021-10-15,115.04000091552734
2021-10-18,113.70999908447266
2021-10-19,114.47000122070312
2021-10-20,115.47000122070312
2021-10-21,115.4000015258789
2021-10-22,116.0
2021-10-25,115.6500015258789
2021-10-26,116.37000274658205
2021-10-27,113.81999969482422
2021-10-28,114.41000366210938
2021-10-29,113.3499984741211
2021-11-01,112.97000122070312
2021-11-02,113.08000183105467
2021-11-03,113.26000213623048
2021-11-04,113.4000015258789
2021-11-05,114.12999725341795
2021-11-08,112.33000183105467
2021-11-09,112.5
2021-11-10,113.16999816894533
2021-11-11,112.48999786376952
2021-11-12,111.95999908447266
2021-11-15,113.1999969482422
2021-11-16,112.79000091552734
2021-11-17,112.75
2021-11-18,111.37999725341795
2021-11-19,111.18000030517578
2021-11-22,112.94000244140624
2021-11-23,112.25
2021-11-24,112.18000030517578
2021-11-26,110.66000366210938
2021-11-29,111.48999786376952
2021-11-30,108.33999633789062
2021-12-01,109.1500015258789
2021-12-02,110.0
2021-12-03,111.88999938964844
2021-12-06,114.19000244140624
2021-12-07,115.01000213623048
2021-12-08,114.5199966430664
2021-12-09,115.2300033569336
2021-12-10,116.22000122070312
2021-12-13,117.16999816894533
2021-12-14,117.45999908447266
2021-12-15,119.5999984741211
2021-12-16,120.33000183105467
2021-12-17,116.5999984741211
2021-12-20,117.12999725341795
2021-12-21,116.4800033569336
2021-12-22,116.6999969482422
2021-12-23,116.81999969482422
2021-12-27,117.8499984741211
2021-12-28,118.7300033569336
2021-12-29,119.37999725341795
2021-12-30,119.31999969482422
2021-12-31,119.54000091552734
2022-01-03,119.18000030517578
2022-01-04,119.37999725341795
2022-01-05,119.25
2022-01-06,119.56999969482422
2022-01-07,119.69000244140624
2022-01-10,120.1500015258789
2022-01-11,118.77999877929688
2022-01-12,119.20999908447266
2022-01-13,119.83000183105467
2022-01-14,119.37999725341795
2022-01-18,118.37999725341795
2022-01-19,118.66999816894533
2022-01-20,118.36000061035156
2022-01-21,118.45999908447266
2022-01-24,116.87999725341795
2022-01-25,117.62999725341795
2022-01-26,118.18000030517578
2022-01-27,119.80999755859376
2022-01-28,120.23999786376952
2022-01-31,120.43000030517578
2022-02-01,118.4800033569336
2022-02-02,120.2300033569336
2022-02-03,120.05999755859376
2022-02-04,120.0
2022-02-07,119.5999984741211
2022-02-08,119.93000030517578
2022-02-09,120.5199966430664
2022-02-10,115.87999725341795
2022-02-11,116.16000366210938
2022-02-14,116.0500030517578
2022-02-15,116.30999755859376
2022-02-16,116.48999786376952
2022-02-17,118.5500030517578
2022-02-18,119.3499984741211
2022-02-22,118.33000183105467
2022-02-23,117.26000213623048
2022-02-24,117.73999786376952
2022-02-25,121.9499969482422
2022-02-28,121.58999633789062
2022-03-01,120.0
2022-03-02,122.37000274658205
2022-03-03,125.20999908447266
2022-03-04,127.87999725341795
2022-03-07,127.11000061035156
2022-03-08,126.16999816894533
2022-03-09,125.02999877929688
2022-03-10,127.3000030517578
2022-03-11,126.97000122070312
2022-03-14,126.5199966430664
2022-03-15,127.76000213623048
2022-03-16,127.79000091552734
2022-03-17,127.77999877929688
2022-03-18,126.06999969482422
2022-03-21,127.0999984741211
2022-03-22,125.70999908447266
2022-03-23,126.95999908447266
2022-03-24,127.79000091552734
2022-03-25,129.85000610351562
2022-03-28,129.6999969482422
2022-03-29,130.58999633789062
2022-03-30,132.55999755859375
2022-03-31,132.2100067138672
2022-04-01,134.94000244140625
2022-04-04,133.6300048828125
2022-04-05,134.2899932861328
2022-04-06,137.61000061035156
2022-04-07,136.3300018310547
2022-04-08,137.35000610351562
2022-04-11,136.86000061035156
2022-04-12,137.85000610351562
2022-04-13,136.6300048828125
2022-04-14,137.1699981689453
2022-04-18,137.1699981689453
2022-04-19,137.77000427246094
2022-04-20,139.1199951171875
2022-04-21,138.27999877929688
2022-04-22,136.80999755859375
2022-04-25,135.6999969482422
2022-04-26,134.52000427246094
2022-04-27,134.3699951171875
2022-04-28,135.52000427246094
2022-04-29,131.0399932861328
2022-05-02,128.74000549316406
2022-05-03,129.61000061035156
2022-05-04,130.75999450683594
2022-05-05,128.8300018310547
2022-05-06,129.67999267578125
2022-05-09,129.52000427246094
2022-05-10,128.41000366210938
2022-05-11,130.11000061035156
2022-05-12,128.7100067138672
2022-05-13,129.80999755859375
2022-05-16,130.3699951171875
2022-05-17,129.61000061035156
2022-05-18,128.30999755859375
2022-05-19,128.82000732421875
2022-05-20,128.72000122070312
2022-05-23,130.7899932861328
2022-05-24,134.13999938964844
2022-05-25,133.02000427246094
2022-05-26,133.19000244140625
2022-05-27,134.3000030517578
2022-05-31,132.7100067138672
2022-06-01,132.55999755859375
2022-06-02,132.7899932861328
2022-06-03,132.08999633789062
2022-06-06,132.57000732421875
2022-06-07,134.0500030517578
2022-06-08,131.39999389648438
2022-06-09,128.44000244140625
2022-06-10,127.5
2022-06-13,122.01000213623048
2022-06-14,119.11000061035156
2022-06-15,119.20999908447266
2022-06-16,116.61000061035156
2022-06-17,115.72000122070312
2022-06-21,117.13999938964844
2022-06-22,117.9000015258789
2022-06-23,120.37000274658205
2022-06-24,122.91000366210938
2022-06-27,124.3499984741211
2022-06-28,125.2300033569336
2022-06-29,126.0500030517578
2022-06-30,126.75
2022-07-01,129.16000366210938
2022-07-05,124.19000244140624
2022-07-06,126.16000366210938
2022-07-07,125.33999633789062
2022-07-08,124.8499984741211
2022-07-11,126.0
2022-07-12,125.20999908447266
2022-07-13,124.51000213623048
2022-07-14,124.51000213623048
2022-07-15,125.18000030517578
2022-07-18,123.66999816894533
2022-07-19,124.08999633789062
2022-07-20,121.45999908447266
2022-07-21,121.5199966430664
2022-07-22,123.75
2022-07-25,124.91000366210938
2022-07-26,126.25
2022-07-27,126.63999938964844
2022-07-28,129.2100067138672
2022-07-29,130.3000030517578
2022-08-01,130.4199981689453
2022-08-02,129.89999389648438
2022-08-03,130.4199981689453
2022-08-04,129.0
2022-08-05,129.10000610351562
2022-08-08,129.75
2022-08-09,132.5500030517578
2022-08-10,132.25999450683594
2022-08-11,133.3300018310547
2022-08-12,134.91000366210938
2022-08-15,136.05999755859375
2022-08-16,136.08999633789062
2022-08-17,134.97000122070312
2022-08-18,135.44000244140625
2022-08-19,136.13999938964844
2022-08-22,134.63999938964844
2022-08-23,133.8800048828125
2022-08-24,134.25999450683594
2022-08-25,134.7899932861328
2022-08-26,133.22000122070312
2022-08-29,133.5
2022-08-30,131.4499969482422
2022-08-31,130.33999633789062
2022-09-01,132.74000549316406
2022-09-02,131.13999938964844
2022-09-06,131.1999969482422
2022-09-07,135.2899932861328
2022-09-08,134.67999267578125
2022-09-09,135.5
2022-09-12,135.97000122070312
2022-09-13,132.97999572753906
2022-09-14,134.0500030517578
2022-09-15,130.60000610351562
2022-09-16,129.89999389648438
2022-09-19,130.89999389648438
2022-09-20,128.6699981689453
2022-09-21,126.58999633789062
2022-09-22,126.58000183105467
2022-09-23,125.66000366210938
2022-09-26,123.01000213623048
2022-09-27,121.6999969482422
2022-09-28,123.16000366210938
2022-09-29,118.22000122070312
2022-09-30,115.0500030517578
2022-10-03,116.93000030517578
2022-10-04,118.62999725341795
2022-10-05,116.11000061035156
2022-10-06,110.70999908447266
2022-10-07,107.48999786376952
2022-10-10,106.36000061035156
2022-10-11,106.3000030517578
2022-10-12,103.01000213623048
2022-10-13,106.51000213623048
2022-10-14,104.5
2022-10-17,107.0
2022-10-18,109.88999938964844
2022-10-19,108.62999725341795
2022-10-20,105.88999938964844
2022-10-21,107.4499969482422
2022-10-24,107.5
2022-10-25,109.12999725341795
2022-10-26,109.2300033569336
2022-10-27,109.27999877929688
2022-10-28,113.63999938964844
2022-10-31,112.11000061035156
2022-11-01,112.52999877929688
2022-11-02,111.0199966430664
2022-11-03,111.86000061035156
2022-11-04,112.38999938964844
2022-11-07,110.66999816894533
2022-11-08,111.25
2022-11-09,110.7699966430664
2022-11-10,115.54000091552734
2022-11-11,114.26000213623048
2022-11-14,113.0500030517578
2022-11-15,114.4800033569336
2022-11-16,115.18000030517578
2022-11-17,113.23999786376952
2022-11-18,114.5999984741211
2022-11-21,113.0
2022-11-22,113.66999816894533
2022-11-23,114.48999786376952
2022-11-25,114.77999877929688
2022-11-28,115.3000030517578
2022-11-29,114.12999725341795
2022-11-30,116.01000213623048
2022-12-01,116.12000274658205
2022-12-02,115.05999755859376
2022-12-05,114.05999755859376
2022-12-06,115.87000274658205
2022-12-07,114.41000366210938
2022-12-08,117.66000366210938
2022-12-09,117.19000244140624
2022-12-12,120.1500015258789
2022-12-13,120.45999908447266
2022-12-14,120.5999984741211
2022-12-15,119.11000061035156
2022-12-16,115.81999969482422
2022-12-19,115.18000030517578
2022-12-20,115.47000122070312
2022-12-21,117.43000030517578
2022-12-22,116.75
2022-12-23,118.54000091552734
2022-12-27,119.2300033569336
2022-12-28,118.22000122070312
2022-12-29,119.18000030517578
2022-12-30,117.52999877929688
2023-01-03,117.86000061035156
2023-01-04,119.55999755859376
2023-01-05,116.58000183105467
2023-01-06,119.44000244140624
2023-01-09,120.45999908447266
2023-01-10,120.0199966430664
2023-01-11,120.72000122070312
2023-01-12,119.38999938964844
2023-01-13,117.93000030517578
2023-01-17,117.30999755859376
2023-01-18,113.9000015258789
2023-01-19,112.55999755859376
2023-01-20,113.97000122070312
2023-01-23,113.7699966430664
2023-01-24,113.43000030517578
2023-01-25,113.41000366210938
2023-01-26,113.3499984741211
2023-01-27,113.58999633789062
2023-01-30,114.33000183105467
2023-01-31,116.37000274658205
2023-02-01,116.19000244140624
2023-02-02,114.70999908447266
2023-02-03,112.76000213623048
2023-02-06,113.81999969482422
2023-02-07,113.70999908447266
2023-02-08,112.27999877929688
2023-02-09,112.0
2023-02-10,113.68000030517578
2023-02-13,114.04000091552734
2023-02-14,113.6999969482422
2023-02-15,114.20999908447266
2023-02-16,113.4000015258789
2023-02-17,115.3000030517578
2023-02-21,113.23999786376952
2023-02-22,112.80999755859376
2023-02-23,112.31999969482422
2023-02-24,113.0
2023-02-27,111.54000091552734
2023-02-28,109.70999908447266
2023-03-01,106.86000061035156
2023-03-02,108.36000061035156
2023-03-03,109.3499984741211
2023-03-06,108.91999816894533
2023-03-07,106.3000030517578
2023-03-08,107.33000183105467
2023-03-09,106.7300033569336
2023-03-10,104.4800033569336
2023-03-13,106.87000274658205
2023-03-14,107.4800033569336
2023-03-15,108.97000122070312
2023-03-16,109.22000122070312
2023-03-17,107.04000091552734
2023-03-20,108.4000015258789
2023-03-21,106.29000091552734
2023-03-22,103.9800033569336
2023-03-23,102.66000366210938
2023-03-24,106.75
2023-03-27,105.69000244140624
2023-03-28,106.25
2023-03-29,107.94000244140624
2023-03-30,108.69000244140624
2023-03-31,109.54000091552734
2023-04-03,108.98999786376952
2023-04-04,108.70999908447266
2023-04-05,112.12999725341795
2023-04-06,113.8499984741211
2023-04-10,113.58999633789062
2023-04-11,113.91000366210938
2023-04-12,113.72000122070312
2023-04-13,113.18000030517578
2023-04-14,112.9800033569336
2023-04-17,112.6999969482422
2023-04-18,112.04000091552734
2023-04-19,112.80999755859376
2023-04-20,113.37000274658205
2023-04-21,113.69000244140624
2023-04-24,114.33999633789062
2023-04-25,114.80999755859376
2023-04-26,112.97000122070312
2023-04-27,113.4499969482422
2023-04-28,112.41000366210938
2023-05-01,112.95999908447266
2023-05-02,111.5999984741211
2023-05-03,111.62999725341795
2023-05-04,112.68000030517578
2023-05-05,113.36000061035156
2023-05-08,113.0
2023-05-09,113.31999969482422
2023-05-10,113.97000122070312
2023-05-11,113.05999755859376
2023-05-12,113.4499969482422
2023-05-15,112.75
2023-05-16,110.26000213623048
2023-05-17,109.0999984741211
2023-05-18,108.9000015258789
2023-05-19,108.55999755859376
2023-05-22,108.91000366210938
2023-05-23,109.16000366210938
2023-05-24,108.4800033569336
2023-05-25,106.98999786376952
2023-05-26,106.51000213623048
2023-05-30,106.44000244140624
2023-05-31,107.5999984741211
2023-06-01,107.26000213623048
2023-06-02,108.87999725341795
2023-06-05,109.37000274658205
2023-06-06,109.58999633789062
2023-06-07,111.25
2023-06-08,111.97000122070312
2023-06-09,111.43000030517578
2023-06-12,111.16000366210938
2023-06-13,112.3499984741211
2023-06-14,112.9499969482422
2023-06-15,113.91000366210938
2023-06-16,114.12000274658205
2023-06-20,113.19000244140624
2023-06-21,113.62000274658205
2023-06-22,112.94000244140624
2023-06-23,110.0
2023-06-26,110.5
2023-06-27,110.66999816894533
2023-06-28,108.97000122070312
2023-06-29,109.25
2023-06-30,110.0199966430664
2023-07-03,111.25
2023-07-05,112.5
2023-07-06,111.16999816894533
2023-07-07,109.98999786376952
2023-07-10,109.5
2023-07-11,110.8499984741211
2023-07-12,112.80999755859376
2023-07-13,113.43000030517578
2023-07-14,112.9499969482422
2023-07-17,110.66000366210938
2023-07-18,109.30999755859376
2023-07-19,111.23999786376952
2023-07-20,113.12999725341795
2023-07-21,115.12000274658205
2023-07-24,115.01000213623048
2023-07-25,115.44000244140624
2023-07-26,115.87000274658205
2023-07-27,114.33999633789062
2023-07-28,113.56999969482422
2023-07-31,114.3000030517578
2023-08-01,113.1500015258789
2023-08-02,113.08999633789062
2023-08-03,109.4800033569336
2023-08-04,107.87999725341795
2023-08-07,107.77999877929688
2023-08-08,108.1500015258789
2023-08-09,108.30999755859376
2023-08-10,107.27999877929688
2023-08-11,107.88999938964844
2023-08-14,106.54000091552734
2023-08-15,104.38999938964844
2023-08-16,104.75
2023-08-17,104.86000061035156
2023-08-18,105.58999633789062
2023-08-21,104.8000030517578
2023-08-22,104.97000122070312
2023-08-23,105.2699966430664
2023-08-24,104.4499969482422
2023-08-25,104.91999816894533
2023-08-28,104.97000122070312
2023-08-29,105.12999725341795
2023-08-30,104.73999786376952
2023-08-31,103.37999725341795
2023-09-01,102.18000030517578
2023-09-05,100.75
2023-09-06,100.88999938964844
2023-09-07,102.20999908447266
2023-09-08,102.66000366210938
2023-09-11,103.0199966430664
2023-09-12,103.91999816894533
2023-09-13,106.0500030517578
2023-09-14,106.73999786376952
2023-09-15,106.77999877929688
2023-09-18,107.0
2023-09-19,106.37999725341795
2023-09-20,106.68000030517578
2023-09-21,106.08999633789062
2023-09-22,106.20999908447266
2023-09-25,105.66000366210938
2023-09-26,102.16000366210938
2023-09-27,100.54000091552734
2023-09-28,98.62999725341795
2023-09-29,99.27999877929688
2023-10-02,95.48999786376952
2023-10-03,97.36000061035156
2023-10-04,97.11000061035156
2023-10-05,94.1999969482422
2023-10-06,95.16000366210938
2023-10-09,96.58999633789062
2023-10-10,97.36000061035156
2023-10-11,97.83999633789062
2023-10-12,96.0199966430664
2023-10-13,97.87000274658205
2023-10-16,98.44000244140624
2023-10-17,98.52999877929688
2023-10-18,97.11000061035156
2023-10-19,96.73999786376952
2023-10-20,96.6500015258789
2023-10-23,95.97000122070312
2023-10-24,97.6999969482422
2023-10-25,97.94000244140624
2023-10-26,98.3499984741211
2023-10-27,96.91000366210938
2023-10-30,96.30999755859376
2023-10-31,96.37999725341795
2023-11-01,96.61000061035156
2023-11-02,98.80999755859376
2023-11-03,100.18000030517578
2023-11-06,98.66999816894533
2023-11-07,98.52999877929688
2023-11-08,98.54000091552734
2023-11-09,98.5
2023-11-10,98.56999969482422
2023-11-13,97.66000366210938
2023-11-14,101.75
2023-11-15,102.06999969482422
2023-11-16,103.33000183105467
2023-11-17,103.5999984741211
2023-11-20,102.87000274658205
2023-11-21,103.26000213623048
2023-11-22,104.66000366210938
2023-11-24,105.37000274658205
2023-11-27,104.86000061035156
2023-11-28,105.0199966430664
2023-11-29,104.13999938964844
2023-11-30,104.11000061035156
2023-12-01,108.16999816894533
2023-12-04,108.41000366210938
2023-12-05,106.66000366210938
2023-12-06,107.33000183105467
2023-12-07,107.22000122070312
2023-12-08,108.61000061035156
2023-12-11,110.08999633789062
2023-12-12,109.91999816894533
2023-12-13,113.31999969482422
2023-12-14,112.43000030517578
2023-12-15,109.9000015258789
2023-12-18,109.81999969482422
2023-12-19,110.79000091552734
2023-12-20,109.33999633789062
2023-12-21,109.73999786376952
2023-12-22,109.62000274658205
2023-12-26,110.16999816894533
2023-12-27,109.69000244140624
2023-12-28,110.41000366210938
2023-12-29,110.26000213623048
2024-01-02,111.76000213623048
2024-01-03,110.9800033569336
2024-01-04,110.52999877929688
2024-01-05,110.6500015258789
2024-01-08,111.5199966430664
2024-01-09,110.9499969482422
2024-01-10,110.83000183105467
2024-01-11,108.0199966430664
2024-01-12,108.8499984741211
2024-01-16,107.5999984741211
2024-01-17,105.70999908447266
2024-01-18,104.8499984741211
2024-01-19,104.5199966430664
2024-01-22,103.9000015258789
2024-01-23,104.47000122070312
2024-01-24,102.36000061035156
2024-01-25,103.8000030517578
2024-01-26,103.58999633789062
2024-01-29,103.83999633789062
2024-01-30,104.55999755859376
2024-01-31,105.41999816894533
2024-02-01,107.47000122070312
2024-02-02,105.08000183105467
2024-02-05,103.91999816894533
2024-02-06,104.20999908447266
2024-02-07,105.22000122070312
2024-02-08,104.2300033569336
2024-02-09,104.41000366210938
2024-02-12,106.37999725341795
2024-02-13,104.37999725341795
2024-02-14,105.33000183105467
2024-02-15,107.7699966430664
2024-02-16,107.8000030517578
2024-02-20,107.63999938964844
2024-02-21,109.16000366210938
2024-02-22,107.0199966430664
2024-02-23,108.4499969482422
2024-02-26,106.19000244140624
2024-02-27,107.33000183105467
2024-02-28,108.0999984741211
2024-02-29,108.3499984741211
2024-03-01,108.11000061035156
2024-03-04,109.8000030517578
2024-03-05,109.98999786376952
2024-03-06,111.76000213623048
2024-03-07,112.66000366210938
2024-03-08,112.81999969482422
2024-03-11,112.9499969482422
2024-03-12,110.87999725341795
2024-03-13,111.05999755859376
2024-03-14,109.38999938964844
2024-03-15,108.4800033569336
2024-03-18,109.4800033569336
2024-03-19,110.4499969482422
2024-03-20,110.04000091552734
2024-03-21,109.1500015258789
2024-03-22,108.87999725341795
2024-03-25,108.41999816894533
2024-03-26,107.12999725341795
2024-03-27,111.3000030517578
2024-03-28,112.13999938964844
2024-04-01,110.7300033569336
2024-04-02,111.08999633789062
2024-04-03,110.26000213623048
2024-04-04,109.55999755859376
2024-04-05,109.0999984741211
2024-04-08,109.5
2024-04-09,109.87000274658205
2024-04-10,106.63999938964844
2024-04-11,106.12999725341795
2024-04-12,106.25
2024-04-15,105.5199966430664
2024-04-16,103.1999969482422
2024-04-17,105.2699966430664
2024-04-18,106.4800033569336
2024-04-19,108.56999969482422
2024-04-22,110.12000274658205
2024-04-23,110.12000274658205
2024-04-24,111.5500030517578
2024-04-25,111.13999938964844
2024-04-26,109.5199966430664
2024-04-29,110.83000183105467
2024-04-30,110.31999969482422
2024-05-01,111.33000183105467
2024-05-02,111.91000366210938
2024-05-03,112.75
2024-05-06,112.48999786376952
2024-05-07,113.33999633789062
2024-05-08,114.7300033569336
2024-05-09,116.33000183105467
2024-05-10,115.48999786376952
2024-05-13,115.30999755859376
2024-05-14,114.77999877929688
2024-05-15,116.08999633789062
2024-05-16,116.77999877929688
2024-05-17,116.5999984741211
2024-05-20,116.3499984741211
2024-05-21,117.18000030517578
2024-05-22,115.05999755859376
2024-05-23,112.05999755859376
2024-05-24,112.95999908447266
2024-05-28,113.0
2024-05-29,110.97000122070312
2024-05-30,112.75
2024-05-31,116.52999877929688
2024-06-03,116.23999786376952
2024-06-04,116.52999877929688
2024-06-05,114.54000091552734
2024-06-06,113.54000091552734
2024-06-07,112.33000183105467
2024-06-10,112.63999938964844
2024-06-11,113.73999786376952
2024-06-12,112.62999725341795
2024-06-13,112.54000091552734
2024-06-14,112.13999938964844
2024-06-17,110.76000213623048
2024-06-18,110.56999969482422
2024-06-20,111.12000274658205
2024-06-21,110.91000366210938
2024-06-24,112.8000030517578
2024-06-25,110.0199966430664
2024-06-26,110.4499969482422
2024-06-27,111.25
2024-06-28,111.01000213623048
