Date,MC.PA_Close
2014-06-30,140.8000030517578
2014-07-01,141.0
2014-07-02,139.9499969482422
2014-07-03,141.85000610351562
2014-07-04,140.85000610351562
2014-07-07,139.64999389648438
2014-07-08,138.4499969482422
2014-07-09,139.5
2014-07-10,139.35000610351562
2014-07-11,139.35000610351562
2014-07-14,140.35000610351562
2014-07-15,138.6999969482422
2014-07-16,140.0
2014-07-17,138.5500030517578
2014-07-18,138.39999389648438
2014-07-21,138.4499969482422
2014-07-22,139.25
2014-07-23,139.8000030517578
2014-07-24,141.25
2014-07-25,131.64999389648438
2014-07-28,131.5500030517578
2014-07-29,131.6999969482422
2014-07-30,130.25
2014-07-31,128.60000610351562
2014-08-01,128.25
2014-08-04,127.4499969482422
2014-08-05,129.75
2014-08-06,129.4499969482422
2014-08-07,126.9499969482422
2014-08-08,126.6500015258789
2014-08-11,127.6500015258789
2014-08-12,127.9000015258789
2014-08-13,128.5
2014-08-14,128.1999969482422
2014-08-15,127.1999969482422
2014-08-18,128.5
2014-08-19,129.64999389648438
2014-08-20,129.85000610351562
2014-08-21,130.64999389648438
2014-08-22,129.5
2014-08-25,131.85000610351562
2014-08-26,133.14999389648438
2014-08-27,132.6999969482422
2014-08-28,131.8000030517578
2014-08-29,132.0500030517578
2014-09-01,132.89999389648438
2014-09-02,133.0500030517578
2014-09-03,136.89999389648438
2014-09-04,137.60000610351562
2014-09-05,136.64999389648438
2014-09-08,136.25
2014-09-09,135.9499969482422
2014-09-10,135.89999389648438
2014-09-11,136.8000030517578
2014-09-12,136.1999969482422
2014-09-15,136.8000030517578
2014-09-16,135.64999389648438
2014-09-17,134.64999389648438
2014-09-18,135.64999389648438
2014-09-19,134.4499969482422
2014-09-22,132.4499969482422
2014-09-23,130.75
2014-09-24,132.6999969482422
2014-09-25,130.8000030517578
2014-09-26,130.85000610351562
2014-09-29,128.85000610351562
2014-09-30,128.6999969482422
2014-10-01,127.3499984741211
2014-10-02,125.9000015258789
2014-10-03,127.8499984741211
2014-10-06,128.1999969482422
2014-10-07,125.75
2014-10-08,126.3499984741211
2014-10-09,127.0999984741211
2014-10-10,125.0
2014-10-13,125.5999984741211
2014-10-14,125.0999984741211
2014-10-15,124.9000015258789
2014-10-16,123.75
2014-10-17,125.1999969482422
2014-10-20,124.9499969482422
2014-10-21,126.5500030517578
2014-10-22,127.0500030517578
2014-10-23,128.5500030517578
2014-10-24,128.25
2014-10-27,128.4499969482422
2014-10-28,129.89999389648438
2014-10-29,131.4499969482422
2014-10-30,132.6999969482422
2014-10-31,135.35000610351562
2014-11-03,134.8000030517578
2014-11-04,131.9499969482422
2014-11-05,134.0
2014-11-06,135.3000030517578
2014-11-07,133.89999389648438
2014-11-10,135.75
2014-11-11,136.75
2014-11-12,136.14999389648438
2014-11-13,137.75
2014-11-14,137.75
2014-11-17,138.35000610351562
2014-11-18,139.4499969482422
2014-11-19,140.35000610351562
2014-11-20,139.89999389648438
2014-11-21,144.9499969482422
2014-11-24,144.3000030517578
2014-11-25,143.8000030517578
2014-11-26,142.9499969482422
2014-11-27,143.0
2014-11-28,144.5
2014-12-01,143.75
2014-12-02,142.3000030517578
2014-12-03,142.5500030517578
2014-12-04,142.39999389648438
2014-12-05,145.75
2014-12-08,144.89999389648438
2014-12-09,142.0
2014-12-10,141.10000610351562
2014-12-11,141.0
2014-12-12,137.60000610351562
2014-12-15,134.8000030517578
2014-12-16,136.8000030517578
2014-12-17,125.8499984741211
2014-12-18,130.25
2014-12-19,129.9499969482422
2014-12-22,131.0500030517578
2014-12-23,132.5
2014-12-24,131.89999389648438
2014-12-29,132.5
2014-12-30,131.14999389648438
2014-12-31,132.25
2015-01-02,130.85000610351562
2015-01-05,127.0500030517578
2015-01-06,125.5999984741211
2015-01-07,125.6999969482422
2015-01-08,129.64999389648438
2015-01-09,127.6999969482422
2015-01-12,131.9499969482422
2015-01-13,132.9499969482422
2015-01-14,132.6999969482422
2015-01-15,135.0500030517578
2015-01-16,134.1999969482422
2015-01-19,134.1999969482422
2015-01-20,136.5
2015-01-21,137.39999389648438
2015-01-22,137.85000610351562
2015-01-23,141.85000610351562
2015-01-26,144.64999389648438
2015-01-27,145.10000610351562
2015-01-28,145.1999969482422
2015-01-29,144.6999969482422
2015-01-30,143.5
2015-02-02,143.3000030517578
2015-02-03,144.5
2015-02-04,156.25
2015-02-05,153.5
2015-02-06,152.8000030517578
2015-02-09,150.60000610351562
2015-02-10,156.14999389648438
2015-02-11,156.5500030517578
2015-02-12,159.14999389648438
2015-02-13,158.5
2015-02-16,156.9499969482422
2015-02-17,157.60000610351562
2015-02-18,158.75
2015-02-19,160.8000030517578
2015-02-20,161.0
2015-02-23,161.25
2015-02-24,161.1999969482422
2015-02-25,161.60000610351562
2015-02-26,161.9499969482422
2015-02-27,163.89999389648438
2015-03-02,164.75
2015-03-03,162.39999389648438
2015-03-04,165.10000610351562
2015-03-05,167.6999969482422
2015-03-06,168.89999389648438
2015-03-09,167.8000030517578
2015-03-10,166.25
2015-03-11,171.5
2015-03-12,170.60000610351562
2015-03-13,171.25
2015-03-16,174.6999969482422
2015-03-17,172.6999969482422
2015-03-18,170.75
2015-03-19,168.3000030517578
2015-03-20,169.25
2015-03-23,164.5
2015-03-24,166.4499969482422
2015-03-25,163.60000610351562
2015-03-26,162.35000610351562
2015-03-27,162.25
2015-03-30,164.5
2015-03-31,164.14999389648438
2015-04-01,163.3000030517578
2015-04-02,163.5500030517578
2015-04-07,165.5500030517578
2015-04-08,167.5
2015-04-09,170.8000030517578
2015-04-10,172.39999389648438
2015-04-13,172.5500030517578
2015-04-14,168.25
2015-04-15,171.1999969482422
2015-04-16,169.0500030517578
2015-04-17,165.4499969482422
2015-04-20,165.0
2015-04-21,164.10000610351562
2015-04-22,160.85000610351562
2015-04-23,159.3000030517578
2015-04-24,161.0500030517578
2015-04-27,162.64999389648438
2015-04-28,158.85000610351562
2015-04-29,155.75
2015-04-30,156.60000610351562
2015-05-04,159.5
2015-05-05,154.64999389648438
2015-05-06,154.25
2015-05-07,155.89999389648438
2015-05-08,160.8000030517578
2015-05-11,158.35000610351562
2015-05-12,155.89999389648438
2015-05-13,154.39999389648438
2015-05-14,158.85000610351562
2015-05-15,158.75
2015-05-18,160.14999389648438
2015-05-19,165.9499969482422
2015-05-20,166.0
2015-05-21,165.60000610351562
2015-05-22,166.39999389648438
2015-05-25,165.89999389648438
2015-05-26,165.0
2015-05-27,167.85000610351562
2015-05-28,166.5500030517578
2015-05-29,162.14999389648438
2015-06-01,163.1999969482422
2015-06-02,165.10000610351562
2015-06-03,165.5500030517578
2015-06-04,163.4499969482422
2015-06-05,160.3000030517578
2015-06-08,160.25
2015-06-09,155.14999389648438
2015-06-10,161.5500030517578
2015-06-11,165.5
2015-06-12,162.35000610351562
2015-06-15,159.85000610351562
2015-06-16,160.3000030517578
2015-06-17,159.1999969482422
2015-06-18,159.89999389648438
2015-06-19,159.9499969482422
2015-06-22,168.0
2015-06-23,170.35000610351562
2015-06-24,170.85000610351562
2015-06-25,170.89999389648438
2015-06-26,171.1999969482422
2015-06-29,163.60000610351562
2015-06-30,157.14999389648438
2015-07-01,161.64999389648438
2015-07-02,158.89999389648438
2015-07-03,157.64999389648438
2015-07-06,153.25
2015-07-07,147.9499969482422
2015-07-08,149.35000610351562
2015-07-09,153.39999389648438
2015-07-10,158.75
2015-07-13,162.0
2015-07-14,162.6999969482422
2015-07-15,161.5
2015-07-16,162.3000030517578
2015-07-17,166.9499969482422
2015-07-20,169.14999389648438
2015-07-21,168.35000610351562
2015-07-22,167.5
2015-07-23,167.1999969482422
2015-07-24,166.0500030517578
2015-07-27,160.9499969482422
2015-07-28,165.8000030517578
2015-07-29,169.0
2015-07-30,168.60000610351562
2015-07-31,170.6999969482422
2015-08-03,171.14999389648438
2015-08-04,171.10000610351562
2015-08-05,175.60000610351562
2015-08-06,175.35000610351562
2015-08-07,173.4499969482422
2015-08-10,174.3000030517578
2015-08-11,164.85000610351562
2015-08-12,155.85000610351562
2015-08-13,160.39999389648438
2015-08-14,159.60000610351562
2015-08-17,160.3000030517578
2015-08-18,158.89999389648438
2015-08-19,154.10000610351562
2015-08-20,148.0500030517578
2015-08-21,145.6999969482422
2015-08-24,139.3000030517578
2015-08-25,147.5500030517578
2015-08-26,145.85000610351562
2015-08-27,151.14999389648438
2015-08-28,150.9499969482422
2015-08-31,148.64999389648438
2015-09-01,144.1999969482422
2015-09-02,147.14999389648438
2015-09-03,150.14999389648438
2015-09-04,145.9499969482422
2015-09-07,146.60000610351562
2015-09-08,147.8000030517578
2015-09-09,149.75
2015-09-10,149.25
2015-09-11,148.14999389648438
2015-09-14,147.6999969482422
2015-09-15,149.89999389648438
2015-09-16,155.5500030517578
2015-09-17,155.60000610351562
2015-09-18,150.64999389648438
2015-09-21,152.14999389648438
2015-09-22,147.39999389648438
2015-09-23,147.60000610351562
2015-09-24,144.0500030517578
2015-09-25,151.14999389648438
2015-09-28,147.14999389648438
2015-09-29,145.5500030517578
2015-09-30,152.1999969482422
2015-10-01,149.75
2015-10-02,149.1999969482422
2015-10-05,156.5500030517578
2015-10-06,159.25
2015-10-07,161.0
2015-10-08,162.35000610351562
2015-10-09,165.75
2015-10-12,166.5
2015-10-13,161.25
2015-10-14,159.25
2015-10-15,160.39999389648438
2015-10-16,158.64999389648438
2015-10-19,158.89999389648438
2015-10-20,158.3000030517578
2015-10-21,158.0500030517578
2015-10-22,165.14999389648438
2015-10-23,170.64999389648438
2015-10-26,169.14999389648438
2015-10-27,168.5
2015-10-28,167.6999969482422
2015-10-29,169.0500030517578
2015-10-30,169.60000610351562
2015-11-02,167.89999389648438
2015-11-03,169.75
2015-11-04,172.75
2015-11-05,173.5
2015-11-06,168.75
2015-11-09,167.3000030517578
2015-11-10,168.39999389648438
2015-11-11,171.89999389648438
2015-11-12,166.9499969482422
2015-11-13,162.39999389648438
2015-11-16,160.14999389648438
2015-11-17,165.39999389648438
2015-11-18,163.60000610351562
2015-11-19,162.39999389648438
2015-11-20,162.25
2015-11-23,161.89999389648438
2015-11-24,154.9499969482422
2015-11-25,158.0
2015-11-26,159.10000610351562
2015-11-27,155.9499969482422
2015-11-30,158.75
2015-12-01,157.39999389648438
2015-12-02,158.4499969482422
2015-12-03,151.1999969482422
2015-12-04,152.25
2015-12-07,154.4499969482422
2015-12-08,150.5
2015-12-09,148.85000610351562
2015-12-10,148.0
2015-12-11,144.9499969482422
2015-12-14,142.1999969482422
2015-12-15,147.9499969482422
2015-12-16,148.64999389648438
2015-12-17,148.89999389648438
2015-12-18,145.0
2015-12-21,142.6999969482422
2015-12-22,143.8000030517578
2015-12-23,146.4499969482422
2015-12-24,146.0500030517578
2015-12-28,144.10000610351562
2015-12-29,147.75
2015-12-30,147.14999389648438
2016-01-04,139.1999969482422
2016-01-05,139.4499969482422
2016-01-06,136.6999969482422
2016-01-07,136.60000610351562
2016-01-08,135.35000610351562
2016-01-11,135.1999969482422
2016-01-12,139.4499969482422
2016-01-13,137.75
2016-01-14,137.0
2016-01-15,137.39999389648438
2016-01-18,136.75
2016-01-19,140.0
2016-01-20,134.64999389648438
2016-01-21,139.1999969482422
2016-01-22,143.14999389648438
2016-01-25,143.89999389648438
2016-01-26,144.89999389648438
2016-01-27,146.10000610351562
2016-01-28,143.6999969482422
2016-01-29,148.1999969482422
2016-02-01,147.75
2016-02-02,145.1999969482422
2016-02-03,151.75
2016-02-04,152.8000030517578
2016-02-05,152.6999969482422
2016-02-08,151.6999969482422
2016-02-09,147.75
2016-02-10,148.1999969482422
2016-02-11,142.5500030517578
2016-02-12,146.0
2016-02-15,151.4499969482422
2016-02-16,149.35000610351562
2016-02-17,155.5
2016-02-18,153.60000610351562
2016-02-19,154.5
2016-02-22,155.64999389648438
2016-02-23,152.0
2016-02-24,148.5
2016-02-25,150.35000610351562
2016-02-26,153.1999969482422
2016-02-29,153.8000030517578
2016-03-01,154.6999969482422
2016-03-02,155.0
2016-03-03,153.6999969482422
2016-03-04,153.35000610351562
2016-03-07,154.64999389648438
2016-03-08,154.8000030517578
2016-03-09,155.5500030517578
2016-03-10,154.35000610351562
2016-03-11,157.4499969482422
2016-03-14,159.5
2016-03-15,155.85000610351562
2016-03-16,155.0500030517578
2016-03-17,151.64999389648438
2016-03-18,152.35000610351562
2016-03-21,150.5500030517578
2016-03-22,148.75
2016-03-23,150.14999389648438
2016-03-24,147.1999969482422
2016-03-29,150.8000030517578
2016-03-30,154.5
2016-03-31,150.5
2016-04-01,148.8000030517578
2016-04-04,149.1999969482422
2016-04-05,145.35000610351562
2016-04-06,146.10000610351562
2016-04-07,145.14999389648438
2016-04-08,145.64999389648438
2016-04-11,146.0500030517578
2016-04-12,148.3000030517578
2016-04-13,154.5500030517578
2016-04-14,153.5
2016-04-15,152.39999389648438
2016-04-18,152.25
2016-04-19,153.4499969482422
2016-04-20,154.5
2016-04-21,152.10000610351562
2016-04-22,149.75
2016-04-25,148.8000030517578
2016-04-26,147.5500030517578
2016-04-27,147.1999969482422
2016-04-28,149.39999389648438
2016-04-29,145.10000610351562
2016-05-02,147.25
2016-05-03,144.6999969482422
2016-05-04,143.64999389648438
2016-05-05,144.39999389648438
2016-05-06,143.6999969482422
2016-05-09,145.5500030517578
2016-05-10,148.85000610351562
2016-05-11,146.4499969482422
2016-05-12,144.75
2016-05-13,145.35000610351562
2016-05-16,145.0500030517578
2016-05-17,143.9499969482422
2016-05-18,144.8000030517578
2016-05-19,142.1999969482422
2016-05-20,144.1999969482422
2016-05-23,142.39999389648438
2016-05-24,144.6999969482422
2016-05-25,143.5
2016-05-26,143.8000030517578
2016-05-27,145.0500030517578
2016-05-30,145.39999389648438
2016-05-31,144.0500030517578
2016-06-01,144.39999389648438
2016-06-02,145.35000610351562
2016-06-03,145.25
2016-06-06,145.25
2016-06-07,149.39999389648438
2016-06-08,147.5500030517578
2016-06-09,145.75
2016-06-10,142.6999969482422
2016-06-13,140.5
2016-06-14,137.10000610351562
2016-06-15,139.1999969482422
2016-06-16,137.60000610351562
2016-06-17,137.5
2016-06-20,143.89999389648438
2016-06-21,143.1999969482422
2016-06-22,142.75
2016-06-23,144.60000610351562
2016-06-24,135.14999389648438
2016-06-27,131.39999389648438
2016-06-28,134.64999389648438
2016-06-29,135.75
2016-06-30,136.0
2016-07-01,136.14999389648438
2016-07-04,136.89999389648438
2016-07-05,134.5500030517578
2016-07-06,132.5
2016-07-07,133.3000030517578
2016-07-08,134.39999389648438
2016-07-11,137.5
2016-07-12,139.6999969482422
2016-07-13,139.25
2016-07-14,141.0
2016-07-15,140.0
2016-07-18,140.35000610351562
2016-07-19,139.35000610351562
2016-07-20,142.14999389648438
2016-07-21,142.5
2016-07-22,142.3000030517578
2016-07-25,144.4499969482422
2016-07-26,143.6999969482422
2016-07-27,154.4499969482422
2016-07-28,153.35000610351562
2016-07-29,153.39999389648438
2016-08-01,152.89999389648438
2016-08-02,149.5
2016-08-03,149.85000610351562
2016-08-04,149.85000610351562
2016-08-05,153.39999389648438
2016-08-08,152.0
2016-08-09,153.60000610351562
2016-08-10,153.0500030517578
2016-08-11,156.1999969482422
2016-08-12,158.60000610351562
2016-08-15,158.6999969482422
2016-08-16,157.14999389648438
2016-08-17,156.0500030517578
2016-08-18,157.39999389648438
2016-08-19,157.0500030517578
2016-08-22,156.14999389648438
2016-08-23,156.89999389648438
2016-08-24,157.3000030517578
2016-08-25,155.60000610351562
2016-08-26,155.89999389648438
2016-08-29,155.5
2016-08-30,154.75
2016-08-31,151.6999969482422
2016-09-01,152.60000610351562
2016-09-02,156.1999969482422
2016-09-05,155.4499969482422
2016-09-06,156.14999389648438
2016-09-07,156.4499969482422
2016-09-08,154.10000610351562
2016-09-09,152.1999969482422
2016-09-12,152.0
2016-09-13,150.8000030517578
2016-09-14,147.39999389648438
2016-09-15,147.64999389648438
2016-09-16,146.64999389648438
2016-09-19,149.0500030517578
2016-09-20,150.0500030517578
2016-09-21,150.1999969482422
2016-09-22,154.1999969482422
2016-09-23,153.75
2016-09-26,151.75
2016-09-27,151.85000610351562
2016-09-28,152.39999389648438
2016-09-29,150.6999969482422
2016-09-30,151.8000030517578
2016-10-03,152.0
2016-10-04,156.60000610351562
2016-10-05,156.25
2016-10-06,155.0
2016-10-07,155.39999389648438
2016-10-10,157.0500030517578
2016-10-11,164.10000610351562
2016-10-12,164.35000610351562
2016-10-13,163.0
2016-10-14,166.8000030517578
2016-10-17,165.39999389648438
2016-10-18,166.3000030517578
2016-10-19,167.35000610351562
2016-10-20,168.10000610351562
2016-10-21,167.14999389648438
2016-10-24,168.0
2016-10-25,166.89999389648438
2016-10-26,168.0500030517578
2016-10-27,168.0
2016-10-28,167.9499969482422
2016-10-31,165.5500030517578
2016-11-01,165.14999389648438
2016-11-02,162.75
2016-11-03,162.89999389648438
2016-11-04,161.6999969482422
2016-11-07,164.25
2016-11-08,166.14999389648438
2016-11-09,165.60000610351562
2016-11-10,162.5500030517578
2016-11-11,162.0
2016-11-14,162.6999969482422
2016-11-15,165.8000030517578
2016-11-16,162.5
2016-11-17,165.5500030517578
2016-11-18,165.25
2016-11-21,168.3000030517578
2016-11-22,168.10000610351562
2016-11-23,167.25
2016-11-24,168.25
2016-11-25,169.0
2016-11-28,167.5
2016-11-29,170.75
2016-11-30,171.6999969482422
2016-12-01,170.5500030517578
2016-12-02,169.14999389648438
2016-12-05,171.10000610351562
2016-12-06,173.10000610351562
2016-12-07,175.6999969482422
2016-12-08,176.5500030517578
2016-12-09,176.10000610351562
2016-12-12,176.14999389648438
2016-12-13,177.89999389648438
2016-12-14,176.5
2016-12-15,177.75
2016-12-16,179.1999969482422
2016-12-19,179.1999969482422
2016-12-20,179.0
2016-12-21,179.60000610351562
2016-12-22,179.75
2016-12-23,179.3000030517578
2016-12-27,179.9499969482422
2016-12-28,180.8500061035156
2016-12-29,179.39999389648438
2016-12-30,181.3999938964844
2017-01-02,181.8000030517578
2017-01-03,179.6999969482422
2017-01-04,178.10000610351562
2017-01-05,176.9499969482422
2017-01-06,179.25
2017-01-09,180.9499969482422
2017-01-10,181.1000061035156
2017-01-11,183.25
2017-01-12,186.5500030517578
2017-01-13,188.9499969482422
2017-01-16,187.5500030517578
2017-01-17,186.8500061035156
2017-01-18,188.1000061035156
2017-01-19,190.0
2017-01-20,190.9499969482422
2017-01-23,190.3500061035156
2017-01-24,189.0500030517578
2017-01-25,191.3999938964844
2017-01-26,190.4499969482422
2017-01-27,186.8500061035156
2017-01-30,184.3500061035156
2017-01-31,186.6000061035156
2017-02-01,188.0
2017-02-02,187.5
2017-02-03,188.9499969482422
2017-02-06,185.1499938964844
2017-02-07,184.4499969482422
2017-02-08,182.3500061035156
2017-02-09,185.5
2017-02-10,185.1000061035156
2017-02-13,189.8000030517578
2017-02-14,190.1499938964844
2017-02-15,188.6999969482422
2017-02-16,189.6999969482422
2017-02-17,186.8500061035156
2017-02-20,188.1000061035156
2017-02-21,190.0
2017-02-22,192.5
2017-02-23,192.1999969482422
2017-02-24,190.6999969482422
2017-02-27,189.8500061035156
2017-02-28,189.4499969482422
2017-03-01,195.3000030517578
2017-03-02,194.1000061035156
2017-03-03,194.3500061035156
2017-03-06,193.75
2017-03-07,193.75
2017-03-08,194.8000030517578
2017-03-09,195.6499938964844
2017-03-10,196.3999938964844
2017-03-13,198.25
2017-03-14,198.3500061035156
2017-03-15,197.8000030517578
2017-03-16,198.75
2017-03-17,201.5
2017-03-20,200.0
2017-03-21,198.6999969482422
2017-03-22,199.6000061035156
2017-03-23,201.9499969482422
2017-03-24,201.1000061035156
2017-03-27,201.5500030517578
2017-03-28,201.4499969482422
2017-03-29,202.6000061035156
2017-03-30,202.8999938964844
2017-03-31,205.8500061035156
2017-04-03,204.0500030517578
2017-04-04,206.1999969482422
2017-04-05,204.75
2017-04-06,207.25
2017-04-07,209.25
2017-04-10,207.4499969482422
2017-04-11,208.6000061035156
2017-04-12,208.8500061035156
2017-04-13,208.6000061035156
2017-04-18,206.6000061035156
2017-04-19,204.8000030517578
2017-04-20,207.3999938964844
2017-04-21,206.8999938964844
2017-04-24,214.6999969482422
2017-04-25,223.1499938964844
2017-04-26,224.8500061035156
2017-04-27,225.8999938964844
2017-04-28,226.5
2017-05-02,228.0500030517578
2017-05-03,230.8500061035156
2017-05-04,234.3999938964844
2017-05-05,238.1000061035156
2017-05-08,233.6499938964844
2017-05-09,233.6499938964844
2017-05-10,232.3500061035156
2017-05-11,233.3000030517578
2017-05-12,231.5
2017-05-15,231.1999969482422
2017-05-16,232.1000061035156
2017-05-17,228.0
2017-05-18,229.0
2017-05-19,229.1000061035156
2017-05-22,228.25
2017-05-23,227.3000030517578
2017-05-24,227.1000061035156
2017-05-25,229.1999969482422
2017-05-26,227.3999938964844
2017-05-29,227.0
2017-05-30,226.6999969482422
2017-05-31,227.1499938964844
2017-06-01,229.0
2017-06-02,231.4499969482422
2017-06-05,230.25
2017-06-06,226.25
2017-06-07,228.0500030517578
2017-06-08,227.0
2017-06-09,227.8999938964844
2017-06-12,224.1000061035156
2017-06-13,227.6499938964844
2017-06-14,227.8999938964844
2017-06-15,226.3999938964844
2017-06-16,230.6999969482422
2017-06-19,232.8000030517578
2017-06-20,232.3999938964844
2017-06-21,231.8999938964844
2017-06-22,231.8500061035156
2017-06-23,231.6499938964844
2017-06-26,230.8500061035156
2017-06-27,229.8000030517578
2017-06-28,226.6499938964844
2017-06-29,218.25
2017-06-30,218.3000030517578
2017-07-03,220.9499969482422
2017-07-04,220.0500030517578
2017-07-05,221.8000030517578
2017-07-06,219.1999969482422
2017-07-07,216.3999938964844
2017-07-10,216.8000030517578
2017-07-11,214.5
2017-07-12,216.3500061035156
2017-07-13,216.3999938964844
2017-07-14,219.75
2017-07-17,222.3500061035156
2017-07-18,219.0
2017-07-19,222.25
2017-07-20,222.3000030517578
2017-07-21,219.25
2017-07-24,219.1499938964844
2017-07-25,218.8500061035156
2017-07-26,218.0
2017-07-27,216.0500030517578
2017-07-28,213.1499938964844
2017-07-31,212.6999969482422
2017-08-01,215.8999938964844
2017-08-02,215.0500030517578
2017-08-03,219.0
2017-08-04,221.8999938964844
2017-08-07,222.5
2017-08-08,222.75
2017-08-09,217.1499938964844
2017-08-10,215.1499938964844
2017-08-11,214.4499969482422
2017-08-14,216.6000061035156
2017-08-15,217.0500030517578
2017-08-16,219.1000061035156
2017-08-17,219.6000061035156
2017-08-18,217.6999969482422
2017-08-21,217.0
2017-08-22,218.9499969482422
2017-08-23,216.9499969482422
2017-08-24,218.0
2017-08-25,217.0
2017-08-28,215.8500061035156
2017-08-29,216.1999969482422
2017-08-30,218.8500061035156
2017-08-31,220.25
2017-09-01,221.75
2017-09-04,220.9499969482422
2017-09-05,217.8000030517578
2017-09-06,217.8999938964844
2017-09-07,220.0
2017-09-08,219.9499969482422
2017-09-11,225.3000030517578
2017-09-12,228.1499938964844
2017-09-13,230.25
2017-09-14,229.5500030517578
2017-09-15,230.0
2017-09-18,229.25
2017-09-19,229.3000030517578
2017-09-20,230.0
2017-09-21,229.8500061035156
2017-09-22,230.3999938964844
2017-09-25,230.75
2017-09-26,231.3500061035156
2017-09-27,230.8500061035156
2017-09-28,230.8000030517578
2017-09-29,233.4499969482422
2017-10-02,233.25
2017-10-03,234.8999938964844
2017-10-04,234.8500061035156
2017-10-05,234.1999969482422
2017-10-06,230.3999938964844
2017-10-09,232.1999969482422
2017-10-10,237.3999938964844
2017-10-11,239.3999938964844
2017-10-12,241.0
2017-10-13,241.8000030517578
2017-10-16,240.4499969482422
2017-10-17,239.3000030517578
2017-10-18,240.8999938964844
2017-10-19,239.9499969482422
2017-10-20,237.6499938964844
2017-10-23,241.0500030517578
2017-10-24,240.8000030517578
2017-10-25,243.9499969482422
2017-10-26,248.9499969482422
2017-10-27,253.9499969482422
2017-10-30,254.9499969482422
2017-10-31,256.1000061035156
2017-11-01,255.25
2017-11-02,254.9499969482422
2017-11-03,258.1499938964844
2017-11-06,259.54998779296875
2017-11-07,256.6000061035156
2017-11-08,254.6499938964844
2017-11-09,249.8999938964844
2017-11-10,248.5
2017-11-13,245.9499969482422
2017-11-14,245.9499969482422
2017-11-15,244.8000030517578
2017-11-16,246.9499969482422
2017-11-17,246.6000061035156
2017-11-20,249.25
2017-11-21,251.6999969482422
2017-11-22,247.0500030517578
2017-11-23,248.8000030517578
2017-11-24,249.6000061035156
2017-11-27,247.5
2017-11-28,246.9499969482422
2017-11-29,245.1000061035156
2017-11-30,244.5
2017-12-01,243.3000030517578
2017-12-04,246.9499969482422
2017-12-05,245.8999938964844
2017-12-06,248.6999969482422
2017-12-07,246.8999938964844
2017-12-08,247.3999938964844
2017-12-11,246.1999969482422
2017-12-12,246.4499969482422
2017-12-13,247.0
2017-12-14,244.3500061035156
2017-12-15,245.1499938964844
2017-12-18,254.0500030517578
2017-12-19,252.6000061035156
2017-12-20,250.4499969482422
2017-12-21,252.4499969482422
2017-12-22,249.5
2017-12-27,251.3500061035156
2017-12-28,247.8000030517578
2017-12-29,245.3999938964844
2018-01-02,241.3000030517578
2018-01-03,242.75
2018-01-04,245.6000061035156
2018-01-05,249.5
2018-01-08,245.5
2018-01-09,246.1000061035156
2018-01-10,242.0
2018-01-11,239.0
2018-01-12,242.1499938964844
2018-01-15,242.75
2018-01-16,243.0
2018-01-17,242.3500061035156
2018-01-18,238.75
2018-01-19,240.9499969482422
2018-01-22,243.0
2018-01-23,244.6000061035156
2018-01-24,241.1999969482422
2018-01-25,240.1499938964844
2018-01-26,251.8999938964844
2018-01-29,252.6000061035156
2018-01-30,251.4499969482422
2018-01-31,252.6000061035156
2018-02-01,252.1499938964844
2018-02-02,247.8999938964844
2018-02-05,242.4499969482422
2018-02-06,236.1499938964844
2018-02-07,245.0
2018-02-08,237.4499969482422
2018-02-09,234.8999938964844
2018-02-12,241.8500061035156
2018-02-13,237.3500061035156
2018-02-14,240.8999938964844
2018-02-15,244.3000030517578
2018-02-16,248.5
2018-02-19,245.1999969482422
2018-02-20,245.1000061035156
2018-02-21,246.6999969482422
2018-02-22,245.0500030517578
2018-02-23,246.75
2018-02-26,249.3000030517578
2018-02-27,246.9499969482422
2018-02-28,246.5
2018-03-01,244.1000061035156
2018-03-02,238.75
2018-03-05,240.75
2018-03-06,241.3500061035156
2018-03-07,241.1999969482422
2018-03-08,245.6000061035156
2018-03-09,245.9499969482422
2018-03-12,246.8000030517578
2018-03-13,243.5
2018-03-14,242.8999938964844
2018-03-15,247.3500061035156
2018-03-16,247.5
2018-03-19,246.0
2018-03-20,251.5500030517578
2018-03-21,252.6499938964844
2018-03-22,249.3000030517578
2018-03-23,242.8999938964844
2018-03-26,243.8000030517578
2018-03-27,245.1999969482422
2018-03-28,243.8999938964844
2018-03-29,250.1999969482422
2018-04-03,256.0
2018-04-04,255.8500061035156
2018-04-05,264.5
2018-04-06,262.6000061035156
2018-04-09,262.25
2018-04-10,275.1499938964844
2018-04-11,278.25
2018-04-12,281.0
2018-04-13,281.8500061035156
2018-04-16,282.70001220703125
2018-04-17,279.25
2018-04-18,282.79998779296875
2018-04-19,277.20001220703125
2018-04-20,279.25
2018-04-23,281.04998779296875
2018-04-24,281.75
2018-04-25,280.6499938964844
2018-04-26,281.1000061035156
2018-04-27,284.3999938964844
2018-04-30,289.29998779296875
2018-05-02,292.75
2018-05-03,291.25
2018-05-04,291.79998779296875
2018-05-07,290.95001220703125
2018-05-08,291.6499938964844
2018-05-09,292.04998779296875
2018-05-10,292.3500061035156
2018-05-11,293.6000061035156
2018-05-14,294.75
2018-05-15,298.45001220703125
2018-05-16,307.0
2018-05-17,308.6000061035156
2018-05-18,309.0
2018-05-21,311.70001220703125
2018-05-22,309.0
2018-05-23,303.8999938964844
2018-05-24,305.04998779296875
2018-05-25,305.8500061035156
2018-05-28,303.5
2018-05-29,297.79998779296875
2018-05-30,299.54998779296875
2018-05-31,297.04998779296875
2018-06-01,301.8999938964844
2018-06-04,304.5
2018-06-05,309.6000061035156
2018-06-06,306.25
2018-06-07,296.1499938964844
2018-06-08,300.3500061035156
2018-06-11,301.1499938964844
2018-06-12,295.29998779296875
2018-06-13,295.5
2018-06-14,302.54998779296875
2018-06-15,301.45001220703125
2018-06-18,296.70001220703125
2018-06-19,289.54998779296875
2018-06-20,286.54998779296875
2018-06-21,285.20001220703125
2018-06-22,287.3999938964844
2018-06-25,278.8999938964844
2018-06-26,281.1000061035156
2018-06-27,283.45001220703125
2018-06-28,280.0
2018-06-29,285.20001220703125
2018-07-02,281.45001220703125
2018-07-03,285.29998779296875
2018-07-04,284.29998779296875
2018-07-05,283.25
2018-07-06,287.6000061035156
2018-07-09,290.20001220703125
2018-07-10,293.20001220703125
2018-07-11,286.0
2018-07-12,289.3500061035156
2018-07-13,295.95001220703125
2018-07-16,292.95001220703125
2018-07-17,295.8500061035156
2018-07-18,298.79998779296875
2018-07-19,295.45001220703125
2018-07-20,296.25
2018-07-23,293.04998779296875
2018-07-24,301.1000061035156
2018-07-25,306.54998779296875
2018-07-26,306.0
2018-07-27,301.1499938964844
2018-07-30,298.6499938964844
2018-07-31,298.8500061035156
2018-08-01,298.45001220703125
2018-08-02,294.20001220703125
2018-08-03,295.29998779296875
2018-08-06,298.1499938964844
2018-08-07,303.29998779296875
2018-08-08,299.3999938964844
2018-08-09,303.0
2018-08-10,295.54998779296875
2018-08-13,297.5
2018-08-14,300.04998779296875
2018-08-15,291.1499938964844
2018-08-16,297.79998779296875
2018-08-17,296.8999938964844
2018-08-20,299.25
2018-08-21,298.8500061035156
2018-08-22,300.25
2018-08-23,299.5
2018-08-24,299.3500061035156
2018-08-27,302.6000061035156
2018-08-28,308.25
2018-08-29,309.5
2018-08-30,310.1000061035156
2018-08-31,302.1499938964844
2018-09-03,302.29998779296875
2018-09-04,291.70001220703125
2018-09-05,281.25
2018-09-06,280.6499938964844
2018-09-07,284.1499938964844
2018-09-10,284.79998779296875
2018-09-11,283.95001220703125
2018-09-12,290.75
2018-09-13,290.20001220703125
2018-09-14,292.3500061035156
2018-09-17,288.1499938964844
2018-09-18,288.1000061035156
2018-09-19,290.25
2018-09-20,296.0
2018-09-21,305.8500061035156
2018-09-24,305.70001220703125
2018-09-25,303.8999938964844
2018-09-26,305.95001220703125
2018-09-27,307.6499938964844
2018-09-28,304.6000061035156
2018-10-01,306.8999938964844
2018-10-02,300.3500061035156
2018-10-03,302.75
2018-10-04,287.95001220703125
2018-10-05,286.20001220703125
2018-10-08,281.8500061035156
2018-10-09,285.70001220703125
2018-10-10,265.29998779296875
2018-10-11,261.95001220703125
2018-10-12,262.5
2018-10-15,260.45001220703125
2018-10-16,264.25
2018-10-17,264.1499938964844
2018-10-18,260.8999938964844
2018-10-19,263.25
2018-10-22,263.25
2018-10-23,258.04998779296875
2018-10-24,259.6499938964844
2018-10-25,265.45001220703125
2018-10-26,262.45001220703125
2018-10-29,261.95001220703125
2018-10-30,259.95001220703125
2018-10-31,268.79998779296875
2018-11-01,269.79998779296875
2018-11-02,279.04998779296875
2018-11-05,277.70001220703125
2018-11-06,273.0
2018-11-07,276.25
2018-11-08,271.0
2018-11-09,266.0
2018-11-12,263.45001220703125
2018-11-13,269.70001220703125
2018-11-14,268.1000061035156
2018-11-15,265.3999938964844
2018-11-16,264.25
2018-11-19,259.25
2018-11-20,253.8500061035156
2018-11-21,260.6499938964844
2018-11-22,258.5
2018-11-23,258.45001220703125
2018-11-26,256.6000061035156
2018-11-27,254.1999969482422
2018-11-28,256.54998779296875
2018-11-29,256.5
2018-11-30,252.5500030517578
2018-12-03,265.25
2018-12-04,261.8500061035156
2018-12-05,259.5
2018-12-06,247.8999938964844
2018-12-07,249.5
2018-12-10,243.25
2018-12-11,249.25
2018-12-12,254.3500061035156
2018-12-13,255.8500061035156
2018-12-14,251.9499969482422
2018-12-17,250.1000061035156
2018-12-18,252.0
2018-12-19,252.3999938964844
2018-12-20,250.1000061035156
2018-12-21,253.4499969482422
2018-12-24,245.1499938964844
2018-12-27,247.1499938964844
2018-12-28,252.75
2018-12-31,258.20001220703125
2019-01-02,253.3000030517578
2019-01-03,243.6499938964844
2019-01-04,251.1499938964844
2019-01-07,250.6999969482422
2019-01-08,258.54998779296875
2019-01-09,261.54998779296875
2019-01-10,259.1499938964844
2019-01-11,258.29998779296875
2019-01-14,251.6999969482422
2019-01-15,250.8000030517578
2019-01-16,248.9499969482422
2019-01-17,246.5500030517578
2019-01-18,253.3999938964844
2019-01-21,257.25
2019-01-22,257.1000061035156
2019-01-23,257.3500061035156
2019-01-24,257.8500061035156
2019-01-25,261.1000061035156
2019-01-28,258.6499938964844
2019-01-29,259.75
2019-01-30,277.6000061035156
2019-01-31,279.75
2019-02-01,284.6499938964844
2019-02-04,282.6000061035156
2019-02-05,291.1499938964844
2019-02-06,288.1000061035156
2019-02-07,283.3999938964844
2019-02-08,283.54998779296875
2019-02-11,288.29998779296875
2019-02-12,294.79998779296875
2019-02-13,294.6499938964844
2019-02-14,290.8500061035156
2019-02-15,294.20001220703125
2019-02-18,295.1000061035156
2019-02-19,297.25
2019-02-20,296.6000061035156
2019-02-21,296.95001220703125
2019-02-22,299.75
2019-02-25,302.8999938964844
2019-02-26,304.25
2019-02-27,302.3999938964844
2019-02-28,302.0
2019-03-01,306.6000061035156
2019-03-04,308.0
2019-03-05,309.0
2019-03-06,306.8999938964844
2019-03-07,306.04998779296875
2019-03-08,305.79998779296875
2019-03-11,306.3999938964844
2019-03-12,308.6000061035156
2019-03-13,310.5
2019-03-14,315.6000061035156
2019-03-15,318.6000061035156
2019-03-18,317.1499938964844
2019-03-19,320.29998779296875
2019-03-20,318.20001220703125
2019-03-21,317.79998779296875
2019-03-22,313.45001220703125
2019-03-25,317.70001220703125
2019-03-26,322.79998779296875
2019-03-27,322.8999938964844
2019-03-28,324.1000061035156
2019-03-29,327.8999938964844
2019-04-01,333.25
2019-04-02,334.5
2019-04-03,334.0
2019-04-04,333.54998779296875
2019-04-05,336.04998779296875
2019-04-08,332.0
2019-04-09,327.29998779296875
2019-04-10,329.75
2019-04-11,344.95001220703125
2019-04-12,342.8999938964844
2019-04-15,342.95001220703125
2019-04-16,346.29998779296875
2019-04-17,350.8500061035156
2019-04-18,352.29998779296875
2019-04-23,349.1000061035156
2019-04-24,350.95001220703125
2019-04-25,347.8500061035156
2019-04-26,346.45001220703125
2019-04-29,345.3500061035156
2019-04-30,349.04998779296875
2019-05-02,351.0
2019-05-03,355.04998779296875
2019-05-06,344.3999938964844
2019-05-07,335.04998779296875
2019-05-08,339.6000061035156
2019-05-09,331.8500061035156
2019-05-10,333.54998779296875
2019-05-13,323.75
2019-05-14,334.29998779296875
2019-05-15,337.1499938964844
2019-05-16,341.20001220703125
2019-05-17,340.8500061035156
2019-05-20,330.04998779296875
2019-05-21,335.1499938964844
2019-05-22,336.29998779296875
2019-05-23,334.0
2019-05-24,336.5
2019-05-27,338.6499938964844
2019-05-28,342.6000061035156
2019-05-29,338.20001220703125
2019-05-30,341.6499938964844
2019-05-31,338.6000061035156
2019-06-03,340.5
2019-06-04,342.1000061035156
2019-06-05,349.5
2019-06-06,350.3500061035156
2019-06-07,357.04998779296875
2019-06-10,358.20001220703125
2019-06-11,359.6000061035156
2019-06-12,356.79998779296875
2019-06-13,355.25
2019-06-14,354.0
2019-06-17,358.29998779296875
2019-06-18,368.7999877929687
2019-06-19,366.0
2019-06-20,370.0
2019-06-21,368.2999877929687
2019-06-24,371.25
2019-06-25,371.7000122070313
2019-06-26,367.6000061035156
2019-06-27,368.3500061035156
2019-06-28,374.2999877929687
2019-07-01,374.6000061035156
2019-07-02,377.5
2019-07-03,380.0
2019-07-04,381.3500061035156
2019-07-05,380.7999877929687
2019-07-08,383.0
2019-07-09,383.0
2019-07-10,381.0
2019-07-11,383.1000061035156
2019-07-12,384.0
2019-07-15,380.0499877929687
2019-07-16,385.2999877929687
2019-07-17,382.7000122070313
2019-07-18,382.8500061035156
2019-07-19,382.2999877929687
2019-07-22,384.7999877929687
2019-07-23,383.2999877929687
2019-07-24,380.2999877929687
2019-07-25,376.1499938964844
2019-07-26,385.6000061035156
2019-07-29,378.75
2019-07-30,374.5
2019-07-31,375.2999877929687
2019-08-01,379.1000061035156
2019-08-02,358.3999938964844
2019-08-05,343.25
2019-08-06,350.45001220703125
2019-08-07,357.6499938964844
2019-08-08,368.25
2019-08-09,364.3500061035156
2019-08-12,356.54998779296875
2019-08-13,359.54998779296875
2019-08-14,348.1499938964844
2019-08-15,345.70001220703125
2019-08-16,348.45001220703125
2019-08-19,356.8500061035156
2019-08-20,355.70001220703125
2019-08-21,369.1000061035156
2019-08-22,361.1000061035156
2019-08-23,355.5
2019-08-26,353.6000061035156
2019-08-27,359.8500061035156
2019-08-28,355.8500061035156
2019-08-29,361.3500061035156
2019-08-30,362.3999938964844
2019-09-02,362.8999938964844
2019-09-03,355.6499938964844
2019-09-04,368.5
2019-09-05,376.3999938964844
2019-09-06,379.8999938964844
2019-09-09,378.9500122070313
2019-09-10,373.1499938964844
2019-09-11,378.1499938964844
2019-09-12,379.7000122070313
2019-09-13,382.0
2019-09-16,367.1000061035156
2019-09-17,367.2000122070313
2019-09-18,364.7000122070313
2019-09-19,367.2999877929687
2019-09-20,370.0499877929687
2019-09-23,366.4500122070313
2019-09-24,370.0499877929687
2019-09-25,361.2000122070313
2019-09-26,360.8999938964844
2019-09-27,360.1499938964844
2019-09-30,364.6499938964844
2019-10-01,357.1000061035156
2019-10-02,344.0
2019-10-03,346.79998779296875
2019-10-04,349.6000061035156
2019-10-07,353.79998779296875
2019-10-08,351.04998779296875
2019-10-09,357.0
2019-10-10,376.8500061035156
2019-10-11,378.2000122070313
2019-10-14,379.25
2019-10-15,380.5
2019-10-16,378.1000061035156
2019-10-17,374.75
2019-10-18,375.0499877929687
2019-10-21,374.6000061035156
2019-10-22,376.6499938964844
2019-10-23,375.0
2019-10-24,377.0499877929687
2019-10-25,383.9500122070313
2019-10-28,382.1000061035156
2019-10-29,380.25
2019-10-30,384.4500122070313
2019-10-31,382.5
2019-11-01,389.25
2019-11-04,397.5
2019-11-05,400.25
2019-11-06,399.5499877929687
2019-11-07,404.0
2019-11-08,403.0
2019-11-11,403.25
2019-11-12,403.3999938964844
2019-11-13,401.8500061035156
2019-11-14,403.75
2019-11-15,405.5
2019-11-18,402.25
2019-11-19,398.2000122070313
2019-11-20,398.2000122070313
2019-11-21,394.5
2019-11-22,396.25
2019-11-25,404.25
2019-11-26,407.3500061035156
2019-11-27,408.6499938964844
2019-11-28,406.75
2019-11-29,407.2999877929687
2019-12-02,396.5499877929687
2019-12-03,390.7000122070313
2019-12-04,396.0
2019-12-05,396.2000122070313
2019-12-06,401.3500061035156
2019-12-09,399.25
2019-12-10,396.7999877929687
2019-12-11,399.6000061035156
2019-12-12,398.2000122070313
2019-12-13,403.7999877929687
2019-12-16,409.7000122070313
2019-12-17,402.6499938964844
2019-12-18,400.8500061035156
2019-12-19,402.25
2019-12-20,410.5
2019-12-23,413.7999877929687
2019-12-24,414.1000061035156
2019-12-25,414.1000061035156
2019-12-27,417.6000061035156
2019-12-30,414.6000061035156
2019-12-31,414.2000122070313
2020-01-02,419.1499938964844
2020-01-03,419.1000061035156
2020-01-06,415.1499938964844
2020-01-07,416.0
2020-01-08,418.7999877929687
2020-01-09,424.5
2020-01-10,423.6499938964844
2020-01-13,426.75
2020-01-14,431.0
2020-01-15,431.4500122070313
2020-01-16,431.8999938964844
2020-01-17,439.0499877929687
2020-01-20,429.75
2020-01-21,424.9500122070313
2020-01-22,423.4500122070313
2020-01-23,411.9500122070313
2020-01-24,416.2999877929687
2020-01-27,401.0
2020-01-28,412.0
2020-01-29,407.6000061035156
2020-01-30,398.8999938964844
2020-01-31,395.2999877929687
2020-02-03,396.75
2020-02-04,410.6000061035156
2020-02-05,415.0
2020-02-06,418.0499877929687
2020-02-07,413.9500122070313
2020-02-10,413.5499877929687
2020-02-11,412.3500061035156
2020-02-12,424.7000122070313
2020-02-13,421.5499877929687
2020-02-14,414.9500122070313
2020-02-17,414.3999938964844
2020-02-18,408.8500061035156
2020-02-19,419.0499877929687
2020-02-20,409.7999877929687
2020-02-21,404.5
2020-02-24,385.6499938964844
2020-02-25,380.0499877929687
2020-02-26,385.25
2020-02-27,369.8500061035156
2020-02-28,370.8500061035156
2020-03-02,376.1000061035156
2020-03-03,377.3500061035156
2020-03-04,385.2000122070313
2020-03-05,374.5499877929687
2020-03-06,360.3500061035156
2020-03-09,338.0
2020-03-10,334.79998779296875
2020-03-11,330.1499938964844
2020-03-12,301.5
2020-03-13,314.8999938964844
2020-03-16,297.6000061035156
2020-03-17,311.25
2020-03-18,287.95001220703125
2020-03-19,294.95001220703125
2020-03-20,311.0
2020-03-23,311.3999938964844
2020-03-24,339.1499938964844
2020-03-25,363.5
2020-03-26,363.7000122070313
2020-03-27,341.6499938964844
2020-03-30,350.0
2020-03-31,338.45001220703125
2020-04-01,324.6499938964844
2020-04-02,325.3500061035156
2020-04-03,325.04998779296875
2020-04-06,339.75
2020-04-07,344.5
2020-04-08,343.20001220703125
2020-04-09,347.3999938964844
2020-04-14,352.0
2020-04-15,342.0
2020-04-16,342.79998779296875
2020-04-17,358.0
2020-04-20,360.4500122070313
2020-04-21,350.0
2020-04-22,353.45001220703125
2020-04-23,348.6499938964844
2020-04-24,340.8500061035156
2020-04-27,350.95001220703125
2020-04-28,357.0
2020-04-29,359.79998779296875
2020-04-30,352.45001220703125
2020-05-04,338.54998779296875
2020-05-05,342.5
2020-05-06,336.3999938964844
2020-05-07,345.54998779296875
2020-05-08,352.25
2020-05-11,348.8999938964844
2020-05-12,346.8500061035156
2020-05-13,335.04998779296875
2020-05-14,331.0
2020-05-15,330.25
2020-05-18,350.04998779296875
2020-05-19,357.5
2020-05-20,361.75
2020-05-21,359.8500061035156
2020-05-22,355.29998779296875
2020-05-25,361.9500122070313
2020-05-26,365.3999938964844
2020-05-27,373.8500061035156
2020-05-28,386.7999877929687
2020-05-29,375.0
2020-06-01,378.8999938964844
2020-06-02,384.9500122070313
2020-06-03,393.4500122070313
2020-06-04,390.0499877929687
2020-06-05,404.25
2020-06-08,396.1000061035156
2020-06-09,395.2999877929687
2020-06-10,398.3999938964844
2020-06-11,375.1000061035156
2020-06-12,379.1499938964844
2020-06-15,371.4500122070313
2020-06-16,376.7999877929687
2020-06-17,379.1499938964844
2020-06-18,377.2999877929687
2020-06-19,380.0499877929687
2020-06-22,378.8999938964844
2020-06-23,390.6499938964844
2020-06-24,381.3500061035156
2020-06-25,383.8500061035156
2020-06-26,387.7000122070313
2020-06-29,389.5
2020-06-30,390.5
2020-07-01,391.6000061035156
2020-07-02,401.8500061035156
2020-07-03,396.7000122070313
2020-07-06,404.0
2020-07-07,402.6499938964844
2020-07-08,399.7999877929687
2020-07-09,400.9500122070313
2020-07-10,400.7000122070313
2020-07-13,408.3500061035156
2020-07-14,404.6499938964844
2020-07-15,412.0499877929687
2020-07-16,408.1499938964844
2020-07-17,410.25
2020-07-20,412.7999877929687
2020-07-21,409.9500122070313
2020-07-22,404.0
2020-07-23,403.6000061035156
2020-07-24,399.1000061035156
2020-07-27,401.3999938964844
2020-07-28,385.0499877929687
2020-07-29,387.1499938964844
2020-07-30,373.8500061035156
2020-07-31,366.75
2020-08-03,372.2999877929687
2020-08-04,371.6499938964844
2020-08-05,376.1000061035156
2020-08-06,374.0
2020-08-07,374.0
2020-08-10,371.5499877929687
2020-08-11,382.7000122070313
2020-08-12,391.2000122070313
2020-08-13,391.2000122070313
2020-08-14,386.0499877929687
2020-08-17,387.75
2020-08-18,386.0499877929687
2020-08-19,387.2000122070313
2020-08-20,383.3500061035156
2020-08-21,385.4500122070313
2020-08-24,393.4500122070313
2020-08-25,397.0499877929687
2020-08-26,403.0
2020-08-27,401.0
2020-08-28,396.3500061035156
2020-08-31,392.7999877929687
2020-09-01,396.7000122070313
2020-09-02,407.25
2020-09-03,408.3999938964844
2020-09-04,402.8500061035156
2020-09-07,408.7999877929687
2020-09-08,404.3999938964844
2020-09-09,404.0499877929687
2020-09-10,404.3500061035156
2020-09-11,416.6000061035156
2020-09-14,420.25
2020-09-15,424.0
2020-09-16,426.1499938964844
2020-09-17,420.0
2020-09-18,413.8500061035156
2020-09-21,395.5499877929687
2020-09-22,391.0499877929687
2020-09-23,400.1000061035156
2020-09-24,401.7999877929687
2020-09-25,400.2000122070313
2020-09-28,405.8999938964844
2020-09-29,409.9500122070313
2020-09-30,399.3999938964844
2020-10-01,409.7000122070313
2020-10-02,407.6499938964844
2020-10-05,412.5499877929687
2020-10-06,411.2000122070313
2020-10-07,410.75
2020-10-08,407.2000122070313
2020-10-09,411.8999938964844
2020-10-12,418.25
2020-10-13,416.75
2020-10-14,412.2000122070313
2020-10-15,403.0
2020-10-16,432.6000061035156
2020-10-19,432.2999877929687
2020-10-20,430.2000122070313
2020-10-21,427.7999877929687
2020-10-22,427.2000122070313
2020-10-23,428.0
2020-10-26,421.75
2020-10-27,418.8500061035156
2020-10-28,402.1499938964844
2020-10-29,403.7999877929687
2020-10-30,402.2999877929687
2020-11-02,405.6499938964844
2020-11-03,408.9500122070313
2020-11-04,421.7999877929687
2020-11-05,436.75
2020-11-06,435.5
2020-11-09,468.8500061035156
2020-11-10,474.0
2020-11-11,487.3999938964844
2020-11-12,472.8500061035156
2020-11-13,469.75
2020-11-16,477.2999877929687
2020-11-17,475.0
2020-11-18,486.1499938964844
2020-11-19,488.6499938964844
2020-11-20,492.5499877929687
2020-11-23,492.5
2020-11-24,494.8500061035156
2020-11-25,494.2000122070313
2020-11-26,495.75
2020-11-27,496.0
2020-11-30,482.8999938964844
2020-12-01,496.75
2020-12-02,497.8500061035156
2020-12-03,498.0
2020-12-04,492.25
2020-12-07,493.7000122070313
2020-12-08,494.4500122070313
2020-12-09,498.0
2020-12-10,501.0
2020-12-11,500.3999938964844
2020-12-14,509.2000122070313
2020-12-15,507.2000122070313
2020-12-16,505.0
2020-12-17,502.8999938964844
2020-12-18,499.5499877929687
2020-12-21,490.2000122070313
2020-12-22,492.2999877929687
2020-12-23,496.1000061035156
2020-12-24,496.4500122070313
2020-12-28,504.0
2020-12-29,512.7999877929688
2020-12-30,513.0999755859375
2020-12-31,510.8999938964844
2021-01-04,512.0999755859375
2021-01-05,506.2000122070313
2021-01-06,502.2999877929687
2021-01-07,515.2999877929688
2021-01-08,525.2999877929688
2021-01-11,522.4000244140625
2021-01-12,515.7999877929688
2021-01-13,512.0999755859375
2021-01-14,508.0
2021-01-15,493.9500122070313
2021-01-18,499.6499938964844
2021-01-19,491.0499877929687
2021-01-20,507.7000122070313
2021-01-21,507.6000061035156
2021-01-22,511.5
2021-01-25,501.8999938964844
2021-01-26,508.0
2021-01-27,506.3999938964844
2021-01-28,517.0
2021-01-29,498.2999877929687
2021-02-01,507.7000122070313
2021-02-02,524.9000244140625
2021-02-03,524.5
2021-02-04,525.0999755859375
2021-02-05,528.7000122070312
2021-02-08,527.9000244140625
2021-02-09,537.0
2021-02-10,529.5
2021-02-11,531.5
2021-02-12,529.2999877929688
2021-02-15,535.9000244140625
2021-02-16,539.7999877929688
2021-02-17,535.0
2021-02-18,534.0
2021-02-19,541.7999877929688
2021-02-22,542.9000244140625
2021-02-23,539.4000244140625
2021-02-24,532.7999877929688
2021-02-25,531.0
2021-02-26,525.0
2021-03-01,537.0999755859375
2021-03-02,539.2999877929688
2021-03-03,543.7999877929688
2021-03-04,533.9000244140625
2021-03-05,523.2000122070312
2021-03-08,534.9000244140625
2021-03-09,540.7000122070312
2021-03-10,553.0
2021-03-11,564.5
2021-03-12,563.4000244140625
2021-03-15,558.2000122070312
2021-03-16,560.2999877929688
2021-03-17,568.2000122070312
2021-03-18,566.2999877929688
2021-03-19,557.4000244140625
2021-03-22,556.5999755859375
2021-03-23,554.2000122070312
2021-03-24,553.4000244140625
2021-03-25,555.5999755859375
2021-03-26,554.9000244140625
2021-03-29,554.9000244140625
2021-03-30,573.5
2021-03-31,568.0999755859375
2021-04-01,571.7000122070312
2021-04-06,576.7999877929688
2021-04-07,577.2000122070312
2021-04-08,586.0999755859375
2021-04-09,588.2999877929688
2021-04-12,589.7000122070312
2021-04-13,594.7999877929688
2021-04-14,611.7999877929688
2021-04-15,616.7000122070312
2021-04-16,630.0
2021-04-19,624.9000244140625
2021-04-20,605.2999877929688
2021-04-21,624.5999755859375
2021-04-22,632.0
2021-04-23,628.0999755859375
2021-04-26,625.7999877929688
2021-04-27,632.7000122070312
2021-04-28,633.2000122070312
2021-04-29,635.7000122070312
2021-04-30,626.2000122070312
2021-05-03,630.5999755859375
2021-05-04,618.9000244140625
2021-05-05,631.7999877929688
2021-05-06,625.2999877929688
2021-05-07,631.4000244140625
2021-05-10,625.0
2021-05-11,612.2999877929688
2021-05-12,610.2000122070312
2021-05-13,616.0
2021-05-14,628.0999755859375
2021-05-17,624.0
2021-05-18,623.0
2021-05-19,619.0999755859375
2021-05-20,628.9000244140625
2021-05-21,631.5999755859375
2021-05-24,637.5
2021-05-25,639.7000122070312
2021-05-26,640.5999755859375
2021-05-27,648.4000244140625
2021-05-28,655.7999877929688
2021-05-31,652.0
2021-06-01,657.0999755859375
2021-06-02,661.0
2021-06-03,654.2999877929688
2021-06-04,651.2000122070312
2021-06-07,657.2999877929688
2021-06-08,659.7000122070312
2021-06-09,662.5
2021-06-10,657.7000122070312
2021-06-11,668.0999755859375
2021-06-14,672.5999755859375
2021-06-15,677.7999877929688
2021-06-16,682.2999877929688
2021-06-17,687.2999877929688
2021-06-18,681.0999755859375
2021-06-21,680.0999755859375
2021-06-22,681.2000122070312
2021-06-23,669.0999755859375
2021-06-24,673.2000122070312
2021-06-25,673.5999755859375
2021-06-28,667.5999755859375
2021-06-29,674.0
2021-06-30,661.2999877929688
2021-07-01,663.9000244140625
2021-07-02,663.4000244140625
2021-07-05,660.7000122070312
2021-07-06,655.7999877929688
2021-07-07,660.4000244140625
2021-07-08,639.2000122070312
2021-07-09,662.4000244140625
2021-07-12,666.0
2021-07-13,670.7000122070312
2021-07-14,671.5999755859375
2021-07-15,663.2000122070312
2021-07-16,654.2999877929688
2021-07-19,639.9000244140625
2021-07-20,645.0999755859375
2021-07-21,659.2000122070312
2021-07-22,660.4000244140625
2021-07-23,674.0
2021-07-26,673.4000244140625
2021-07-27,669.5999755859375
2021-07-28,688.2000122070312
2021-07-29,684.0
2021-07-30,673.9000244140625
2021-08-02,687.0
2021-08-03,695.9000244140625
2021-08-04,694.7000122070312
2021-08-05,697.4000244140625
2021-08-06,697.4000244140625
2021-08-09,697.4000244140625
2021-08-10,701.5999755859375
2021-08-11,704.7999877929688
2021-08-12,712.0
2021-08-13,709.7999877929688
2021-08-16,694.9000244140625
2021-08-17,690.5
2021-08-18,654.9000244140625
2021-08-19,613.0999755859375
2021-08-20,620.0
2021-08-23,636.5999755859375
2021-08-24,624.2999877929688
2021-08-25,622.0999755859375
2021-08-26,621.5999755859375
2021-08-27,623.0999755859375
2021-08-30,625.0
2021-08-31,626.7999877929688
2021-09-01,646.7999877929688
2021-09-02,647.0
2021-09-03,634.9000244140625
2021-09-06,648.7000122070312
2021-09-07,653.0
2021-09-08,648.7000122070312
2021-09-09,658.4000244140625
2021-09-10,663.5
2021-09-13,657.0
2021-09-14,646.7999877929688
2021-09-15,621.2000122070312
2021-09-16,628.0
2021-09-17,631.0
2021-09-20,618.7000122070312
2021-09-21,636.0
2021-09-22,643.2999877929688
2021-09-23,654.0999755859375
2021-09-24,642.9000244140625
2021-09-27,637.5
2021-09-28,617.9000244140625
2021-09-29,625.5
2021-09-30,620.0999755859375
2021-10-01,630.0
2021-10-04,621.0999755859375
2021-10-05,632.5
2021-10-06,624.7999877929688
2021-10-07,637.9000244140625
2021-10-08,627.7000122070312
2021-10-11,631.7000122070312
2021-10-12,633.9000244140625
2021-10-13,653.9000244140625
2021-10-14,667.2000122070312
2021-10-15,664.7999877929688
2021-10-18,650.0
2021-10-19,646.0
2021-10-20,656.0999755859375
2021-10-21,659.7000122070312
2021-10-22,667.2999877929688
2021-10-25,659.7999877929688
2021-10-26,665.0
2021-10-27,664.2999877929688
2021-10-28,671.7000122070312
2021-10-29,677.2000122070312
2021-11-01,683.4000244140625
2021-11-02,684.7999877929688
2021-11-03,682.5
2021-11-04,692.5
2021-11-05,708.9000244140625
2021-11-08,707.4000244140625
2021-11-09,707.2999877929688
2021-11-10,698.5999755859375
2021-11-11,705.4000244140625
2021-11-12,722.9000244140625
2021-11-15,720.7999877929688
2021-11-16,729.7000122070312
2021-11-17,726.0999755859375
2021-11-18,728.5
2021-11-19,733.5
2021-11-22,728.2999877929688
2021-11-23,718.0999755859375
2021-11-24,726.0999755859375
2021-11-25,734.7000122070312
2021-11-26,692.0
2021-11-29,697.2000122070312
2021-11-30,686.5999755859375
2021-12-01,697.5
2021-12-02,686.5999755859375
2021-12-03,685.0
2021-12-06,690.0999755859375
2021-12-07,725.0
2021-12-08,714.7000122070312
2021-12-09,715.0
2021-12-10,710.0
2021-12-13,709.0
2021-12-14,701.5999755859375
2021-12-15,711.9000244140625
2021-12-16,713.2999877929688
2021-12-17,699.0
2021-12-20,697.7999877929688
2021-12-21,701.5
2021-12-22,715.4000244140625
2021-12-23,722.0
2021-12-24,717.4000244140625
2021-12-27,726.2999877929688
2021-12-28,730.7999877929688
2021-12-29,727.9000244140625
2021-12-30,730.0
2021-12-31,727.0
2022-01-03,731.0
2022-01-04,744.0
2022-01-05,758.0
2022-01-06,727.0999755859375
2022-01-07,715.7999877929688
2022-01-10,702.7000122070312
2022-01-11,710.0
2022-01-12,708.7000122070312
2022-01-13,690.0
2022-01-14,675.4000244140625
2022-01-17,686.4000244140625
2022-01-18,673.0
2022-01-19,697.7000122070312
2022-01-20,703.9000244140625
2022-01-21,697.2000122070312
2022-01-24,662.7999877929688
2022-01-25,667.0
2022-01-26,683.5999755859375
2022-01-27,694.0
2022-01-28,716.4000244140625
2022-01-31,722.5999755859375
2022-02-01,732.2000122070312
2022-02-02,729.2999877929688
2022-02-03,711.7000122070312
2022-02-04,706.0999755859375
2022-02-07,716.0999755859375
2022-02-08,706.0999755859375
2022-02-09,716.5999755859375
2022-02-10,706.2000122070312
2022-02-11,685.0
2022-02-14,670.0
2022-02-15,694.0
2022-02-16,687.5999755859375
2022-02-17,684.0999755859375
2022-02-18,686.2999877929688
2022-02-21,672.2000122070312
2022-02-22,669.2000122070312
2022-02-23,665.7999877929688
2022-02-24,635.9000244140625
2022-02-25,666.5999755859375
2022-02-28,659.9000244140625
2022-03-01,625.7999877929688
2022-03-02,638.0
2022-03-03,617.4000244140625
2022-03-04,577.7999877929688
2022-03-07,567.7999877929688
2022-03-08,550.0999755859375
2022-03-09,602.5999755859375
2022-03-10,587.9000244140625
2022-03-11,594.9000244140625
2022-03-14,598.7000122070312
2022-03-15,590.0
2022-03-16,628.9000244140625
2022-03-17,629.7999877929688
2022-03-18,639.4000244140625
2022-03-21,633.2000122070312
2022-03-22,643.9000244140625
2022-03-23,624.2999877929688
2022-03-24,624.7000122070312
2022-03-25,626.0
2022-03-28,635.7000122070312
2022-03-29,671.7999877929688
2022-03-30,660.5
2022-03-31,649.4000244140625
2022-04-01,649.5999755859375
2022-04-04,663.9000244140625
2022-04-05,660.9000244140625
2022-04-06,636.2000122070312
2022-04-07,624.0
2022-04-08,631.7000122070312
2022-04-11,619.9000244140625
2022-04-12,630.9000244140625
2022-04-13,634.0999755859375
2022-04-14,640.0
2022-04-19,634.0999755859375
2022-04-20,642.2999877929688
2022-04-21,653.4000244140625
2022-04-22,639.5999755859375
2022-04-25,615.5999755859375
2022-04-26,607.2999877929688
2022-04-27,616.5999755859375
2022-04-28,617.2000122070312
2022-04-29,619.5
2022-05-02,606.5999755859375
2022-05-03,600.5
2022-05-04,593.2999877929688
2022-05-05,574.0
2022-05-06,561.9000244140625
2022-05-09,542.5999755859375
2022-05-10,549.5
2022-05-11,573.0
2022-05-12,565.4000244140625
2022-05-13,581.2999877929688
2022-05-16,575.0
2022-05-17,590.0999755859375
2022-05-18,578.5
2022-05-19,568.5
2022-05-20,556.5999755859375
2022-05-23,560.9000244140625
2022-05-24,551.7999877929688
2022-05-25,551.0
2022-05-26,571.2000122070312
2022-05-27,593.4000244140625
2022-05-30,608.5999755859375
2022-05-31,597.2000122070312
2022-06-01,597.7999877929688
2022-06-02,608.0999755859375
2022-06-03,609.0999755859375
2022-06-06,613.7999877929688
2022-06-07,608.4000244140625
2022-06-08,601.7000122070312
2022-06-09,587.5999755859375
2022-06-10,572.9000244140625
2022-06-13,550.0
2022-06-14,544.0
2022-06-15,551.7999877929688
2022-06-16,539.4000244140625
2022-06-17,544.7000122070312
2022-06-20,542.5
2022-06-21,553.5
2022-06-22,551.7000122070312
2022-06-23,566.0
2022-06-24,587.4000244140625
2022-06-27,580.2000122070312
2022-06-28,589.0999755859375
2022-06-29,589.0
2022-06-30,581.7000122070312
2022-07-01,580.0
2022-07-04,585.2999877929688
2022-07-05,572.0
2022-07-06,597.5999755859375
2022-07-07,607.5999755859375
2022-07-08,606.9000244140625
2022-07-11,604.2999877929688
2022-07-12,610.7000122070312
2022-07-13,606.2000122070312
2022-07-14,606.4000244140625
2022-07-15,608.4000244140625
2022-07-18,614.2999877929688
2022-07-19,628.0999755859375
2022-07-20,625.7000122070312
2022-07-21,633.2999877929688
2022-07-22,634.7000122070312
2022-07-25,637.4000244140625
2022-07-26,625.2000122070312
2022-07-27,636.0
2022-07-28,662.9000244140625
2022-07-29,675.0
2022-08-01,688.2999877929688
2022-08-02,679.0
2022-08-03,685.5999755859375
2022-08-04,693.0
2022-08-05,682.2000122070312
2022-08-08,689.0999755859375
2022-08-09,679.5
2022-08-10,690.0
2022-08-11,693.5999755859375
2022-08-12,694.5
2022-08-15,699.5
2022-08-16,698.9000244140625
2022-08-17,700.4000244140625
2022-08-18,706.9000244140625
2022-08-19,698.2999877929688
2022-08-22,682.5999755859375
2022-08-23,679.7999877929688
2022-08-24,686.7999877929688
2022-08-25,687.7000122070312
2022-08-26,669.0
2022-08-29,662.9000244140625
2022-08-30,661.7999877929688
2022-08-31,647.5
2022-09-01,632.7999877929688
2022-09-02,644.5999755859375
2022-09-05,635.0
2022-09-06,638.0999755859375
2022-09-07,641.4000244140625
2022-09-08,643.5
2022-09-09,652.2999877929688
2022-09-12,658.9000244140625
2022-09-13,650.9000244140625
2022-09-14,654.2000122070312
2022-09-15,641.4000244140625
2022-09-16,639.5
2022-09-19,641.0
2022-09-20,634.0
2022-09-21,643.5999755859375
2022-09-22,624.9000244140625
2022-09-23,603.2000122070312
2022-09-26,606.7999877929688
2022-09-27,604.2000122070312
2022-09-28,613.2000122070312
2022-09-29,608.0
2022-09-30,610.4000244140625
2022-10-03,608.0
2022-10-04,646.7999877929688
2022-10-05,637.2999877929688
2022-10-06,635.0999755859375
2022-10-07,618.2000122070312
2022-10-10,610.5
2022-10-11,610.5
2022-10-12,621.9000244140625
2022-10-13,617.5
2022-10-14,625.2000122070312
2022-10-17,637.7000122070312
2022-10-18,636.0999755859375
2022-10-19,625.0
2022-10-20,634.0
2022-10-21,631.5
2022-10-24,635.9000244140625
2022-10-25,658.0
2022-10-26,663.0
2022-10-27,655.4000244140625
2022-10-28,649.2999877929688
2022-10-31,639.0
2022-11-01,650.7999877929688
2022-11-02,636.7000122070312
2022-11-03,630.0
2022-11-04,666.2000122070312
2022-11-07,656.0
2022-11-08,657.5
2022-11-09,658.0
2022-11-10,686.7999877929688
2022-11-11,706.2000122070312
2022-11-14,700.7000122070312
2022-11-15,704.2000122070312
2022-11-16,698.5999755859375
2022-11-17,696.7999877929688
2022-11-18,698.2000122070312
2022-11-21,699.2999877929688
2022-11-22,697.9000244140625
2022-11-23,701.9000244140625
2022-11-24,702.2000122070312
2022-11-25,700.2000122070312
2022-11-28,698.7000122070312
2022-11-29,702.0
2022-11-30,737.2999877929688
2022-12-01,721.0
2022-12-02,715.2999877929688
2022-12-05,714.5
2022-12-06,714.2000122070312
2022-12-07,712.7999877929688
2022-12-08,719.0
2022-12-09,720.2999877929688
2022-12-12,716.2000122070312
2022-12-13,726.7000122070312
2022-12-14,727.4000244140625
2022-12-15,701.5999755859375
2022-12-16,693.7999877929688
2022-12-19,687.2999877929688
2022-12-20,682.9000244140625
2022-12-21,691.5
2022-12-22,684.0
2022-12-23,673.7999877929688
2022-12-27,690.2000122070312
2022-12-28,686.5999755859375
2022-12-29,696.5
2022-12-30,679.9000244140625
2023-01-02,694.0999755859375
2023-01-03,702.7999877929688
2023-01-04,738.0
2023-01-05,728.4000244140625
2023-01-06,748.7999877929688
2023-01-09,759.5999755859375
2023-01-10,756.2999877929688
2023-01-11,772.2999877929688
2023-01-12,773.7000122070312
2023-01-13,785.2999877929688
2023-01-16,792.7000122070312
2023-01-17,797.4000244140625
2023-01-18,801.9000244140625
2023-01-19,776.5999755859375
2023-01-20,782.7999877929688
2023-01-23,788.0999755859375
2023-01-24,794.7999877929688
2023-01-25,792.2999877929688
2023-01-26,801.5999755859375
2023-01-27,801.0
2023-01-30,798.7999877929688
2023-01-31,800.0
2023-02-01,795.5
2023-02-02,809.0999755859375
2023-02-03,829.4000244140625
2023-02-06,814.2000122070312
2023-02-07,807.4000244140625
2023-02-08,800.0999755859375
2023-02-09,809.2000122070312
2023-02-10,797.5999755859375
2023-02-13,810.2999877929688
2023-02-14,810.5
2023-02-15,822.5999755859375
2023-02-16,823.2999877929688
2023-02-17,818.4000244140625
2023-02-20,813.5999755859375
2023-02-21,808.9000244140625
2023-02-22,809.5
2023-02-23,809.0
2023-02-24,777.2999877929688
2023-02-27,794.7999877929688
2023-02-28,789.0
2023-03-01,792.2000122070312
2023-03-02,804.2999877929688
2023-03-03,815.0999755859375
2023-03-06,825.0
2023-03-07,816.0999755859375
2023-03-08,810.4000244140625
2023-03-09,805.2000122070312
2023-03-10,802.5999755859375
2023-03-13,781.7000122070312
2023-03-14,800.5
2023-03-15,774.7000122070312
2023-03-16,801.7000122070312
2023-03-17,787.2999877929688
2023-03-20,804.5
2023-03-21,806.7000122070312
2023-03-22,814.9000244140625
2023-03-23,820.7999877929688
2023-03-24,813.4000244140625
2023-03-27,817.0
2023-03-28,814.2000122070312
2023-03-29,822.0
2023-03-30,827.0
2023-03-31,844.4000244140625
2023-04-03,844.0999755859375
2023-04-04,851.0
2023-04-05,844.5999755859375
2023-04-06,829.0999755859375
2023-04-11,840.7000122070312
2023-04-12,836.5999755859375
2023-04-13,883.9000244140625
2023-04-14,892.7999877929688
2023-04-17,873.5999755859375
2023-04-18,877.5
2023-04-19,885.0
2023-04-20,896.5
2023-04-21,901.0999755859376
2023-04-24,902.0
2023-04-25,889.4000244140625
2023-04-26,875.4000244140625
2023-04-27,877.0999755859375
2023-04-28,871.0
2023-05-02,868.7000122070312
2023-05-03,879.2000122070312
2023-05-04,873.7000122070312
2023-05-05,876.9000244140625
2023-05-08,884.5
2023-05-09,880.4000244140625
2023-05-10,872.2999877929688
2023-05-11,887.5999755859375
2023-05-12,885.4000244140625
2023-05-15,881.0999755859375
2023-05-16,876.0
2023-05-17,874.4000244140625
2023-05-18,872.5
2023-05-19,874.2999877929688
2023-05-22,878.2000122070312
2023-05-23,834.2000122070312
2023-05-24,817.0999755859375
2023-05-25,823.4000244140625
2023-05-26,843.5
2023-05-29,840.0
2023-05-30,836.0
2023-05-31,813.9000244140625
2023-06-01,805.7999877929688
2023-06-02,830.9000244140625
2023-06-05,814.0
2023-06-06,812.2999877929688
2023-06-07,812.7000122070312
2023-06-08,818.0
2023-06-09,820.0
2023-06-12,834.7999877929688
2023-06-13,841.9000244140625
2023-06-14,850.0
2023-06-15,843.7000122070312
2023-06-16,868.5999755859375
2023-06-19,853.4000244140625
2023-06-20,846.0
2023-06-21,838.2999877929688
2023-06-22,839.2000122070312
2023-06-23,830.0999755859375
2023-06-26,835.0
2023-06-27,839.5999755859375
2023-06-28,849.7000122070312
2023-06-29,855.0
2023-06-30,863.0
2023-07-03,854.9000244140625
2023-07-04,856.7000122070312
2023-07-05,847.5
2023-07-06,816.0
2023-07-07,825.4000244140625
2023-07-10,830.9000244140625
2023-07-11,849.2999877929688
2023-07-12,866.7000122070312
2023-07-13,877.2999877929688
2023-07-14,892.2999877929688
2023-07-17,859.0
2023-07-18,859.2999877929688
2023-07-19,850.4000244140625
2023-07-20,854.0
2023-07-21,867.9000244140625
2023-07-24,857.5999755859375
2023-07-25,854.0
2023-07-26,810.0
2023-07-27,840.2999877929688
2023-07-28,841.2000122070312
2023-07-31,848.0999755859375
2023-08-01,829.0
2023-08-02,813.5
2023-08-03,811.2000122070312
2023-08-04,816.0
2023-08-07,817.4000244140625
2023-08-08,807.2000122070312
2023-08-09,807.0
2023-08-10,834.7000122070312
2023-08-11,820.4000244140625
2023-08-14,816.2000122070312
2023-08-15,804.0999755859375
2023-08-16,802.9000244140625
2023-08-17,785.0999755859375
2023-08-18,776.9000244140625
2023-08-21,783.9000244140625
2023-08-22,790.2000122070312
2023-08-23,790.4000244140625
2023-08-24,783.7000122070312
2023-08-25,785.2999877929688
2023-08-28,798.5
2023-08-29,810.0
2023-08-30,804.0
2023-08-31,782.2000122070312
2023-09-01,775.7999877929688
2023-09-04,772.5999755859375
2023-09-05,759.0999755859375
2023-09-06,731.5
2023-09-07,724.0999755859375
2023-09-08,740.0
2023-09-11,742.2000122070312
2023-09-12,734.4000244140625
2023-09-13,729.5999755859375
2023-09-14,742.5999755859375
2023-09-15,761.2000122070312
2023-09-18,742.5
2023-09-19,736.7999877929688
2023-09-20,736.7000122070312
2023-09-21,729.2999877929688
2023-09-22,732.2999877929688
2023-09-25,713.2999877929688
2023-09-26,703.0
2023-09-27,698.7000122070312
2023-09-28,706.0
2023-09-29,716.4000244140625
2023-10-02,714.9000244140625
2023-10-03,705.2999877929688
2023-10-04,712.5
2023-10-05,720.5999755859375
2023-10-06,729.7000122070312
2023-10-09,710.7000122070312
2023-10-10,733.5
2023-10-11,686.0999755859375
2023-10-12,675.0
2023-10-13,660.5999755859375
2023-10-16,667.0999755859375
2023-10-17,668.4000244140625
2023-10-18,667.7000122070312
2023-10-19,670.5999755859375
2023-10-20,664.0
2023-10-23,669.4000244140625
2023-10-24,681.0
2023-10-25,679.0999755859375
2023-10-26,668.4000244140625
2023-10-27,661.4000244140625
2023-10-30,671.0
2023-10-31,674.5
2023-11-01,675.2999877929688
2023-11-02,701.0999755859375
2023-11-03,702.7999877929688
2023-11-06,697.2000122070312
2023-11-07,697.5
2023-11-08,703.5
2023-11-09,714.4000244140625
2023-11-10,687.0999755859375
2023-11-13,688.5
2023-11-14,706.9000244140625
2023-11-15,719.0
2023-11-16,706.0999755859375
2023-11-17,711.5999755859375
2023-11-20,717.7000122070312
2023-11-21,704.0999755859375
2023-11-22,712.2999877929688
2023-11-23,711.5999755859375
2023-11-24,706.9000244140625
2023-11-27,697.2999877929688
2023-11-28,684.5
2023-11-29,690.5
2023-11-30,702.7000122070312
2023-12-01,699.2000122070312
2023-12-04,698.7000122070312
2023-12-05,713.2000122070312
2023-12-06,718.5999755859375
2023-12-07,715.5999755859375
2023-12-08,739.0999755859375
2023-12-11,740.0
2023-12-12,733.5999755859375
2023-12-13,734.5
2023-12-14,746.7999877929688
2023-12-15,748.4000244140625
2023-12-18,741.7999877929688
2023-12-19,745.5
2023-12-20,746.9000244140625
2023-12-21,743.4000244140625
2023-12-22,737.7000122070312
2023-12-27,735.4000244140625
2023-12-28,731.0
2023-12-29,733.5999755859375
2024-01-02,723.0
2024-01-03,695.4000244140625
2024-01-04,697.7999877929688
2024-01-05,688.9000244140625
2024-01-08,691.2999877929688
2024-01-09,680.7000122070312
2024-01-10,683.0
2024-01-11,672.2000122070312
2024-01-12,669.9000244140625
2024-01-15,669.2000122070312
2024-01-16,666.2999877929688
2024-01-17,647.4000244140625
2024-01-18,663.4000244140625
2024-01-19,659.4000244140625
2024-01-22,662.9000244140625
2024-01-23,670.4000244140625
2024-01-24,683.4000244140625
2024-01-25,685.2999877929688
2024-01-26,773.0999755859375
2024-01-29,776.2999877929688
2024-01-30,782.0
2024-01-31,773.5999755859375
2024-02-01,770.5999755859375
2024-02-02,778.0999755859375
2024-02-05,780.7000122070312
2024-02-06,779.5
2024-02-07,784.0999755859375
2024-02-08,804.5
2024-02-09,807.5
2024-02-12,821.9000244140625
2024-02-13,800.7999877929688
2024-02-14,802.5999755859375
2024-02-15,815.5999755859375
2024-02-16,815.7999877929688
2024-02-19,821.9000244140625
2024-02-20,820.2000122070312
2024-02-21,821.5999755859375
2024-02-22,840.4000244140625
2024-02-23,850.0999755859375
2024-02-26,842.2000122070312
2024-02-27,850.4000244140625
2024-02-28,847.7000122070312
2024-02-29,842.7999877929688
2024-03-01,846.4000244140625
2024-03-04,839.7999877929688
2024-03-05,829.0999755859375
2024-03-06,832.5999755859375
2024-03-07,839.7999877929688
2024-03-08,844.9000244140625
2024-03-11,850.4000244140625
2024-03-12,859.0
2024-03-13,867.2000122070312
2024-03-14,872.7999877929688
2024-03-15,862.2999877929688
2024-03-18,858.0999755859375
2024-03-19,860.2000122070312
2024-03-20,846.2000122070312
2024-03-21,847.9000244140625
2024-03-22,828.5999755859375
2024-03-25,825.5
2024-03-26,821.7999877929688
2024-03-27,830.2999877929688
2024-03-28,833.7000122070312
2024-04-02,821.7999877929688
2024-04-03,816.0
2024-04-04,819.4000244140625
2024-04-05,799.7999877929688
2024-04-08,807.2999877929688
2024-04-09,795.2000122070312
2024-04-10,793.0
2024-04-11,790.5
2024-04-12,781.2000122070312
2024-04-15,794.7999877929688
2024-04-16,781.7999877929688
2024-04-17,804.0
2024-04-18,796.7999877929688
2024-04-19,796.5999755859375
2024-04-22,796.7999877929688
2024-04-23,799.5999755859375
2024-04-24,800.2000122070312
2024-04-25,778.0
2024-04-26,792.2000122070312
2024-04-29,779.2000122070312
2024-04-30,774.4000244140625
2024-05-02,767.0
2024-05-03,782.0
2024-05-06,781.7000122070312
2024-05-07,789.4000244140625
2024-05-08,787.9000244140625
2024-05-09,789.0
2024-05-10,788.4000244140625
2024-05-13,782.5999755859375
2024-05-14,791.9000244140625
2024-05-15,789.0
2024-05-16,786.0
2024-05-17,783.2000122070312
2024-05-20,779.0999755859375
2024-05-21,768.0999755859375
2024-05-22,751.9000244140625
2024-05-23,752.7999877929688
2024-05-24,750.0
2024-05-27,756.2000122070312
2024-05-28,745.4000244140625
2024-05-29,724.2000122070312
2024-05-30,734.4000244140625
2024-05-31,734.9000244140625
2024-06-03,738.0
2024-06-04,735.0
2024-06-05,752.5999755859375
2024-06-06,762.7000122070312
2024-06-07,762.5
2024-06-10,746.2999877929688
2024-06-11,736.5999755859375
2024-06-12,735.4000244140625
2024-06-13,731.5
2024-06-14,711.4000244140625
2024-06-17,717.4000244140625
2024-06-18,710.0999755859375
2024-06-19,707.0
2024-06-20,713.5999755859375
2024-06-21,717.2999877929688
2024-06-24,726.5
2024-06-25,736.7999877929688
2024-06-26,727.0
2024-06-27,715.5
2024-06-28,713.5999755859375
