Date,OR.PA_Close
2014-06-30,125.8499984741211
2014-07-01,125.9000015258789
2014-07-02,125.5999984741211
2014-07-03,127.25
2014-07-04,127.0
2014-07-07,125.4000015258789
2014-07-08,124.6500015258789
2014-07-09,126.25
2014-07-10,125.3000030517578
2014-07-11,125.9000015258789
2014-07-14,126.8499984741211
2014-07-15,125.3499984741211
2014-07-16,126.9000015258789
2014-07-17,125.8499984741211
2014-07-18,127.0999984741211
2014-07-21,127.0
2014-07-22,128.25
2014-07-23,128.64999389648438
2014-07-24,129.10000610351562
2014-07-25,126.9000015258789
2014-07-28,127.6500015258789
2014-07-29,128.25
2014-07-30,128.0500030517578
2014-07-31,126.4000015258789
2014-08-01,124.0999984741211
2014-08-04,124.1500015258789
2014-08-05,127.0999984741211
2014-08-06,126.4499969482422
2014-08-07,125.5500030517578
2014-08-08,124.5
2014-08-11,125.0999984741211
2014-08-12,123.9000015258789
2014-08-13,124.8499984741211
2014-08-14,125.5999984741211
2014-08-15,124.3499984741211
2014-08-18,125.3499984741211
2014-08-19,125.4000015258789
2014-08-20,125.0
2014-08-21,125.6500015258789
2014-08-22,124.8000030517578
2014-08-25,127.4000015258789
2014-08-26,128.60000610351562
2014-08-27,127.5
2014-08-28,126.6500015258789
2014-08-29,126.0
2014-09-01,126.8000030517578
2014-09-02,128.0500030517578
2014-09-03,127.8499984741211
2014-09-04,130.0
2014-09-05,128.5
2014-09-08,127.1999969482422
2014-09-09,125.5
2014-09-10,125.9000015258789
2014-09-11,125.0500030517578
2014-09-12,125.75
2014-09-15,125.4000015258789
2014-09-16,124.9000015258789
2014-09-17,125.0
2014-09-18,124.9499969482422
2014-09-19,125.6500015258789
2014-09-22,126.0500030517578
2014-09-23,123.9000015258789
2014-09-24,125.75
2014-09-25,123.9000015258789
2014-09-26,124.8499984741211
2014-09-29,124.4000015258789
2014-09-30,125.6999969482422
2014-10-01,124.6500015258789
2014-10-02,122.5500030517578
2014-10-03,123.25
2014-10-06,123.9499969482422
2014-10-07,121.6999969482422
2014-10-08,122.4000015258789
2014-10-09,123.5
2014-10-10,123.0
2014-10-13,122.5
2014-10-14,121.75
2014-10-15,119.25
2014-10-16,118.3499984741211
2014-10-17,119.3499984741211
2014-10-20,119.5
2014-10-21,120.8499984741211
2014-10-22,120.9000015258789
2014-10-23,120.75
2014-10-24,119.6999969482422
2014-10-27,120.0500030517578
2014-10-28,122.0999984741211
2014-10-29,122.3499984741211
2014-10-30,122.1999969482422
2014-10-31,125.0999984741211
2014-11-03,124.0999984741211
2014-11-04,122.5500030517578
2014-11-05,125.4000015258789
2014-11-06,127.3499984741211
2014-11-07,126.6999969482422
2014-11-10,128.0500030517578
2014-11-11,130.0
2014-11-12,128.9499969482422
2014-11-13,131.8000030517578
2014-11-14,131.64999389648438
2014-11-17,131.35000610351562
2014-11-18,132.14999389648438
2014-11-19,132.60000610351562
2014-11-20,133.14999389648438
2014-11-21,135.4499969482422
2014-11-24,135.4499969482422
2014-11-25,134.8000030517578
2014-11-26,134.75
2014-11-27,136.3000030517578
2014-11-28,137.1999969482422
2014-12-01,137.25
2014-12-02,138.0500030517578
2014-12-03,137.89999389648438
2014-12-04,135.60000610351562
2014-12-05,139.10000610351562
2014-12-08,138.3000030517578
2014-12-09,135.89999389648438
2014-12-10,136.10000610351562
2014-12-11,135.39999389648438
2014-12-12,133.10000610351562
2014-12-15,130.10000610351562
2014-12-16,132.10000610351562
2014-12-17,133.5
2014-12-18,137.4499969482422
2014-12-19,137.64999389648438
2014-12-22,138.35000610351562
2014-12-23,139.85000610351562
2014-12-24,138.35000610351562
2014-12-29,140.14999389648438
2014-12-30,138.14999389648438
2014-12-31,139.3000030517578
2015-01-02,137.39999389648438
2015-01-05,134.14999389648438
2015-01-06,134.14999389648438
2015-01-07,134.89999389648438
2015-01-08,139.8000030517578
2015-01-09,137.8000030517578
2015-01-12,140.89999389648438
2015-01-13,142.64999389648438
2015-01-14,141.60000610351562
2015-01-15,146.10000610351562
2015-01-16,146.64999389648438
2015-01-19,146.75
2015-01-20,148.6999969482422
2015-01-21,149.8000030517578
2015-01-22,150.25
2015-01-23,155.64999389648438
2015-01-26,158.64999389648438
2015-01-27,156.3000030517578
2015-01-28,157.0
2015-01-29,160.1999969482422
2015-01-30,159.0500030517578
2015-02-02,157.6999969482422
2015-02-03,155.75
2015-02-04,157.9499969482422
2015-02-05,158.0
2015-02-06,157.60000610351562
2015-02-09,155.9499969482422
2015-02-10,157.5500030517578
2015-02-11,158.39999389648438
2015-02-12,157.89999389648438
2015-02-13,156.0500030517578
2015-02-16,154.5
2015-02-17,155.39999389648438
2015-02-18,155.4499969482422
2015-02-19,157.10000610351562
2015-02-20,157.60000610351562
2015-02-23,158.75
2015-02-24,159.3000030517578
2015-02-25,159.4499969482422
2015-02-26,161.1999969482422
2015-02-27,162.25
2015-03-02,162.10000610351562
2015-03-03,161.10000610351562
2015-03-04,163.3000030517578
2015-03-05,164.75
2015-03-06,165.60000610351562
2015-03-09,165.3000030517578
2015-03-10,164.8000030517578
2015-03-11,169.6999969482422
2015-03-12,169.0500030517578
2015-03-13,171.75
2015-03-16,173.3000030517578
2015-03-17,172.5
2015-03-18,170.9499969482422
2015-03-19,170.25
2015-03-20,172.10000610351562
2015-03-23,171.14999389648438
2015-03-24,171.39999389648438
2015-03-25,168.9499969482422
2015-03-26,169.0
2015-03-27,172.14999389648438
2015-03-30,172.5500030517578
2015-03-31,171.35000610351562
2015-04-01,171.3000030517578
2015-04-02,172.6999969482422
2015-04-07,175.14999389648438
2015-04-08,174.0500030517578
2015-04-09,175.9499969482422
2015-04-10,178.9499969482422
2015-04-13,178.64999389648438
2015-04-14,177.60000610351562
2015-04-15,178.10000610351562
2015-04-16,178.75
2015-04-17,176.3000030517578
2015-04-20,177.1999969482422
2015-04-21,178.14999389648438
2015-04-22,177.10000610351562
2015-04-23,175.0
2015-04-24,175.75
2015-04-27,179.25
2015-04-28,174.0
2015-04-29,169.1999969482422
2015-04-30,170.4499969482422
2015-05-04,173.35000610351562
2015-05-05,166.6999969482422
2015-05-06,167.75
2015-05-07,168.60000610351562
2015-05-08,173.4499969482422
2015-05-11,170.14999389648438
2015-05-12,168.25
2015-05-13,166.25
2015-05-14,170.14999389648438
2015-05-15,168.39999389648438
2015-05-18,169.8000030517578
2015-05-19,174.8000030517578
2015-05-20,175.0
2015-05-21,174.89999389648438
2015-05-22,174.8000030517578
2015-05-25,174.1999969482422
2015-05-26,173.60000610351562
2015-05-27,177.64999389648438
2015-05-28,176.5
2015-05-29,171.9499969482422
2015-06-01,173.60000610351562
2015-06-02,169.64999389648438
2015-06-03,170.5500030517578
2015-06-04,170.0
2015-06-05,166.64999389648438
2015-06-08,165.85000610351562
2015-06-09,164.6999969482422
2015-06-10,167.8000030517578
2015-06-11,168.75
2015-06-12,165.64999389648438
2015-06-15,163.1999969482422
2015-06-16,164.9499969482422
2015-06-17,162.35000610351562
2015-06-18,163.75
2015-06-19,161.8000030517578
2015-06-22,168.1999969482422
2015-06-23,169.6999969482422
2015-06-24,169.0
2015-06-25,167.4499969482422
2015-06-26,168.64999389648438
2015-06-29,161.9499969482422
2015-06-30,160.0
2015-07-01,160.85000610351562
2015-07-02,159.35000610351562
2015-07-03,158.35000610351562
2015-07-06,155.89999389648438
2015-07-07,153.9499969482422
2015-07-08,155.60000610351562
2015-07-09,159.75
2015-07-10,164.64999389648438
2015-07-13,166.60000610351562
2015-07-14,168.89999389648438
2015-07-15,169.60000610351562
2015-07-16,171.0500030517578
2015-07-17,170.35000610351562
2015-07-20,172.4499969482422
2015-07-21,170.14999389648438
2015-07-22,168.89999389648438
2015-07-23,169.0500030517578
2015-07-24,169.39999389648438
2015-07-27,166.14999389648438
2015-07-28,167.75
2015-07-29,169.89999389648438
2015-07-30,170.35000610351562
2015-07-31,170.35000610351562
2015-08-03,174.60000610351562
2015-08-04,175.4499969482422
2015-08-05,178.0
2015-08-06,178.14999389648438
2015-08-07,176.9499969482422
2015-08-10,178.0500030517578
2015-08-11,173.64999389648438
2015-08-12,164.60000610351562
2015-08-13,167.89999389648438
2015-08-14,166.25
2015-08-17,166.60000610351562
2015-08-18,165.5
2015-08-19,162.14999389648438
2015-08-20,158.6999969482422
2015-08-21,154.1999969482422
2015-08-24,146.35000610351562
2015-08-25,152.8000030517578
2015-08-26,148.4499969482422
2015-08-27,152.8000030517578
2015-08-28,152.8000030517578
2015-08-31,152.6999969482422
2015-09-01,149.75
2015-09-02,150.64999389648438
2015-09-03,150.89999389648438
2015-09-04,145.75
2015-09-07,147.1999969482422
2015-09-08,146.89999389648438
2015-09-09,148.60000610351562
2015-09-10,145.85000610351562
2015-09-11,145.3000030517578
2015-09-14,143.9499969482422
2015-09-15,146.75
2015-09-16,150.60000610351562
2015-09-17,150.5
2015-09-18,146.75
2015-09-21,150.1999969482422
2015-09-22,145.5500030517578
2015-09-23,145.4499969482422
2015-09-24,143.89999389648438
2015-09-25,151.89999389648438
2015-09-28,149.75
2015-09-29,148.8000030517578
2015-09-30,155.0500030517578
2015-10-01,152.75
2015-10-02,155.5500030517578
2015-10-05,160.3000030517578
2015-10-06,160.6999969482422
2015-10-07,160.9499969482422
2015-10-08,162.0500030517578
2015-10-09,164.0
2015-10-12,165.14999389648438
2015-10-13,164.10000610351562
2015-10-14,164.14999389648438
2015-10-15,166.89999389648438
2015-10-16,166.0500030517578
2015-10-19,168.39999389648438
2015-10-20,167.5500030517578
2015-10-21,165.64999389648438
2015-10-22,171.0
2015-10-23,173.60000610351562
2015-10-26,171.0
2015-10-27,171.10000610351562
2015-10-28,171.6999969482422
2015-10-29,174.0
2015-10-30,166.0500030517578
2015-11-02,165.14999389648438
2015-11-03,165.60000610351562
2015-11-04,166.10000610351562
2015-11-05,168.89999389648438
2015-11-06,167.0
2015-11-09,164.6999969482422
2015-11-10,165.14999389648438
2015-11-11,169.85000610351562
2015-11-12,167.8000030517578
2015-11-13,165.89999389648438
2015-11-16,166.14999389648438
2015-11-17,170.8000030517578
2015-11-18,167.9499969482422
2015-11-19,167.5
2015-11-20,168.75
2015-11-23,168.4499969482422
2015-11-24,164.89999389648438
2015-11-25,168.5500030517578
2015-11-26,169.0500030517578
2015-11-27,168.75
2015-11-30,167.60000610351562
2015-12-01,167.0500030517578
2015-12-02,168.5500030517578
2015-12-03,161.3000030517578
2015-12-04,159.25
2015-12-07,163.1999969482422
2015-12-08,159.85000610351562
2015-12-09,157.4499969482422
2015-12-10,156.39999389648438
2015-12-11,154.4499969482422
2015-12-14,152.0
2015-12-15,158.39999389648438
2015-12-16,157.9499969482422
2015-12-17,160.85000610351562
2015-12-18,157.75
2015-12-21,155.10000610351562
2015-12-22,153.9499969482422
2015-12-23,157.10000610351562
2015-12-24,156.6999969482422
2015-12-28,154.8000030517578
2015-12-29,158.14999389648438
2015-12-30,157.35000610351562
2016-01-04,150.89999389648438
2016-01-05,151.5
2016-01-06,151.3000030517578
2016-01-07,150.85000610351562
2016-01-08,149.60000610351562
2016-01-11,148.5
2016-01-12,150.1999969482422
2016-01-13,151.0
2016-01-14,147.85000610351562
2016-01-15,145.8000030517578
2016-01-18,146.3000030517578
2016-01-19,149.1999969482422
2016-01-20,144.3000030517578
2016-01-21,146.14999389648438
2016-01-22,150.5
2016-01-25,152.10000610351562
2016-01-26,152.5500030517578
2016-01-27,154.25
2016-01-28,152.8000030517578
2016-01-29,157.5500030517578
2016-02-01,157.4499969482422
2016-02-02,156.39999389648438
2016-02-03,154.10000610351562
2016-02-04,154.0
2016-02-05,153.1999969482422
2016-02-08,150.0500030517578
2016-02-09,147.9499969482422
2016-02-10,151.0
2016-02-11,146.6999969482422
2016-02-12,150.14999389648438
2016-02-15,153.64999389648438
2016-02-16,154.35000610351562
2016-02-17,155.0500030517578
2016-02-18,153.5500030517578
2016-02-19,154.64999389648438
2016-02-22,157.10000610351562
2016-02-23,156.60000610351562
2016-02-24,154.25
2016-02-25,156.85000610351562
2016-02-26,156.64999389648438
2016-02-29,156.0
2016-03-01,158.9499969482422
2016-03-02,155.75
2016-03-03,153.1999969482422
2016-03-04,155.6999969482422
2016-03-07,153.89999389648438
2016-03-08,154.8000030517578
2016-03-09,157.0500030517578
2016-03-10,153.5
2016-03-11,156.25
2016-03-14,157.89999389648438
2016-03-15,157.64999389648438
2016-03-16,155.5
2016-03-17,155.4499969482422
2016-03-18,159.0500030517578
2016-03-21,156.39999389648438
2016-03-22,154.5500030517578
2016-03-23,158.0
2016-03-24,156.6999969482422
2016-03-29,157.60000610351562
2016-03-30,160.6999969482422
2016-03-31,157.4499969482422
2016-04-01,154.6999969482422
2016-04-04,155.60000610351562
2016-04-05,154.1999969482422
2016-04-06,156.14999389648438
2016-04-07,155.14999389648438
2016-04-08,154.6999969482422
2016-04-11,153.9499969482422
2016-04-12,154.5
2016-04-13,157.64999389648438
2016-04-14,159.60000610351562
2016-04-15,158.64999389648438
2016-04-18,160.4499969482422
2016-04-19,168.5
2016-04-20,168.10000610351562
2016-04-21,165.14999389648438
2016-04-22,163.4499969482422
2016-04-25,163.5
2016-04-26,162.85000610351562
2016-04-27,164.8000030517578
2016-04-28,165.85000610351562
2016-04-29,158.4499969482422
2016-05-02,158.60000610351562
2016-05-03,157.8000030517578
2016-05-04,157.3000030517578
2016-05-05,158.64999389648438
2016-05-06,157.75
2016-05-09,160.35000610351562
2016-05-10,160.8000030517578
2016-05-11,159.1999969482422
2016-05-12,158.3000030517578
2016-05-13,159.5500030517578
2016-05-16,159.0500030517578
2016-05-17,157.9499969482422
2016-05-18,159.85000610351562
2016-05-19,158.1999969482422
2016-05-20,160.64999389648438
2016-05-23,160.10000610351562
2016-05-24,164.1999969482422
2016-05-25,164.8000030517578
2016-05-26,165.75
2016-05-27,166.89999389648438
2016-05-30,167.4499969482422
2016-05-31,168.89999389648438
2016-06-01,168.25
2016-06-02,167.75
2016-06-03,168.10000610351562
2016-06-06,168.10000610351562
2016-06-07,168.8000030517578
2016-06-08,168.60000610351562
2016-06-09,166.85000610351562
2016-06-10,163.39999389648438
2016-06-13,161.39999389648438
2016-06-14,158.6999969482422
2016-06-15,160.6999969482422
2016-06-16,161.14999389648438
2016-06-17,161.35000610351562
2016-06-20,165.25
2016-06-21,167.39999389648438
2016-06-22,168.5
2016-06-23,170.64999389648438
2016-06-24,164.3000030517578
2016-06-27,162.8000030517578
2016-06-28,165.35000610351562
2016-06-29,170.0
2016-06-30,172.0
2016-07-01,172.4499969482422
2016-07-04,173.39999389648438
2016-07-05,173.35000610351562
2016-07-06,171.0500030517578
2016-07-07,172.35000610351562
2016-07-08,172.8000030517578
2016-07-11,174.10000610351562
2016-07-12,173.4499969482422
2016-07-13,173.6999969482422
2016-07-14,174.0
2016-07-15,174.39999389648438
2016-07-18,173.85000610351562
2016-07-19,171.9499969482422
2016-07-20,174.5
2016-07-21,173.35000610351562
2016-07-22,174.5500030517578
2016-07-25,175.1999969482422
2016-07-26,175.8000030517578
2016-07-27,176.1999969482422
2016-07-28,174.9499969482422
2016-07-29,170.25
2016-08-01,170.25
2016-08-02,170.25
2016-08-03,169.35000610351562
2016-08-04,170.60000610351562
2016-08-05,171.9499969482422
2016-08-08,171.10000610351562
2016-08-09,174.10000610351562
2016-08-10,173.0
2016-08-11,175.60000610351562
2016-08-12,175.75
2016-08-15,175.6999969482422
2016-08-16,174.5500030517578
2016-08-17,173.8000030517578
2016-08-18,172.6999969482422
2016-08-19,171.6999969482422
2016-08-22,170.9499969482422
2016-08-23,170.64999389648438
2016-08-24,170.64999389648438
2016-08-25,170.64999389648438
2016-08-26,171.3000030517578
2016-08-29,171.5
2016-08-30,171.14999389648438
2016-08-31,169.35000610351562
2016-09-01,168.64999389648438
2016-09-02,174.5500030517578
2016-09-05,173.75
2016-09-06,173.75
2016-09-07,173.5
2016-09-08,170.4499969482422
2016-09-09,167.14999389648438
2016-09-12,167.25
2016-09-13,165.5
2016-09-14,164.89999389648438
2016-09-15,166.0
2016-09-16,164.60000610351562
2016-09-19,166.60000610351562
2016-09-20,166.35000610351562
2016-09-21,166.10000610351562
2016-09-22,169.6999969482422
2016-09-23,169.0
2016-09-26,166.64999389648438
2016-09-27,167.5500030517578
2016-09-28,168.4499969482422
2016-09-29,167.64999389648438
2016-09-30,168.10000610351562
2016-10-03,168.25
2016-10-04,170.35000610351562
2016-10-05,166.1999969482422
2016-10-06,164.75
2016-10-07,163.25
2016-10-10,164.6999969482422
2016-10-11,164.0500030517578
2016-10-12,163.5500030517578
2016-10-13,162.75
2016-10-14,167.89999389648438
2016-10-17,166.35000610351562
2016-10-18,168.5
2016-10-19,168.3000030517578
2016-10-20,167.5500030517578
2016-10-21,167.1999969482422
2016-10-24,166.35000610351562
2016-10-25,165.64999389648438
2016-10-26,165.35000610351562
2016-10-27,165.8000030517578
2016-10-28,166.0
2016-10-31,163.0500030517578
2016-11-01,163.10000610351562
2016-11-02,161.60000610351562
2016-11-03,161.60000610351562
2016-11-04,165.10000610351562
2016-11-07,165.4499969482422
2016-11-08,166.6999969482422
2016-11-09,163.89999389648438
2016-11-10,158.9499969482422
2016-11-11,157.14999389648438
2016-11-14,157.0
2016-11-15,157.89999389648438
2016-11-16,157.3000030517578
2016-11-17,157.5500030517578
2016-11-18,159.39999389648438
2016-11-21,159.35000610351562
2016-11-22,159.89999389648438
2016-11-23,159.6999969482422
2016-11-24,160.1999969482422
2016-11-25,161.85000610351562
2016-11-28,160.0
2016-11-29,161.14999389648438
2016-11-30,161.0500030517578
2016-12-01,158.60000610351562
2016-12-02,158.85000610351562
2016-12-05,159.10000610351562
2016-12-06,160.8000030517578
2016-12-07,162.14999389648438
2016-12-08,162.60000610351562
2016-12-09,167.1999969482422
2016-12-12,166.25
2016-12-13,168.0500030517578
2016-12-14,168.25
2016-12-15,167.85000610351562
2016-12-16,169.10000610351562
2016-12-19,170.0
2016-12-20,170.89999389648438
2016-12-21,170.5500030517578
2016-12-22,171.5
2016-12-23,172.5500030517578
2016-12-27,172.6999969482422
2016-12-28,172.39999389648438
2016-12-29,172.60000610351562
2016-12-30,173.39999389648438
2017-01-02,173.4499969482422
2017-01-03,170.14999389648438
2017-01-04,169.85000610351562
2017-01-05,170.3000030517578
2017-01-06,170.25
2017-01-09,171.35000610351562
2017-01-10,171.0500030517578
2017-01-11,171.85000610351562
2017-01-12,170.39999389648438
2017-01-13,171.4499969482422
2017-01-16,170.8000030517578
2017-01-17,169.60000610351562
2017-01-18,169.5500030517578
2017-01-19,170.5
2017-01-20,170.0500030517578
2017-01-23,171.14999389648438
2017-01-24,171.3000030517578
2017-01-25,171.5500030517578
2017-01-26,171.3000030517578
2017-01-27,171.3000030517578
2017-01-30,171.0
2017-01-31,168.35000610351562
2017-02-01,168.89999389648438
2017-02-02,170.60000610351562
2017-02-03,171.0500030517578
2017-02-06,170.1999969482422
2017-02-07,171.5
2017-02-08,173.35000610351562
2017-02-09,174.0
2017-02-10,170.10000610351562
2017-02-13,173.6999969482422
2017-02-14,172.5500030517578
2017-02-15,173.8000030517578
2017-02-16,171.85000610351562
2017-02-17,176.10000610351562
2017-02-20,172.64999389648438
2017-02-21,173.4499969482422
2017-02-22,176.5
2017-02-23,176.89999389648438
2017-02-24,175.5500030517578
2017-02-27,175.3000030517578
2017-02-28,175.5500030517578
2017-03-01,176.60000610351562
2017-03-02,176.0500030517578
2017-03-03,176.4499969482422
2017-03-06,176.3000030517578
2017-03-07,175.5
2017-03-08,175.10000610351562
2017-03-09,176.39999389648438
2017-03-10,177.35000610351562
2017-03-13,176.4499969482422
2017-03-14,177.5500030517578
2017-03-15,177.3000030517578
2017-03-16,177.75
2017-03-17,177.4499969482422
2017-03-20,176.89999389648438
2017-03-21,177.39999389648438
2017-03-22,178.3000030517578
2017-03-23,178.5
2017-03-24,177.85000610351562
2017-03-27,179.5
2017-03-28,178.6999969482422
2017-03-29,179.8000030517578
2017-03-30,179.0500030517578
2017-03-31,180.1499938964844
2017-04-03,179.5
2017-04-04,180.3000030517578
2017-04-05,178.85000610351562
2017-04-06,179.35000610351562
2017-04-07,180.6999969482422
2017-04-10,180.8999938964844
2017-04-11,181.0
2017-04-12,181.9499969482422
2017-04-13,181.0500030517578
2017-04-18,180.10000610351562
2017-04-19,181.3999938964844
2017-04-20,181.75
2017-04-21,180.8000030517578
2017-04-24,185.5500030517578
2017-04-25,184.6499938964844
2017-04-26,185.3500061035156
2017-04-27,185.8000030517578
2017-04-28,182.8500061035156
2017-05-02,184.4499969482422
2017-05-03,184.5500030517578
2017-05-04,186.75
2017-05-05,188.5500030517578
2017-05-08,187.8999938964844
2017-05-09,189.5
2017-05-10,188.9499969482422
2017-05-11,189.1499938964844
2017-05-12,190.0500030517578
2017-05-15,189.8999938964844
2017-05-16,189.9499969482422
2017-05-17,188.1499938964844
2017-05-18,185.6000061035156
2017-05-19,187.1000061035156
2017-05-22,187.5
2017-05-23,188.6999969482422
2017-05-24,188.25
2017-05-25,188.6999969482422
2017-05-26,189.1000061035156
2017-05-29,189.3999938964844
2017-05-30,189.6000061035156
2017-05-31,190.4499969482422
2017-06-01,190.9499969482422
2017-06-02,192.8999938964844
2017-06-05,191.1999969482422
2017-06-06,191.25
2017-06-07,190.25
2017-06-08,188.3000030517578
2017-06-09,190.0500030517578
2017-06-12,187.5
2017-06-13,187.3500061035156
2017-06-14,188.1000061035156
2017-06-15,188.3000030517578
2017-06-16,191.0
2017-06-19,190.8999938964844
2017-06-20,191.25
2017-06-21,190.0
2017-06-22,189.6000061035156
2017-06-23,188.1000061035156
2017-06-26,195.3500061035156
2017-06-27,191.1999969482422
2017-06-28,190.1999969482422
2017-06-29,183.4499969482422
2017-06-30,182.3999938964844
2017-07-03,182.9499969482422
2017-07-04,181.3500061035156
2017-07-05,181.5
2017-07-06,178.5500030517578
2017-07-07,179.35000610351562
2017-07-10,180.0500030517578
2017-07-11,179.10000610351562
2017-07-12,182.0
2017-07-13,183.1000061035156
2017-07-14,184.1499938964844
2017-07-17,184.25
2017-07-18,183.5
2017-07-19,185.25
2017-07-20,184.6000061035156
2017-07-21,180.8999938964844
2017-07-24,179.6999969482422
2017-07-25,180.1999969482422
2017-07-26,180.8000030517578
2017-07-27,181.0500030517578
2017-07-28,176.0500030517578
2017-07-31,175.10000610351562
2017-08-01,175.89999389648438
2017-08-02,174.9499969482422
2017-08-03,175.10000610351562
2017-08-04,176.5500030517578
2017-08-07,176.0500030517578
2017-08-08,176.5
2017-08-09,175.60000610351562
2017-08-10,173.6999969482422
2017-08-11,173.60000610351562
2017-08-14,175.14999389648438
2017-08-15,175.3000030517578
2017-08-16,176.39999389648438
2017-08-17,176.3000030517578
2017-08-18,175.39999389648438
2017-08-21,175.0
2017-08-22,177.14999389648438
2017-08-23,178.25
2017-08-24,179.89999389648438
2017-08-25,178.0500030517578
2017-08-28,177.3000030517578
2017-08-29,176.5
2017-08-30,176.25
2017-08-31,177.35000610351562
2017-09-01,177.9499969482422
2017-09-04,177.3000030517578
2017-09-05,176.85000610351562
2017-09-06,177.6999969482422
2017-09-07,178.35000610351562
2017-09-08,178.60000610351562
2017-09-11,180.6999969482422
2017-09-12,179.89999389648438
2017-09-13,180.1999969482422
2017-09-14,179.39999389648438
2017-09-15,178.89999389648438
2017-09-18,179.0
2017-09-19,177.5
2017-09-20,178.3000030517578
2017-09-21,176.60000610351562
2017-09-22,180.9499969482422
2017-09-25,181.8500061035156
2017-09-26,181.0500030517578
2017-09-27,178.0
2017-09-28,177.89999389648438
2017-09-29,179.89999389648438
2017-10-02,181.25
2017-10-03,181.8999938964844
2017-10-04,181.25
2017-10-05,182.75
2017-10-06,180.75
2017-10-09,182.1999969482422
2017-10-10,184.3999938964844
2017-10-11,185.5
2017-10-12,187.8000030517578
2017-10-13,188.5
2017-10-16,189.3000030517578
2017-10-17,188.1999969482422
2017-10-18,189.5
2017-10-19,186.8999938964844
2017-10-20,185.5500030517578
2017-10-23,185.3500061035156
2017-10-24,184.3000030517578
2017-10-25,182.8999938964844
2017-10-26,187.8999938964844
2017-10-27,190.1999969482422
2017-10-30,190.0
2017-10-31,191.0500030517578
2017-11-01,193.6000061035156
2017-11-02,192.4499969482422
2017-11-03,192.6000061035156
2017-11-06,192.1000061035156
2017-11-07,189.5500030517578
2017-11-08,189.6999969482422
2017-11-09,188.1000061035156
2017-11-10,186.1999969482422
2017-11-13,185.3999938964844
2017-11-14,184.1000061035156
2017-11-15,184.25
2017-11-16,186.1499938964844
2017-11-17,185.3999938964844
2017-11-20,186.6999969482422
2017-11-21,187.0
2017-11-22,186.0
2017-11-23,186.6999969482422
2017-11-24,187.1999969482422
2017-11-27,185.8500061035156
2017-11-28,187.1000061035156
2017-11-29,186.9499969482422
2017-11-30,185.8000030517578
2017-12-01,184.6000061035156
2017-12-04,187.25
2017-12-05,188.5
2017-12-06,187.8999938964844
2017-12-07,188.8000030517578
2017-12-08,188.3999938964844
2017-12-11,188.3500061035156
2017-12-12,189.6499938964844
2017-12-13,188.1000061035156
2017-12-14,186.4499969482422
2017-12-15,187.25
2017-12-18,190.3999938964844
2017-12-19,188.8500061035156
2017-12-20,186.8500061035156
2017-12-21,188.1000061035156
2017-12-22,186.8000030517578
2017-12-27,187.6000061035156
2017-12-28,185.75
2017-12-29,184.9499969482422
2018-01-02,182.1499938964844
2018-01-03,182.8500061035156
2018-01-04,184.5
2018-01-05,186.8999938964844
2018-01-08,186.75
2018-01-09,188.3000030517578
2018-01-10,186.8999938964844
2018-01-11,184.6499938964844
2018-01-12,184.0500030517578
2018-01-15,184.4499969482422
2018-01-16,184.0500030517578
2018-01-17,184.3999938964844
2018-01-18,183.3999938964844
2018-01-19,185.8000030517578
2018-01-22,185.5500030517578
2018-01-23,186.25
2018-01-24,184.1000061035156
2018-01-25,181.8000030517578
2018-01-26,182.6000061035156
2018-01-29,182.3999938964844
2018-01-30,182.1999969482422
2018-01-31,183.1000061035156
2018-02-01,181.3000030517578
2018-02-02,180.6499938964844
2018-02-05,177.0
2018-02-06,171.9499969482422
2018-02-07,175.60000610351562
2018-02-08,171.8000030517578
2018-02-09,172.35000610351562
2018-02-12,176.39999389648438
2018-02-13,175.0
2018-02-14,175.3000030517578
2018-02-15,174.6999969482422
2018-02-16,176.8000030517578
2018-02-19,175.5
2018-02-20,175.60000610351562
2018-02-21,174.39999389648438
2018-02-22,175.4499969482422
2018-02-23,178.6999969482422
2018-02-26,180.5
2018-02-27,177.5
2018-02-28,177.0500030517578
2018-03-01,173.3000030517578
2018-03-02,171.10000610351562
2018-03-05,174.9499969482422
2018-03-06,174.1999969482422
2018-03-07,175.5500030517578
2018-03-08,180.3999938964844
2018-03-09,181.6499938964844
2018-03-12,181.8000030517578
2018-03-13,179.85000610351562
2018-03-14,179.89999389648438
2018-03-15,179.75
2018-03-16,180.0500030517578
2018-03-19,181.1000061035156
2018-03-20,181.6499938964844
2018-03-21,180.3500061035156
2018-03-22,179.5500030517578
2018-03-23,175.9499969482422
2018-03-26,174.6999969482422
2018-03-27,175.4499969482422
2018-03-28,182.0500030517578
2018-03-29,183.3500061035156
2018-04-03,183.3999938964844
2018-04-04,186.75
2018-04-05,190.5
2018-04-06,190.25
2018-04-09,190.25
2018-04-10,191.6000061035156
2018-04-11,190.6499938964844
2018-04-12,190.6999969482422
2018-04-13,191.1499938964844
2018-04-16,191.5500030517578
2018-04-17,193.75
2018-04-18,191.5500030517578
2018-04-19,190.1000061035156
2018-04-20,191.3999938964844
2018-04-23,191.1499938964844
2018-04-24,192.3500061035156
2018-04-25,190.3000030517578
2018-04-26,192.5500030517578
2018-04-27,196.8999938964844
2018-04-30,198.8500061035156
2018-05-02,195.5
2018-05-03,195.8999938964844
2018-05-04,199.0
2018-05-07,198.1499938964844
2018-05-08,200.0
2018-05-09,201.1000061035156
2018-05-10,201.3999938964844
2018-05-11,200.3000030517578
2018-05-14,201.6999969482422
2018-05-15,202.5
2018-05-16,202.6999969482422
2018-05-17,203.3999938964844
2018-05-18,204.6999969482422
2018-05-21,205.8000030517578
2018-05-22,205.3000030517578
2018-05-23,206.8000030517578
2018-05-24,206.1999969482422
2018-05-25,207.1000061035156
2018-05-28,208.0
2018-05-29,207.1000061035156
2018-05-30,207.3000030517578
2018-05-31,205.6000061035156
2018-06-01,206.8000030517578
2018-06-04,208.5
2018-06-05,209.1999969482422
2018-06-06,204.0
2018-06-07,204.1000061035156
2018-06-08,206.1000061035156
2018-06-11,208.0
2018-06-12,207.0
2018-06-13,209.8000030517578
2018-06-14,211.1000061035156
2018-06-15,212.3000030517578
2018-06-18,208.8000030517578
2018-06-19,207.6999969482422
2018-06-20,209.1999969482422
2018-06-21,207.0
2018-06-22,209.6000061035156
2018-06-25,205.6999969482422
2018-06-26,207.1999969482422
2018-06-27,208.3999938964844
2018-06-28,208.0
2018-06-29,211.5
2018-07-02,209.1000061035156
2018-07-03,211.6999969482422
2018-07-04,211.0
2018-07-05,206.6999969482422
2018-07-06,205.8000030517578
2018-07-09,206.1999969482422
2018-07-10,207.8999938964844
2018-07-11,207.8999938964844
2018-07-12,211.0
2018-07-13,210.8000030517578
2018-07-16,209.6999969482422
2018-07-17,210.6999969482422
2018-07-18,210.1000061035156
2018-07-19,211.8000030517578
2018-07-20,211.8999938964844
2018-07-23,208.5
2018-07-24,209.3000030517578
2018-07-25,208.0
2018-07-26,209.5
2018-07-27,206.0
2018-07-30,207.1999969482422
2018-07-31,209.5
2018-08-01,210.0
2018-08-02,210.1000061035156
2018-08-03,212.1000061035156
2018-08-06,212.5
2018-08-07,213.6000061035156
2018-08-08,212.3999938964844
2018-08-09,211.0
2018-08-10,205.5
2018-08-13,206.5
2018-08-14,208.1999969482422
2018-08-15,203.3999938964844
2018-08-16,204.6000061035156
2018-08-17,203.3999938964844
2018-08-20,205.3000030517578
2018-08-21,205.8000030517578
2018-08-22,206.0
2018-08-23,207.3000030517578
2018-08-24,206.6000061035156
2018-08-27,207.8000030517578
2018-08-28,208.6999969482422
2018-08-29,209.1000061035156
2018-08-30,210.0
2018-08-31,206.6999969482422
2018-09-03,207.0
2018-09-04,203.1000061035156
2018-09-05,199.4499969482422
2018-09-06,197.25
2018-09-07,199.1999969482422
2018-09-10,200.1000061035156
2018-09-11,202.1000061035156
2018-09-12,203.5
2018-09-13,203.3999938964844
2018-09-14,201.8999938964844
2018-09-17,201.5
2018-09-18,200.8000030517578
2018-09-19,199.8500061035156
2018-09-20,202.3999938964844
2018-09-21,206.1000061035156
2018-09-24,203.6999969482422
2018-09-25,203.8000030517578
2018-09-26,205.5
2018-09-27,208.0
2018-09-28,207.6999969482422
2018-10-01,208.3000030517578
2018-10-02,207.5
2018-10-03,208.0
2018-10-04,200.6000061035156
2018-10-05,201.3999938964844
2018-10-08,199.1999969482422
2018-10-09,199.6000061035156
2018-10-10,191.3000030517578
2018-10-11,187.6000061035156
2018-10-12,184.0
2018-10-15,184.0
2018-10-16,186.3000030517578
2018-10-17,187.75
2018-10-18,186.6999969482422
2018-10-19,191.3000030517578
2018-10-22,191.0
2018-10-23,189.75
2018-10-24,189.8000030517578
2018-10-25,192.5
2018-10-26,189.1000061035156
2018-10-29,188.1000061035156
2018-10-30,186.3999938964844
2018-10-31,198.8999938964844
2018-11-01,199.8000030517578
2018-11-02,201.1000061035156
2018-11-05,201.6999969482422
2018-11-06,202.6000061035156
2018-11-07,203.6999969482422
2018-11-08,204.1999969482422
2018-11-09,205.6000061035156
2018-11-12,205.3000030517578
2018-11-13,208.8999938964844
2018-11-14,207.3999938964844
2018-11-15,207.3999938964844
2018-11-16,207.6000061035156
2018-11-19,205.3999938964844
2018-11-20,204.8000030517578
2018-11-21,206.3999938964844
2018-11-22,205.1000061035156
2018-11-23,206.3999938964844
2018-11-26,205.0
2018-11-27,208.0
2018-11-28,207.3999938964844
2018-11-29,208.3999938964844
2018-11-30,207.8999938964844
2018-12-03,212.1999969482422
2018-12-04,212.5
2018-12-05,209.1999969482422
2018-12-06,202.8999938964844
2018-12-07,206.0
2018-12-10,206.5
2018-12-11,207.6999969482422
2018-12-12,209.5
2018-12-13,207.0
2018-12-14,204.3000030517578
2018-12-17,203.3000030517578
2018-12-18,202.5
2018-12-19,203.1000061035156
2018-12-20,201.6000061035156
2018-12-21,200.6999969482422
2018-12-24,197.6499938964844
2018-12-27,195.6000061035156
2018-12-28,198.1000061035156
2018-12-31,201.1999969482422
2019-01-02,199.6000061035156
2019-01-03,197.1999969482422
2019-01-04,200.0
2019-01-07,197.4499969482422
2019-01-08,198.6499938964844
2019-01-09,197.0500030517578
2019-01-10,198.1499938964844
2019-01-11,197.9499969482422
2019-01-14,195.8999938964844
2019-01-15,196.8999938964844
2019-01-16,195.25
2019-01-17,196.75
2019-01-18,199.8000030517578
2019-01-21,198.8500061035156
2019-01-22,198.6999969482422
2019-01-23,200.5
2019-01-24,199.5
2019-01-25,200.6000061035156
2019-01-28,201.1999969482422
2019-01-29,205.8999938964844
2019-01-30,208.1999969482422
2019-01-31,210.1000061035156
2019-02-01,211.8000030517578
2019-02-04,211.8000030517578
2019-02-05,219.8999938964844
2019-02-06,217.1999969482422
2019-02-07,216.1000061035156
2019-02-08,218.8000030517578
2019-02-11,221.1999969482422
2019-02-12,224.5
2019-02-13,222.8000030517578
2019-02-14,220.5
2019-02-15,221.8000030517578
2019-02-18,224.6999969482422
2019-02-19,223.1000061035156
2019-02-20,224.3999938964844
2019-02-21,225.5
2019-02-22,225.1000061035156
2019-02-25,224.1000061035156
2019-02-26,224.1000061035156
2019-02-27,220.3000030517578
2019-02-28,221.8999938964844
2019-03-01,223.3999938964844
2019-03-04,223.1999969482422
2019-03-05,226.1999969482422
2019-03-06,224.0
2019-03-07,228.1000061035156
2019-03-08,229.1000061035156
2019-03-11,227.3000030517578
2019-03-12,228.3000030517578
2019-03-13,228.8999938964844
2019-03-14,232.6000061035156
2019-03-15,236.1000061035156
2019-03-18,235.1999969482422
2019-03-19,234.6999969482422
2019-03-20,235.1999969482422
2019-03-21,237.3000030517578
2019-03-22,234.6999969482422
2019-03-25,234.8000030517578
2019-03-26,238.3000030517578
2019-03-27,238.3999938964844
2019-03-28,238.6000061035156
2019-03-29,239.8000030517578
2019-04-01,240.3999938964844
2019-04-02,238.6000061035156
2019-04-03,240.1999969482422
2019-04-04,241.3000030517578
2019-04-05,240.0
2019-04-08,240.3000030517578
2019-04-09,240.0
2019-04-10,242.5
2019-04-11,240.1999969482422
2019-04-12,240.3000030517578
2019-04-15,238.5
2019-04-16,240.3000030517578
2019-04-17,242.6999969482422
2019-04-18,243.1999969482422
2019-04-23,243.1000061035156
2019-04-24,245.0
2019-04-25,243.6999969482422
2019-04-26,241.8999938964844
2019-04-29,242.8999938964844
2019-04-30,245.1000061035156
2019-05-02,238.6999969482422
2019-05-03,241.3000030517578
2019-05-06,240.3999938964844
2019-05-07,236.1000061035156
2019-05-08,238.3000030517578
2019-05-09,235.8000030517578
2019-05-10,235.0
2019-05-13,235.6999969482422
2019-05-14,237.3000030517578
2019-05-15,239.6999969482422
2019-05-16,244.5
2019-05-17,243.6000061035156
2019-05-20,241.1999969482422
2019-05-21,241.3000030517578
2019-05-22,243.1000061035156
2019-05-23,242.1000061035156
2019-05-24,243.1999969482422
2019-05-27,244.5
2019-05-28,243.5
2019-05-29,240.3000030517578
2019-05-30,241.8999938964844
2019-05-31,240.3999938964844
2019-06-03,241.5
2019-06-04,239.8000030517578
2019-06-05,242.1999969482422
2019-06-06,242.1000061035156
2019-06-07,245.1000061035156
2019-06-10,245.1999969482422
2019-06-11,245.6000061035156
2019-06-12,247.1999969482422
2019-06-13,247.3999938964844
2019-06-14,248.0
2019-06-17,249.3000030517578
2019-06-18,252.8999938964844
2019-06-19,254.1999969482422
2019-06-20,255.6000061035156
2019-06-21,255.3000030517578
2019-06-24,255.3999938964844
2019-06-25,254.1000061035156
2019-06-26,250.0
2019-06-27,248.0
2019-06-28,250.5
2019-07-01,249.3000030517578
2019-07-02,254.0
2019-07-03,256.8999938964844
2019-07-04,255.3000030517578
2019-07-05,252.6999969482422
2019-07-08,254.6000061035156
2019-07-09,253.6999969482422
2019-07-10,253.8000030517578
2019-07-11,251.3999938964844
2019-07-12,251.5
2019-07-15,250.5
2019-07-16,251.3000030517578
2019-07-17,251.6000061035156
2019-07-18,250.6000061035156
2019-07-19,248.0
2019-07-22,250.3000030517578
2019-07-23,250.3000030517578
2019-07-24,247.1000061035156
2019-07-25,248.0
2019-07-26,249.1000061035156
2019-07-29,251.1000061035156
2019-07-30,247.3999938964844
2019-07-31,242.0
2019-08-01,245.1999969482422
2019-08-02,237.6000061035156
2019-08-05,230.3000030517578
2019-08-06,228.6000061035156
2019-08-07,233.0
2019-08-08,238.0
2019-08-09,232.6999969482422
2019-08-12,234.5
2019-08-13,233.5
2019-08-14,230.1000061035156
2019-08-15,230.3000030517578
2019-08-16,233.3000030517578
2019-08-19,237.6000061035156
2019-08-20,236.3999938964844
2019-08-21,241.1000061035156
2019-08-22,239.0
2019-08-23,236.1000061035156
2019-08-26,238.6000061035156
2019-08-27,244.1000061035156
2019-08-28,246.3000030517578
2019-08-29,249.3000030517578
2019-08-30,248.6000061035156
2019-09-02,251.1999969482422
2019-09-03,252.8999938964844
2019-09-04,254.8000030517578
2019-09-05,250.6999969482422
2019-09-06,251.1999969482422
2019-09-09,249.3000030517578
2019-09-10,248.1000061035156
2019-09-11,247.8000030517578
2019-09-12,249.8000030517578
2019-09-13,244.3999938964844
2019-09-16,242.1000061035156
2019-09-17,246.1999969482422
2019-09-18,247.0
2019-09-19,247.3000030517578
2019-09-20,249.0
2019-09-23,246.3000030517578
2019-09-24,248.8000030517578
2019-09-25,246.3000030517578
2019-09-26,251.1000061035156
2019-09-27,253.3999938964844
2019-09-30,256.8999938964844
2019-10-01,250.1000061035156
2019-10-02,240.6000061035156
2019-10-03,242.6000061035156
2019-10-04,246.0
2019-10-07,248.0
2019-10-08,245.3999938964844
2019-10-09,247.6000061035156
2019-10-10,245.3000030517578
2019-10-11,243.1999969482422
2019-10-14,243.8000030517578
2019-10-15,244.1999969482422
2019-10-16,245.3999938964844
2019-10-17,244.3000030517578
2019-10-18,240.6999969482422
2019-10-21,237.8000030517578
2019-10-22,239.1999969482422
2019-10-23,239.1000061035156
2019-10-24,241.8999938964844
2019-10-25,243.3000030517578
2019-10-28,243.0
2019-10-29,244.6000061035156
2019-10-30,263.1000061035156
2019-10-31,261.79998779296875
2019-11-01,260.3999938964844
2019-11-04,260.5
2019-11-05,263.20001220703125
2019-11-06,265.0
2019-11-07,263.79998779296875
2019-11-08,264.29998779296875
2019-11-11,263.0
2019-11-12,261.3999938964844
2019-11-13,262.20001220703125
2019-11-14,262.20001220703125
2019-11-15,261.5
2019-11-18,262.29998779296875
2019-11-19,260.79998779296875
2019-11-20,258.6000061035156
2019-11-21,255.5
2019-11-22,255.3999938964844
2019-11-25,255.3999938964844
2019-11-26,257.29998779296875
2019-11-27,257.8999938964844
2019-11-28,257.0
2019-11-29,258.70001220703125
2019-12-02,251.6999969482422
2019-12-03,251.0
2019-12-04,253.1000061035156
2019-12-05,251.1999969482422
2019-12-06,256.70001220703125
2019-12-09,254.1999969482422
2019-12-10,255.5
2019-12-11,254.3999938964844
2019-12-12,256.29998779296875
2019-12-13,256.29998779296875
2019-12-16,261.20001220703125
2019-12-17,256.0
2019-12-18,255.8999938964844
2019-12-19,258.8999938964844
2019-12-20,264.70001220703125
2019-12-23,265.29998779296875
2019-12-24,264.5
2019-12-25,264.5
2019-12-27,266.1000061035156
2019-12-30,263.20001220703125
2019-12-31,264.0
2020-01-02,264.20001220703125
2020-01-03,263.8999938964844
2020-01-06,263.0
2020-01-07,259.6000061035156
2020-01-08,261.20001220703125
2020-01-09,262.79998779296875
2020-01-10,263.8999938964844
2020-01-13,262.5
2020-01-14,263.79998779296875
2020-01-15,269.3999938964844
2020-01-16,269.79998779296875
2020-01-17,275.29998779296875
2020-01-20,274.29998779296875
2020-01-21,270.70001220703125
2020-01-22,269.0
2020-01-23,267.0
2020-01-24,270.5
2020-01-27,258.0
2020-01-28,261.6000061035156
2020-01-29,262.29998779296875
2020-01-30,259.6000061035156
2020-01-31,251.8999938964844
2020-02-03,255.0
2020-02-04,261.5
2020-02-05,263.1000061035156
2020-02-06,267.79998779296875
2020-02-07,270.70001220703125
2020-02-10,270.79998779296875
2020-02-11,273.0
2020-02-12,271.1000061035156
2020-02-13,271.5
2020-02-14,268.20001220703125
2020-02-17,267.5
2020-02-18,268.29998779296875
2020-02-19,272.29998779296875
2020-02-20,265.70001220703125
2020-02-21,266.0
2020-02-24,256.0
2020-02-25,252.6999969482422
2020-02-26,254.0
2020-02-27,246.6000061035156
2020-02-28,241.0
2020-03-02,247.5
2020-03-03,251.3999938964844
2020-03-04,259.5
2020-03-05,257.5
2020-03-06,253.6999969482422
2020-03-09,236.8000030517578
2020-03-10,234.3999938964844
2020-03-11,229.6999969482422
2020-03-12,213.0
2020-03-13,216.0
2020-03-16,207.6000061035156
2020-03-17,222.6000061035156
2020-03-18,224.3999938964844
2020-03-19,227.6000061035156
2020-03-20,227.0
2020-03-23,220.6000061035156
2020-03-24,238.3000030517578
2020-03-25,253.8000030517578
2020-03-26,254.6000061035156
2020-03-27,240.0
2020-03-30,246.3000030517578
2020-03-31,238.8999938964844
2020-04-01,233.3000030517578
2020-04-02,238.0
2020-04-03,236.3000030517578
2020-04-06,235.3999938964844
2020-04-07,240.0
2020-04-08,242.3999938964844
2020-04-09,244.8000030517578
2020-04-14,250.5
2020-04-15,245.8999938964844
2020-04-16,244.5
2020-04-17,247.6000061035156
2020-04-20,255.6999969482422
2020-04-21,245.8000030517578
2020-04-22,248.1000061035156
2020-04-23,245.8000030517578
2020-04-24,243.3000030517578
2020-04-27,246.1999969482422
2020-04-28,254.3999938964844
2020-04-29,256.20001220703125
2020-04-30,265.29998779296875
2020-05-04,250.1999969482422
2020-05-05,248.1999969482422
2020-05-06,243.0
2020-05-07,249.0
2020-05-08,253.5
2020-05-11,255.8999938964844
2020-05-12,253.3000030517578
2020-05-13,245.3999938964844
2020-05-14,241.3999938964844
2020-05-15,242.6999969482422
2020-05-18,250.3000030517578
2020-05-19,248.3000030517578
2020-05-20,253.3000030517578
2020-05-21,248.3000030517578
2020-05-22,248.1000061035156
2020-05-25,251.1000061035156
2020-05-26,248.5
2020-05-27,251.3999938964844
2020-05-28,260.20001220703125
2020-05-29,261.8999938964844
2020-06-01,258.79998779296875
2020-06-02,261.20001220703125
2020-06-03,270.3999938964844
2020-06-04,266.5
2020-06-05,269.70001220703125
2020-06-08,264.70001220703125
2020-06-09,266.0
2020-06-10,266.6000061035156
2020-06-11,264.70001220703125
2020-06-12,263.3999938964844
2020-06-15,260.8999938964844
2020-06-16,272.1000061035156
2020-06-17,276.20001220703125
2020-06-18,276.6000061035156
2020-06-19,279.20001220703125
2020-06-22,276.70001220703125
2020-06-23,280.6000061035156
2020-06-24,279.0
2020-06-25,281.0
2020-06-26,285.1000061035156
2020-06-29,285.29998779296875
2020-06-30,285.70001220703125
2020-07-01,286.70001220703125
2020-07-02,296.70001220703125
2020-07-03,289.6000061035156
2020-07-06,290.29998779296875
2020-07-07,288.29998779296875
2020-07-08,285.3999938964844
2020-07-09,286.70001220703125
2020-07-10,288.6000061035156
2020-07-13,287.79998779296875
2020-07-14,285.79998779296875
2020-07-15,291.1000061035156
2020-07-16,287.1000061035156
2020-07-17,290.29998779296875
2020-07-20,290.0
2020-07-21,289.6000061035156
2020-07-22,287.1000061035156
2020-07-23,291.29998779296875
2020-07-24,284.8999938964844
2020-07-27,285.6000061035156
2020-07-28,286.70001220703125
2020-07-29,289.20001220703125
2020-07-30,284.5
2020-07-31,283.0
2020-08-03,278.1000061035156
2020-08-04,281.6000061035156
2020-08-05,282.5
2020-08-06,279.0
2020-08-07,277.6000061035156
2020-08-10,276.0
2020-08-11,277.20001220703125
2020-08-12,282.20001220703125
2020-08-13,282.5
2020-08-14,278.5
2020-08-17,278.8999938964844
2020-08-18,279.20001220703125
2020-08-19,283.0
2020-08-20,279.0
2020-08-21,273.8999938964844
2020-08-24,278.6000061035156
2020-08-25,278.79998779296875
2020-08-26,281.3999938964844
2020-08-27,280.6000061035156
2020-08-28,277.20001220703125
2020-08-31,276.8999938964844
2020-09-01,277.5
2020-09-02,281.20001220703125
2020-09-03,278.6000061035156
2020-09-04,273.8999938964844
2020-09-07,278.6000061035156
2020-09-08,275.8999938964844
2020-09-09,282.6000061035156
2020-09-10,281.5
2020-09-11,282.20001220703125
2020-09-14,281.3999938964844
2020-09-15,283.3999938964844
2020-09-16,281.0
2020-09-17,280.0
2020-09-18,276.6000061035156
2020-09-21,271.1000061035156
2020-09-22,273.8999938964844
2020-09-23,277.5
2020-09-24,274.1000061035156
2020-09-25,270.70001220703125
2020-09-28,278.6000061035156
2020-09-29,281.5
2020-09-30,277.6000061035156
2020-10-01,282.70001220703125
2020-10-02,281.20001220703125
2020-10-05,280.0
2020-10-06,279.20001220703125
2020-10-07,278.1000061035156
2020-10-08,278.5
2020-10-09,282.3999938964844
2020-10-12,287.3999938964844
2020-10-13,287.1000061035156
2020-10-14,290.29998779296875
2020-10-15,284.70001220703125
2020-10-16,291.3999938964844
2020-10-19,288.5
2020-10-20,290.6000061035156
2020-10-21,286.79998779296875
2020-10-22,285.29998779296875
2020-10-23,288.6000061035156
2020-10-26,285.29998779296875
2020-10-27,287.1000061035156
2020-10-28,278.79998779296875
2020-10-29,279.1000061035156
2020-10-30,277.70001220703125
2020-11-02,283.8999938964844
2020-11-03,290.20001220703125
2020-11-04,299.8999938964844
2020-11-05,298.79998779296875
2020-11-06,297.0
2020-11-09,311.0
2020-11-10,315.3999938964844
2020-11-11,319.0
2020-11-12,317.29998779296875
2020-11-13,314.20001220703125
2020-11-16,317.5
2020-11-17,316.6000061035156
2020-11-18,314.6000061035156
2020-11-19,310.79998779296875
2020-11-20,312.1000061035156
2020-11-23,306.29998779296875
2020-11-24,295.8999938964844
2020-11-25,304.3999938964844
2020-11-26,305.79998779296875
2020-11-27,309.29998779296875
2020-11-30,306.79998779296875
2020-12-01,306.29998779296875
2020-12-02,306.3999938964844
2020-12-03,305.0
2020-12-04,306.29998779296875
2020-12-07,304.0
2020-12-08,304.79998779296875
2020-12-09,302.0
2020-12-10,301.70001220703125
2020-12-11,302.5
2020-12-14,302.70001220703125
2020-12-15,302.5
2020-12-16,309.3999938964844
2020-12-17,304.70001220703125
2020-12-18,305.3999938964844
2020-12-21,295.6000061035156
2020-12-22,301.79998779296875
2020-12-23,303.70001220703125
2020-12-24,302.29998779296875
2020-12-28,309.1000061035156
2020-12-29,312.20001220703125
2020-12-30,313.20001220703125
2020-12-31,310.79998779296875
2021-01-04,311.70001220703125
2021-01-05,308.5
2021-01-06,308.79998779296875
2021-01-07,307.6000061035156
2021-01-08,306.29998779296875
2021-01-11,305.1000061035156
2021-01-12,300.5
2021-01-13,301.5
2021-01-14,298.0
2021-01-15,298.3999938964844
2021-01-18,296.8999938964844
2021-01-19,297.1000061035156
2021-01-20,293.6000061035156
2021-01-21,294.6000061035156
2021-01-22,296.29998779296875
2021-01-25,299.0
2021-01-26,301.79998779296875
2021-01-27,297.6000061035156
2021-01-28,297.3999938964844
2021-01-29,290.1000061035156
2021-02-01,296.5
2021-02-02,298.3999938964844
2021-02-03,295.8999938964844
2021-02-04,298.1000061035156
2021-02-05,305.6000061035156
2021-02-08,308.20001220703125
2021-02-09,312.79998779296875
2021-02-10,311.29998779296875
2021-02-11,309.0
2021-02-12,318.29998779296875
2021-02-15,315.0
2021-02-16,313.6000061035156
2021-02-17,317.0
2021-02-18,316.79998779296875
2021-02-19,316.1000061035156
2021-02-22,310.8999938964844
2021-02-23,311.70001220703125
2021-02-24,307.20001220703125
2021-02-25,306.8999938964844
2021-02-26,302.79998779296875
2021-03-01,305.70001220703125
2021-03-02,308.8999938964844
2021-03-03,307.6000061035156
2021-03-04,310.79998779296875
2021-03-05,308.79998779296875
2021-03-08,308.79998779296875
2021-03-09,311.1000061035156
2021-03-10,318.5
2021-03-11,321.1000061035156
2021-03-12,322.6000061035156
2021-03-15,321.5
2021-03-16,323.3999938964844
2021-03-17,326.0
2021-03-18,322.0
2021-03-19,320.3999938964844
2021-03-22,320.79998779296875
2021-03-23,321.70001220703125
2021-03-24,318.20001220703125
2021-03-25,322.70001220703125
2021-03-26,323.6000061035156
2021-03-29,326.6000061035156
2021-03-30,327.79998779296875
2021-03-31,326.79998779296875
2021-04-01,323.8500061035156
2021-04-06,331.1499938964844
2021-04-07,330.70001220703125
2021-04-08,339.6000061035156
2021-04-09,338.45001220703125
2021-04-12,337.1000061035156
2021-04-13,340.04998779296875
2021-04-14,339.1499938964844
2021-04-15,342.79998779296875
2021-04-16,336.54998779296875
2021-04-19,338.8500061035156
2021-04-20,337.6000061035156
2021-04-21,342.6000061035156
2021-04-22,347.70001220703125
2021-04-23,345.45001220703125
2021-04-26,342.75
2021-04-27,336.20001220703125
2021-04-28,339.0
2021-04-29,343.1000061035156
2021-04-30,341.6499938964844
2021-05-03,345.6000061035156
2021-05-04,341.3500061035156
2021-05-05,346.0
2021-05-06,347.6499938964844
2021-05-07,349.8999938964844
2021-05-10,352.3999938964844
2021-05-11,346.3999938964844
2021-05-12,346.29998779296875
2021-05-13,350.1499938964844
2021-05-14,352.3500061035156
2021-05-17,355.45001220703125
2021-05-18,351.95001220703125
2021-05-19,350.1499938964844
2021-05-20,358.8500061035156
2021-05-21,361.2999877929687
2021-05-24,364.7000122070313
2021-05-25,367.2000122070313
2021-05-26,366.4500122070313
2021-05-27,365.8999938964844
2021-05-28,371.5499877929687
2021-05-31,368.2999877929687
2021-06-01,370.0
2021-06-02,371.6000061035156
2021-06-03,372.8500061035156
2021-06-04,376.3999938964844
2021-06-07,378.75
2021-06-08,380.7999877929687
2021-06-09,382.0
2021-06-10,382.0
2021-06-11,384.0499877929687
2021-06-14,384.5499877929687
2021-06-15,387.4500122070313
2021-06-16,389.2000122070313
2021-06-17,391.3999938964844
2021-06-18,390.2999877929687
2021-06-21,389.25
2021-06-22,387.5
2021-06-23,381.4500122070313
2021-06-24,390.1499938964844
2021-06-25,385.3999938964844
2021-06-28,385.6499938964844
2021-06-29,383.25
2021-06-30,375.7999877929687
2021-07-01,375.3500061035156
2021-07-02,372.6499938964844
2021-07-05,372.7000122070313
2021-07-06,370.5
2021-07-07,376.5
2021-07-08,365.0
2021-07-09,371.7999877929687
2021-07-12,375.3500061035156
2021-07-13,375.5
2021-07-14,376.5
2021-07-15,373.6000061035156
2021-07-16,374.6000061035156
2021-07-19,373.1499938964844
2021-07-20,376.7000122070313
2021-07-21,379.1499938964844
2021-07-22,379.2000122070313
2021-07-23,387.0499877929687
2021-07-26,383.5
2021-07-27,383.5499877929687
2021-07-28,385.8500061035156
2021-07-29,384.8999938964844
2021-07-30,385.8999938964844
2021-08-02,392.7000122070313
2021-08-03,393.8500061035156
2021-08-04,395.3999938964844
2021-08-05,398.25
2021-08-06,399.0499877929687
2021-08-09,399.1000061035156
2021-08-10,398.1499938964844
2021-08-11,400.2999877929687
2021-08-12,403.8500061035156
2021-08-13,403.1000061035156
2021-08-16,398.6000061035156
2021-08-17,400.1000061035156
2021-08-18,393.2000122070313
2021-08-19,388.7999877929687
2021-08-20,392.5
2021-08-23,395.1000061035156
2021-08-24,393.2000122070313
2021-08-25,393.0499877929687
2021-08-26,394.1000061035156
2021-08-27,393.6000061035156
2021-08-30,397.2000122070313
2021-08-31,396.2999877929687
2021-09-01,399.5
2021-09-02,400.1499938964844
2021-09-03,394.8500061035156
2021-09-06,396.3500061035156
2021-09-07,393.0499877929687
2021-09-08,394.0499877929687
2021-09-09,397.7000122070313
2021-09-10,398.3500061035156
2021-09-13,397.5
2021-09-14,398.6000061035156
2021-09-15,393.0
2021-09-16,383.2999877929687
2021-09-17,382.6000061035156
2021-09-20,372.25
2021-09-21,383.4500122070313
2021-09-22,384.4500122070313
2021-09-23,387.25
2021-09-24,378.3500061035156
2021-09-27,372.0
2021-09-28,362.7000122070313
2021-09-29,363.2999877929687
2021-09-30,356.8500061035156
2021-10-01,361.5499877929687
2021-10-04,361.5
2021-10-05,363.7999877929687
2021-10-06,358.1499938964844
2021-10-07,361.8999938964844
2021-10-08,357.6000061035156
2021-10-11,355.75
2021-10-12,355.3999938964844
2021-10-13,362.3999938964844
2021-10-14,369.9500122070313
2021-10-15,369.5499877929687
2021-10-18,365.8999938964844
2021-10-19,362.5499877929687
2021-10-20,364.2999877929687
2021-10-21,369.2999877929687
2021-10-22,388.0499877929687
2021-10-25,383.8500061035156
2021-10-26,390.4500122070313
2021-10-27,388.3500061035156
2021-10-28,393.4500122070313
2021-10-29,394.9500122070313
2021-11-01,398.2000122070313
2021-11-02,400.0
2021-11-03,405.5499877929687
2021-11-04,408.7999877929687
2021-11-05,412.7999877929687
2021-11-08,412.25
2021-11-09,414.5499877929687
2021-11-10,414.3500061035156
2021-11-11,414.4500122070313
2021-11-12,420.9500122070313
2021-11-15,424.0499877929687
2021-11-16,427.2000122070313
2021-11-17,429.7999877929687
2021-11-18,422.8999938964844
2021-11-19,425.5
2021-11-22,417.8500061035156
2021-11-23,411.7000122070313
2021-11-24,412.5499877929687
2021-11-25,415.5
2021-11-26,402.2999877929687
2021-11-29,401.7999877929687
2021-11-30,397.5
2021-12-01,406.1499938964844
2021-12-02,398.1499938964844
2021-12-03,400.8999938964844
2021-12-06,408.6000061035156
2021-12-07,424.7999877929687
2021-12-08,418.25
2021-12-09,419.1000061035156
2021-12-10,421.0499877929687
2021-12-13,418.0
2021-12-14,415.2000122070313
2021-12-15,417.2999877929687
2021-12-16,418.4500122070313
2021-12-17,413.0499877929687
2021-12-20,411.0
2021-12-21,414.8999938964844
2021-12-22,419.0
2021-12-23,422.6499938964844
2021-12-24,422.3500061035156
2021-12-27,418.1499938964844
2021-12-28,421.1000061035156
2021-12-29,418.8500061035156
2021-12-30,419.7999877929687
2021-12-31,416.9500122070313
2022-01-03,426.0
2022-01-04,431.3999938964844
2022-01-05,428.2000122070313
2022-01-06,413.0
2022-01-07,409.5499877929687
2022-01-10,394.6499938964844
2022-01-11,396.3500061035156
2022-01-12,400.0499877929687
2022-01-13,388.7999877929687
2022-01-14,379.3999938964844
2022-01-17,385.25
2022-01-18,376.0
2022-01-19,377.25
2022-01-20,380.7999877929687
2022-01-21,375.5
2022-01-24,366.3500061035156
2022-01-25,369.8500061035156
2022-01-26,372.1000061035156
2022-01-27,373.0499877929687
2022-01-28,368.1000061035156
2022-01-31,376.8500061035156
2022-02-01,377.7999877929687
2022-02-02,379.6000061035156
2022-02-03,372.5
2022-02-04,367.75
2022-02-07,371.3500061035156
2022-02-08,368.8999938964844
2022-02-09,371.3999938964844
2022-02-10,364.0
2022-02-11,363.9500122070313
2022-02-14,353.1000061035156
2022-02-15,359.3500061035156
2022-02-16,355.1499938964844
2022-02-17,356.6000061035156
2022-02-18,360.75
2022-02-21,346.45001220703125
2022-02-22,348.75
2022-02-23,343.5
2022-02-24,340.6499938964844
2022-02-25,353.95001220703125
2022-02-28,355.0
2022-03-01,344.75
2022-03-02,348.5
2022-03-03,346.29998779296875
2022-03-04,336.3999938964844
2022-03-07,341.8500061035156
2022-03-08,328.29998779296875
2022-03-09,356.0
2022-03-10,338.79998779296875
2022-03-11,338.20001220703125
2022-03-14,345.25
2022-03-15,344.0
2022-03-16,359.95001220703125
2022-03-17,360.8500061035156
2022-03-18,362.7000122070313
2022-03-21,355.1499938964844
2022-03-22,363.3500061035156
2022-03-23,357.25
2022-03-24,349.8999938964844
2022-03-25,349.3500061035156
2022-03-28,353.54998779296875
2022-03-29,369.25
2022-03-30,366.6499938964844
2022-03-31,363.8500061035156
2022-04-01,367.7000122070313
2022-04-04,371.0499877929687
2022-04-05,374.5
2022-04-06,366.3999938964844
2022-04-07,367.2000122070313
2022-04-08,367.8500061035156
2022-04-11,364.4500122070313
2022-04-12,361.6499938964844
2022-04-13,359.20001220703125
2022-04-14,361.4500122070313
2022-04-19,350.95001220703125
2022-04-20,353.6499938964844
2022-04-21,360.9500122070313
2022-04-22,353.0
2022-04-25,341.8999938964844
2022-04-26,338.20001220703125
2022-04-27,341.54998779296875
2022-04-28,347.29998779296875
2022-04-29,348.8999938964844
2022-05-02,340.1000061035156
2022-05-03,333.5
2022-05-04,329.79998779296875
2022-05-05,329.20001220703125
2022-05-06,316.0
2022-05-09,304.3999938964844
2022-05-10,309.0
2022-05-11,323.8500061035156
2022-05-12,322.70001220703125
2022-05-13,332.45001220703125
2022-05-16,327.79998779296875
2022-05-17,328.25
2022-05-18,316.0
2022-05-19,308.6499938964844
2022-05-20,307.79998779296875
2022-05-23,313.6000061035156
2022-05-24,308.29998779296875
2022-05-25,307.45001220703125
2022-05-26,311.95001220703125
2022-05-27,324.79998779296875
2022-05-30,331.70001220703125
2022-05-31,328.54998779296875
2022-06-01,321.95001220703125
2022-06-02,332.0
2022-06-03,327.8999938964844
2022-06-06,333.1000061035156
2022-06-07,327.3500061035156
2022-06-08,326.8999938964844
2022-06-09,322.3500061035156
2022-06-10,314.75
2022-06-13,308.29998779296875
2022-06-14,301.6499938964844
2022-06-15,307.5
2022-06-16,304.45001220703125
2022-06-17,307.6499938964844
2022-06-20,308.5
2022-06-21,315.6000061035156
2022-06-22,316.95001220703125
2022-06-23,323.3500061035156
2022-06-24,336.8500061035156
2022-06-27,334.54998779296875
2022-06-28,330.95001220703125
2022-06-29,330.75
2022-06-30,329.29998779296875
2022-07-01,329.3999938964844
2022-07-04,331.70001220703125
2022-07-05,331.45001220703125
2022-07-06,347.75
2022-07-07,343.8999938964844
2022-07-08,330.45001220703125
2022-07-11,329.5
2022-07-12,338.8500061035156
2022-07-13,336.0
2022-07-14,334.79998779296875
2022-07-15,340.3999938964844
2022-07-18,342.20001220703125
2022-07-19,347.20001220703125
2022-07-20,344.1000061035156
2022-07-21,347.0
2022-07-22,353.6000061035156
2022-07-25,353.75
2022-07-26,354.95001220703125
2022-07-27,355.75
2022-07-28,354.70001220703125
2022-07-29,368.1000061035156
2022-08-01,369.25
2022-08-02,363.7999877929687
2022-08-03,361.3999938964844
2022-08-04,366.3500061035156
2022-08-05,358.1499938964844
2022-08-08,361.0
2022-08-09,359.29998779296875
2022-08-10,361.0
2022-08-11,360.2999877929687
2022-08-12,359.95001220703125
2022-08-15,363.2999877929687
2022-08-16,362.75
2022-08-17,364.5
2022-08-18,363.7999877929687
2022-08-19,362.1499938964844
2022-08-22,361.8999938964844
2022-08-23,354.1000061035156
2022-08-24,360.6499938964844
2022-08-25,359.54998779296875
2022-08-26,352.75
2022-08-29,346.8500061035156
2022-08-30,342.6000061035156
2022-08-31,343.25
2022-09-01,338.20001220703125
2022-09-02,344.79998779296875
2022-09-05,341.6499938964844
2022-09-06,343.6499938964844
2022-09-07,342.0
2022-09-08,341.6000061035156
2022-09-09,345.29998779296875
2022-09-12,352.3999938964844
2022-09-13,348.20001220703125
2022-09-14,344.79998779296875
2022-09-15,342.75
2022-09-16,339.04998779296875
2022-09-19,333.04998779296875
2022-09-20,334.04998779296875
2022-09-21,337.29998779296875
2022-09-22,328.20001220703125
2022-09-23,325.79998779296875
2022-09-26,328.79998779296875
2022-09-27,325.75
2022-09-28,325.1499938964844
2022-09-29,323.3500061035156
2022-09-30,330.25
2022-10-03,326.70001220703125
2022-10-04,338.20001220703125
2022-10-05,335.6000061035156
2022-10-06,334.25
2022-10-07,328.1499938964844
2022-10-10,324.75
2022-10-11,327.5
2022-10-12,328.6000061035156
2022-10-13,320.3500061035156
2022-10-14,326.3500061035156
2022-10-17,328.5
2022-10-18,330.1499938964844
2022-10-19,327.6000061035156
2022-10-20,329.20001220703125
2022-10-21,310.1000061035156
2022-10-24,316.1000061035156
2022-10-25,321.6499938964844
2022-10-26,319.79998779296875
2022-10-27,315.75
2022-10-28,314.25
2022-10-31,318.1000061035156
2022-11-01,317.5
2022-11-02,307.95001220703125
2022-11-03,301.0
2022-11-04,321.3999938964844
2022-11-07,323.20001220703125
2022-11-08,327.6499938964844
2022-11-09,327.79998779296875
2022-11-10,338.54998779296875
2022-11-11,346.79998779296875
2022-11-14,346.5
2022-11-15,342.75
2022-11-16,345.54998779296875
2022-11-17,346.54998779296875
2022-11-18,348.1000061035156
2022-11-21,348.25
2022-11-22,344.75
2022-11-23,348.95001220703125
2022-11-24,351.29998779296875
2022-11-25,350.25
2022-11-28,352.70001220703125
2022-11-29,347.5
2022-11-30,354.79998779296875
2022-12-01,358.3999938964844
2022-12-02,360.75
2022-12-05,356.79998779296875
2022-12-06,358.95001220703125
2022-12-07,356.45001220703125
2022-12-08,355.0
2022-12-09,355.0
2022-12-12,349.70001220703125
2022-12-13,354.29998779296875
2022-12-14,355.5
2022-12-15,339.1499938964844
2022-12-16,335.75
2022-12-19,335.04998779296875
2022-12-20,330.0
2022-12-21,340.1000061035156
2022-12-22,334.70001220703125
2022-12-23,333.25
2022-12-27,336.75
2022-12-28,335.3999938964844
2022-12-29,338.70001220703125
2022-12-30,333.6000061035156
2023-01-02,337.1000061035156
2023-01-03,338.3999938964844
2023-01-04,356.1499938964844
2023-01-05,354.04998779296875
2023-01-06,358.6000061035156
2023-01-09,365.8500061035156
2023-01-10,364.3500061035156
2023-01-11,367.7000122070313
2023-01-12,367.1499938964844
2023-01-13,373.8999938964844
2023-01-16,377.4500122070313
2023-01-17,387.0
2023-01-18,383.6000061035156
2023-01-19,376.6000061035156
2023-01-20,380.3999938964844
2023-01-23,383.0
2023-01-24,379.5
2023-01-25,381.25
2023-01-26,385.2999877929687
2023-01-27,378.4500122070313
2023-01-30,380.2999877929687
2023-01-31,378.0499877929687
2023-02-01,372.3999938964844
2023-02-02,377.3999938964844
2023-02-03,384.3999938964844
2023-02-06,381.9500122070313
2023-02-07,376.8500061035156
2023-02-08,375.3500061035156
2023-02-09,378.75
2023-02-10,375.6000061035156
2023-02-13,389.6499938964844
2023-02-14,387.75
2023-02-15,390.0
2023-02-16,391.6000061035156
2023-02-17,384.6000061035156
2023-02-20,380.9500122070313
2023-02-21,385.8500061035156
2023-02-22,386.25
2023-02-23,384.3999938964844
2023-02-24,372.9500122070313
2023-02-27,378.25
2023-02-28,375.1000061035156
2023-03-01,372.0
2023-03-02,378.3500061035156
2023-03-03,379.8500061035156
2023-03-06,378.25
2023-03-07,377.1000061035156
2023-03-08,376.2000122070313
2023-03-09,375.8500061035156
2023-03-10,373.7999877929687
2023-03-13,373.2000122070313
2023-03-14,377.6000061035156
2023-03-15,371.1499938964844
2023-03-16,383.7000122070313
2023-03-17,380.25
2023-03-20,386.9500122070313
2023-03-21,385.6000061035156
2023-03-22,393.7999877929687
2023-03-23,397.5
2023-03-24,398.0499877929687
2023-03-27,400.6499938964844
2023-03-28,398.1000061035156
2023-03-29,402.8999938964844
2023-03-30,405.5499877929687
2023-03-31,411.25
2023-04-03,415.4500122070313
2023-04-04,420.3500061035156
2023-04-05,423.7000122070313
2023-04-06,410.1000061035156
2023-04-11,417.1499938964844
2023-04-12,412.1499938964844
2023-04-13,424.1000061035156
2023-04-14,420.6499938964844
2023-04-17,423.1499938964844
2023-04-18,424.2999877929687
2023-04-19,422.2999877929687
2023-04-20,429.5499877929687
2023-04-21,442.6000061035156
2023-04-24,437.2000122070313
2023-04-25,432.3999938964844
2023-04-26,427.7000122070313
2023-04-27,433.75
2023-04-28,432.75
2023-05-02,430.75
2023-05-03,428.7000122070313
2023-05-04,421.2000122070313
2023-05-05,424.4500122070313
2023-05-08,428.2999877929687
2023-05-09,422.7000122070313
2023-05-10,417.2000122070313
2023-05-11,423.7000122070313
2023-05-12,421.1000061035156
2023-05-15,421.2000122070313
2023-05-16,419.5499877929687
2023-05-17,415.5
2023-05-18,417.0
2023-05-19,421.6000061035156
2023-05-22,418.75
2023-05-23,412.6000061035156
2023-05-24,404.0
2023-05-25,406.6499938964844
2023-05-26,411.0
2023-05-29,408.1499938964844
2023-05-30,404.2000122070313
2023-05-31,399.0
2023-06-01,400.1499938964844
2023-06-02,407.7999877929687
2023-06-05,405.0499877929687
2023-06-06,403.3999938964844
2023-06-07,400.4500122070313
2023-06-08,402.3500061035156
2023-06-09,402.2000122070313
2023-06-12,404.3999938964844
2023-06-13,406.3500061035156
2023-06-14,412.2000122070313
2023-06-15,409.7999877929687
2023-06-16,414.9500122070313
2023-06-19,412.4500122070313
2023-06-20,412.8999938964844
2023-06-21,408.0499877929687
2023-06-22,406.2999877929687
2023-06-23,406.3999938964844
2023-06-26,403.9500122070313
2023-06-27,407.25
2023-06-28,414.5
2023-06-29,419.7000122070313
2023-06-30,427.1000061035156
2023-07-03,423.5499877929687
2023-07-04,424.0
2023-07-05,421.7999877929687
2023-07-06,408.1000061035156
2023-07-07,402.6499938964844
2023-07-10,405.9500122070313
2023-07-11,409.0499877929687
2023-07-12,414.25
2023-07-13,418.1000061035156
2023-07-14,421.6000061035156
2023-07-17,413.9500122070313
2023-07-18,408.3500061035156
2023-07-19,406.2999877929687
2023-07-20,401.0
2023-07-21,411.1499938964844
2023-07-24,407.6000061035156
2023-07-25,409.9500122070313
2023-07-26,407.0499877929687
2023-07-27,412.6499938964844
2023-07-28,420.8500061035156
2023-07-31,423.2000122070313
2023-08-01,416.0499877929687
2023-08-02,413.9500122070313
2023-08-03,412.1499938964844
2023-08-04,411.8500061035156
2023-08-07,408.3999938964844
2023-08-08,405.2999877929687
2023-08-09,406.7999877929687
2023-08-10,419.1000061035156
2023-08-11,412.2999877929687
2023-08-14,415.5
2023-08-15,408.5
2023-08-16,407.75
2023-08-17,402.6499938964844
2023-08-18,398.2000122070313
2023-08-21,398.0
2023-08-22,396.2999877929687
2023-08-23,401.2999877929687
2023-08-24,400.3500061035156
2023-08-25,401.4500122070313
2023-08-28,405.2000122070313
2023-08-29,409.1499938964844
2023-08-30,410.1000061035156
2023-08-31,405.7999877929687
2023-09-01,405.2000122070313
2023-09-04,405.75
2023-09-05,403.8500061035156
2023-09-06,398.2000122070313
2023-09-07,398.3999938964844
2023-09-08,404.25
2023-09-11,407.1499938964844
2023-09-12,401.2999877929687
2023-09-13,397.5
2023-09-14,402.0
2023-09-15,410.0
2023-09-18,404.3999938964844
2023-09-19,400.3500061035156
2023-09-20,410.0
2023-09-21,399.7000122070313
2023-09-22,398.3500061035156
2023-09-25,391.5
2023-09-26,387.5499877929687
2023-09-27,386.7000122070313
2023-09-28,390.2999877929687
2023-09-29,393.2000122070313
2023-10-02,393.7000122070313
2023-10-03,391.8500061035156
2023-10-04,392.0499877929687
2023-10-05,391.3500061035156
2023-10-06,394.2000122070313
2023-10-09,387.0499877929687
2023-10-10,397.75
2023-10-11,396.7999877929687
2023-10-12,393.2000122070313
2023-10-13,384.6499938964844
2023-10-16,386.75
2023-10-17,387.3999938964844
2023-10-18,383.1000061035156
2023-10-19,386.2000122070313
2023-10-20,380.25
2023-10-23,386.8500061035156
2023-10-24,394.1000061035156
2023-10-25,399.2000122070313
2023-10-26,393.1499938964844
2023-10-27,390.5499877929687
2023-10-30,392.0499877929687
2023-10-31,396.1499938964844
2023-11-01,397.0
2023-11-02,403.25
2023-11-03,403.7000122070313
2023-11-06,403.1499938964844
2023-11-07,405.4500122070313
2023-11-08,415.4500122070313
2023-11-09,419.0
2023-11-10,414.25
2023-11-13,414.6499938964844
2023-11-14,424.6000061035156
2023-11-15,423.8999938964844
2023-11-16,421.0
2023-11-17,423.9500122070313
2023-11-20,421.75
2023-11-21,425.6499938964844
2023-11-22,429.6499938964844
2023-11-23,429.25
2023-11-24,431.4500122070313
2023-11-27,432.9500122070313
2023-11-28,430.7000122070313
2023-11-29,431.8500061035156
2023-11-30,431.0499877929687
2023-12-01,436.1499938964844
2023-12-04,436.8999938964844
2023-12-05,439.75
2023-12-06,441.3999938964844
2023-12-07,438.75
2023-12-08,441.9500122070313
2023-12-11,443.8500061035156
2023-12-12,444.7000122070313
2023-12-13,445.4500122070313
2023-12-14,443.5499877929687
2023-12-15,446.5499877929687
2023-12-18,447.4500122070313
2023-12-19,450.75
2023-12-20,449.25
2023-12-21,448.2000122070313
2023-12-22,447.5499877929687
2023-12-27,448.7000122070313
2023-12-28,451.2999877929687
2023-12-29,450.6499938964844
2024-01-02,443.7999877929687
2024-01-03,438.7999877929687
2024-01-04,437.3500061035156
2024-01-05,434.25
2024-01-08,438.4500122070313
2024-01-09,440.5
2024-01-10,440.0
2024-01-11,441.5
2024-01-12,445.3999938964844
2024-01-15,424.2000122070313
2024-01-16,424.7999877929687
2024-01-17,422.1000061035156
2024-01-18,426.2000122070313
2024-01-19,426.2000122070313
2024-01-22,424.75
2024-01-23,426.5
2024-01-24,429.0
2024-01-25,432.3999938964844
2024-01-26,445.1000061035156
2024-01-29,444.6499938964844
2024-01-30,446.2999877929687
2024-01-31,444.7000122070313
2024-02-01,449.3500061035156
2024-02-02,447.6499938964844
2024-02-05,455.75
2024-02-06,453.9500122070313
2024-02-07,452.2000122070313
2024-02-08,453.1499938964844
2024-02-09,418.7999877929687
2024-02-12,428.6499938964844
2024-02-13,428.0
2024-02-14,431.2999877929687
2024-02-15,437.75
2024-02-16,442.3999938964844
2024-02-19,441.2999877929687
2024-02-20,443.6000061035156
2024-02-21,444.5499877929687
2024-02-22,451.1499938964844
2024-02-23,450.2000122070313
2024-02-26,450.6499938964844
2024-02-27,451.3500061035156
2024-02-28,446.5499877929687
2024-02-29,441.7000122070313
2024-03-01,441.9500122070313
2024-03-04,443.6000061035156
2024-03-05,438.3500061035156
2024-03-06,438.1499938964844
2024-03-07,445.3500061035156
2024-03-08,449.0
2024-03-11,448.25
2024-03-12,450.6000061035156
2024-03-13,454.2000122070313
2024-03-14,451.25
2024-03-15,446.1499938964844
2024-03-18,441.5499877929687
2024-03-19,441.2000122070313
2024-03-20,436.75
2024-03-21,434.9500122070313
2024-03-22,432.6499938964844
2024-03-25,435.4500122070313
2024-03-26,433.9500122070313
2024-03-27,439.0
2024-03-28,438.6499938964844
2024-04-02,430.9500122070313
2024-04-03,421.3500061035156
2024-04-04,420.4500122070313
2024-04-05,412.7000122070313
2024-04-08,411.2000122070313
2024-04-09,415.5
2024-04-10,415.0
2024-04-11,418.8500061035156
2024-04-12,414.5
2024-04-15,415.4500122070313
2024-04-16,415.1000061035156
2024-04-17,418.25
2024-04-18,423.6000061035156
2024-04-19,444.9500122070313
2024-04-22,441.0
2024-04-23,440.7000122070313
2024-04-24,440.25
2024-04-25,435.75
2024-04-26,435.6499938964844
2024-04-29,436.5
2024-04-30,439.6499938964844
2024-05-02,436.7000122070313
2024-05-03,440.8999938964844
2024-05-06,443.0
2024-05-07,444.8999938964844
2024-05-08,447.0499877929687
2024-05-09,453.8500061035156
2024-05-10,453.4500122070313
2024-05-13,455.5499877929687
2024-05-14,456.8999938964844
2024-05-15,456.7999877929687
2024-05-16,453.5
2024-05-17,447.6000061035156
2024-05-20,448.8999938964844
2024-05-21,447.5499877929687
2024-05-22,453.3999938964844
2024-05-23,450.9500122070313
2024-05-24,447.3500061035156
2024-05-27,449.3500061035156
2024-05-28,445.6499938964844
2024-05-29,440.2999877929687
2024-05-30,444.7000122070313
2024-05-31,452.1000061035156
2024-06-03,449.25
2024-06-04,452.1000061035156
2024-06-05,455.6000061035156
2024-06-06,456.1499938964844
2024-06-07,455.3500061035156
2024-06-10,452.5499877929687
2024-06-11,451.3999938964844
2024-06-12,455.3500061035156
2024-06-13,450.8999938964844
2024-06-14,440.4500122070313
2024-06-17,446.8999938964844
2024-06-18,441.5499877929687
2024-06-19,436.6499938964844
2024-06-20,442.6499938964844
2024-06-21,440.6499938964844
2024-06-24,442.1000061035156
2024-06-25,436.5
2024-06-26,437.6000061035156
2024-06-27,422.8500061035156
2024-06-28,410.0499877929687
