Date,RMS.PA_Close
2014-06-30,269.5
2014-07-01,270.0
2014-07-02,270.0
2014-07-03,271.6000061035156
2014-07-04,270.1000061035156
2014-07-07,270.20001220703125
2014-07-08,266.5
2014-07-09,263.8500061035156
2014-07-10,261.79998779296875
2014-07-11,265.20001220703125
2014-07-14,269.25
2014-07-15,265.75
2014-07-16,268.45001220703125
2014-07-17,267.75
2014-07-18,264.8500061035156
2014-07-21,266.0
2014-07-22,266.04998779296875
2014-07-23,267.1499938964844
2014-07-24,265.0
2014-07-25,258.95001220703125
2014-07-28,259.75
2014-07-29,262.79998779296875
2014-07-30,260.95001220703125
2014-07-31,258.04998779296875
2014-08-01,257.3500061035156
2014-08-04,255.8999938964844
2014-08-05,258.75
2014-08-06,260.3999938964844
2014-08-07,257.5
2014-08-08,255.9499969482422
2014-08-11,259.20001220703125
2014-08-12,260.8999938964844
2014-08-13,258.0
2014-08-14,258.8500061035156
2014-08-15,259.1499938964844
2014-08-18,262.20001220703125
2014-08-19,264.04998779296875
2014-08-20,262.79998779296875
2014-08-21,262.29998779296875
2014-08-22,260.6000061035156
2014-08-25,261.54998779296875
2014-08-26,260.3500061035156
2014-08-27,261.45001220703125
2014-08-28,261.70001220703125
2014-08-29,261.8500061035156
2014-09-01,261.3999938964844
2014-09-02,262.75
2014-09-03,253.75
2014-09-04,249.1499938964844
2014-09-05,243.1999969482422
2014-09-08,243.6999969482422
2014-09-09,245.0
2014-09-10,244.0500030517578
2014-09-11,242.25
2014-09-12,242.3500061035156
2014-09-15,243.6000061035156
2014-09-16,244.5
2014-09-17,243.6999969482422
2014-09-18,244.5500030517578
2014-09-19,245.6000061035156
2014-09-22,246.4499969482422
2014-09-23,243.8999938964844
2014-09-24,245.5
2014-09-25,240.1000061035156
2014-09-26,237.3999938964844
2014-09-29,236.1499938964844
2014-09-30,236.75
2014-10-01,235.1499938964844
2014-10-02,236.6499938964844
2014-10-03,237.6499938964844
2014-10-06,239.8000030517578
2014-10-07,237.6999969482422
2014-10-08,235.9499969482422
2014-10-09,235.9499969482422
2014-10-10,233.25
2014-10-13,231.6499938964844
2014-10-14,230.8999938964844
2014-10-15,232.3500061035156
2014-10-16,232.3999938964844
2014-10-17,235.25
2014-10-20,230.9499969482422
2014-10-21,235.1499938964844
2014-10-22,236.8500061035156
2014-10-23,235.25
2014-10-24,232.5500030517578
2014-10-27,238.3000030517578
2014-10-28,238.1999969482422
2014-10-29,241.1499938964844
2014-10-30,243.9499969482422
2014-10-31,247.1000061035156
2014-11-03,246.5500030517578
2014-11-04,241.3500061035156
2014-11-05,247.8500061035156
2014-11-06,248.8999938964844
2014-11-07,252.3999938964844
2014-11-10,257.0
2014-11-11,257.0
2014-11-12,256.5
2014-11-13,259.1499938964844
2014-11-14,258.04998779296875
2014-11-17,259.1499938964844
2014-11-18,259.3500061035156
2014-11-19,259.5
2014-11-20,259.0
2014-11-21,261.45001220703125
2014-11-24,265.0
2014-11-25,262.29998779296875
2014-11-26,262.75
2014-11-27,265.6499938964844
2014-11-28,269.25
2014-12-01,270.75
2014-12-02,273.04998779296875
2014-12-03,272.6499938964844
2014-12-04,284.6499938964844
2014-12-05,291.0
2014-12-08,294.04998779296875
2014-12-09,301.79998779296875
2014-12-10,294.95001220703125
2014-12-11,293.3500061035156
2014-12-12,275.25
2014-12-15,272.8500061035156
2014-12-16,277.0
2014-12-17,304.70001220703125
2014-12-18,295.5
2014-12-19,305.0
2014-12-22,295.79998779296875
2014-12-23,294.8500061035156
2014-12-24,294.1000061035156
2014-12-29,287.1000061035156
2014-12-30,293.3500061035156
2014-12-31,294.79998779296875
2015-01-02,299.6499938964844
2015-01-05,290.0
2015-01-06,280.95001220703125
2015-01-07,287.3500061035156
2015-01-08,288.8500061035156
2015-01-09,282.79998779296875
2015-01-12,285.0
2015-01-13,289.75
2015-01-14,285.1499938964844
2015-01-15,285.79998779296875
2015-01-16,283.6499938964844
2015-01-19,287.04998779296875
2015-01-20,285.04998779296875
2015-01-21,282.95001220703125
2015-01-22,281.95001220703125
2015-01-23,292.75
2015-01-26,297.20001220703125
2015-01-27,297.75
2015-01-28,297.6000061035156
2015-01-29,298.8500061035156
2015-01-30,300.45001220703125
2015-02-02,292.3999938964844
2015-02-03,288.29998779296875
2015-02-04,297.1000061035156
2015-02-05,297.5
2015-02-06,293.3500061035156
2015-02-09,287.75
2015-02-10,293.3999938964844
2015-02-11,294.25
2015-02-12,292.75
2015-02-13,294.25
2015-02-16,290.1000061035156
2015-02-17,287.6499938964844
2015-02-18,290.3999938964844
2015-02-19,289.29998779296875
2015-02-20,286.3500061035156
2015-02-23,285.1499938964844
2015-02-24,283.45001220703125
2015-02-25,284.45001220703125
2015-02-26,283.20001220703125
2015-02-27,288.3500061035156
2015-03-02,287.45001220703125
2015-03-03,287.95001220703125
2015-03-04,292.1000061035156
2015-03-05,295.04998779296875
2015-03-06,297.04998779296875
2015-03-09,295.1000061035156
2015-03-10,290.04998779296875
2015-03-11,297.70001220703125
2015-03-12,299.95001220703125
2015-03-13,300.54998779296875
2015-03-16,313.75
2015-03-17,313.20001220703125
2015-03-18,312.29998779296875
2015-03-19,311.8500061035156
2015-03-20,312.3999938964844
2015-03-23,307.0
2015-03-24,311.20001220703125
2015-03-25,312.20001220703125
2015-03-26,312.1000061035156
2015-03-27,316.5
2015-03-30,314.8500061035156
2015-03-31,328.3999938964844
2015-04-01,331.45001220703125
2015-04-02,333.75
2015-04-07,337.45001220703125
2015-04-08,340.95001220703125
2015-04-09,342.29998779296875
2015-04-10,345.3500061035156
2015-04-13,341.5
2015-04-14,339.70001220703125
2015-04-15,338.6499938964844
2015-04-16,339.25
2015-04-17,335.1000061035156
2015-04-20,340.1000061035156
2015-04-21,345.1499938964844
2015-04-22,338.95001220703125
2015-04-23,337.75
2015-04-24,338.29998779296875
2015-04-27,337.6499938964844
2015-04-28,335.95001220703125
2015-04-29,339.6499938964844
2015-04-30,337.04998779296875
2015-05-04,346.3999938964844
2015-05-05,335.20001220703125
2015-05-06,331.0
2015-05-07,331.95001220703125
2015-05-08,337.45001220703125
2015-05-11,337.1000061035156
2015-05-12,331.20001220703125
2015-05-13,333.1000061035156
2015-05-14,338.8500061035156
2015-05-15,340.1499938964844
2015-05-18,344.3999938964844
2015-05-19,349.95001220703125
2015-05-20,349.6499938964844
2015-05-21,348.8999938964844
2015-05-22,350.75
2015-05-25,348.04998779296875
2015-05-26,347.1499938964844
2015-05-27,351.95001220703125
2015-05-28,350.5
2015-05-29,355.6499938964844
2015-06-01,361.7999877929687
2015-06-02,363.3500061035156
2015-06-03,362.2999877929687
2015-06-04,350.45001220703125
2015-06-05,346.6000061035156
2015-06-08,344.3500061035156
2015-06-09,345.8500061035156
2015-06-10,354.70001220703125
2015-06-11,360.6000061035156
2015-06-12,358.6000061035156
2015-06-15,352.54998779296875
2015-06-16,352.5
2015-06-17,347.95001220703125
2015-06-18,346.95001220703125
2015-06-19,344.3999938964844
2015-06-22,356.25
2015-06-23,359.25
2015-06-24,357.54998779296875
2015-06-25,356.8500061035156
2015-06-26,357.6499938964844
2015-06-29,352.0
2015-06-30,334.6000061035156
2015-07-01,338.1499938964844
2015-07-02,334.95001220703125
2015-07-03,334.5
2015-07-06,329.45001220703125
2015-07-07,320.5
2015-07-08,325.0
2015-07-09,330.8500061035156
2015-07-10,337.0
2015-07-13,339.20001220703125
2015-07-14,334.1499938964844
2015-07-15,334.0
2015-07-16,338.5
2015-07-17,340.25
2015-07-20,341.0
2015-07-21,339.95001220703125
2015-07-22,342.04998779296875
2015-07-23,347.79998779296875
2015-07-24,348.70001220703125
2015-07-27,342.20001220703125
2015-07-28,343.8999938964844
2015-07-29,348.6499938964844
2015-07-30,349.1000061035156
2015-07-31,354.45001220703125
2015-08-03,353.79998779296875
2015-08-04,354.54998779296875
2015-08-05,352.95001220703125
2015-08-06,351.6000061035156
2015-08-07,350.5
2015-08-10,352.6499938964844
2015-08-11,338.79998779296875
2015-08-12,325.54998779296875
2015-08-13,328.70001220703125
2015-08-14,330.1000061035156
2015-08-17,330.1000061035156
2015-08-18,329.0
2015-08-19,325.70001220703125
2015-08-20,315.0
2015-08-21,313.3500061035156
2015-08-24,305.0
2015-08-25,317.1000061035156
2015-08-26,312.6499938964844
2015-08-27,321.95001220703125
2015-08-28,317.5
2015-08-31,316.6499938964844
2015-09-01,309.1499938964844
2015-09-02,310.75
2015-09-03,320.04998779296875
2015-09-04,307.6499938964844
2015-09-07,311.5
2015-09-08,312.5
2015-09-09,314.6000061035156
2015-09-10,318.6000061035156
2015-09-11,312.8999938964844
2015-09-14,313.29998779296875
2015-09-15,313.29998779296875
2015-09-16,325.1499938964844
2015-09-17,327.70001220703125
2015-09-18,321.3999938964844
2015-09-21,324.5
2015-09-22,317.8999938964844
2015-09-23,316.3500061035156
2015-09-24,309.04998779296875
2015-09-25,319.29998779296875
2015-09-28,312.25
2015-09-29,311.1000061035156
2015-09-30,325.0
2015-10-01,319.6000061035156
2015-10-02,320.8500061035156
2015-10-05,330.0
2015-10-06,336.70001220703125
2015-10-07,337.45001220703125
2015-10-08,339.25
2015-10-09,341.20001220703125
2015-10-12,345.1499938964844
2015-10-13,336.95001220703125
2015-10-14,335.5
2015-10-15,335.25
2015-10-16,332.54998779296875
2015-10-19,334.3500061035156
2015-10-20,326.0
2015-10-21,327.54998779296875
2015-10-22,334.8999938964844
2015-10-23,344.29998779296875
2015-10-26,342.6000061035156
2015-10-27,342.54998779296875
2015-10-28,348.45001220703125
2015-10-29,351.6000061035156
2015-10-30,350.3500061035156
2015-11-02,346.8500061035156
2015-11-03,344.75
2015-11-04,351.25
2015-11-05,355.6000061035156
2015-11-06,351.5
2015-11-09,343.3500061035156
2015-11-10,347.04998779296875
2015-11-11,350.3500061035156
2015-11-12,347.29998779296875
2015-11-13,332.54998779296875
2015-11-16,328.04998779296875
2015-11-17,332.6499938964844
2015-11-18,334.79998779296875
2015-11-19,332.1499938964844
2015-11-20,331.29998779296875
2015-11-23,332.6499938964844
2015-11-24,324.3500061035156
2015-11-25,330.3500061035156
2015-11-26,330.8500061035156
2015-11-27,331.1000061035156
2015-11-30,333.25
2015-12-01,335.5
2015-12-02,337.25
2015-12-03,330.0
2015-12-04,329.3500061035156
2015-12-07,335.20001220703125
2015-12-08,328.5
2015-12-09,327.1499938964844
2015-12-10,323.3999938964844
2015-12-11,314.6000061035156
2015-12-14,310.5
2015-12-15,317.70001220703125
2015-12-16,318.54998779296875
2015-12-17,319.1499938964844
2015-12-18,310.45001220703125
2015-12-21,306.3500061035156
2015-12-22,311.6000061035156
2015-12-23,310.6499938964844
2015-12-24,309.04998779296875
2015-12-28,310.0
2015-12-29,316.20001220703125
2015-12-30,314.5
2016-01-04,311.1499938964844
2016-01-05,304.1000061035156
2016-01-06,301.0
2016-01-07,300.5
2016-01-08,301.45001220703125
2016-01-11,300.0
2016-01-12,304.70001220703125
2016-01-13,302.20001220703125
2016-01-14,295.6000061035156
2016-01-15,296.3500061035156
2016-01-18,293.95001220703125
2016-01-19,301.25
2016-01-20,291.6000061035156
2016-01-21,292.8999938964844
2016-01-22,303.8500061035156
2016-01-25,306.1000061035156
2016-01-26,305.1499938964844
2016-01-27,311.6499938964844
2016-01-28,307.04998779296875
2016-01-29,313.54998779296875
2016-02-01,312.79998779296875
2016-02-02,309.25
2016-02-03,317.70001220703125
2016-02-04,317.54998779296875
2016-02-05,314.6499938964844
2016-02-08,307.8999938964844
2016-02-09,297.95001220703125
2016-02-10,302.29998779296875
2016-02-11,295.3500061035156
2016-02-12,299.0
2016-02-15,310.5
2016-02-16,309.6499938964844
2016-02-17,320.3999938964844
2016-02-18,320.3500061035156
2016-02-19,320.45001220703125
2016-02-22,326.3999938964844
2016-02-23,320.25
2016-02-24,313.0
2016-02-25,312.70001220703125
2016-02-26,316.29998779296875
2016-02-29,314.5
2016-03-01,319.20001220703125
2016-03-02,318.8999938964844
2016-03-03,317.8999938964844
2016-03-04,320.20001220703125
2016-03-07,321.1499938964844
2016-03-08,322.6000061035156
2016-03-09,324.29998779296875
2016-03-10,322.70001220703125
2016-03-11,326.79998779296875
2016-03-14,328.5
2016-03-15,323.54998779296875
2016-03-16,323.45001220703125
2016-03-17,317.75
2016-03-18,316.1000061035156
2016-03-21,314.25
2016-03-22,311.3500061035156
2016-03-23,320.0
2016-03-24,315.95001220703125
2016-03-29,313.95001220703125
2016-03-30,316.25
2016-03-31,309.45001220703125
2016-04-01,306.6499938964844
2016-04-04,307.0
2016-04-05,301.25
2016-04-06,300.1000061035156
2016-04-07,298.54998779296875
2016-04-08,297.95001220703125
2016-04-11,294.70001220703125
2016-04-12,299.3999938964844
2016-04-13,312.29998779296875
2016-04-14,310.54998779296875
2016-04-15,308.25
2016-04-18,308.1499938964844
2016-04-19,315.1499938964844
2016-04-20,314.0
2016-04-21,311.70001220703125
2016-04-22,307.45001220703125
2016-04-25,308.29998779296875
2016-04-26,304.8500061035156
2016-04-27,307.1499938964844
2016-04-28,316.6000061035156
2016-04-29,311.0
2016-05-02,317.6000061035156
2016-05-03,314.0
2016-05-04,317.0
2016-05-05,317.29998779296875
2016-05-06,316.5
2016-05-09,318.45001220703125
2016-05-10,322.6000061035156
2016-05-11,319.29998779296875
2016-05-12,316.5
2016-05-13,317.1000061035156
2016-05-16,317.79998779296875
2016-05-17,317.5
2016-05-18,320.6499938964844
2016-05-19,318.04998779296875
2016-05-20,318.8999938964844
2016-05-23,316.20001220703125
2016-05-24,322.1499938964844
2016-05-25,321.1499938964844
2016-05-26,321.95001220703125
2016-05-27,324.5
2016-05-30,324.25
2016-05-31,324.95001220703125
2016-06-01,324.1000061035156
2016-06-02,323.5
2016-06-03,324.29998779296875
2016-06-06,324.1499938964844
2016-06-07,335.0
2016-06-08,332.8999938964844
2016-06-09,331.1000061035156
2016-06-10,326.54998779296875
2016-06-13,327.0
2016-06-14,322.0
2016-06-15,323.8999938964844
2016-06-16,321.5
2016-06-17,327.3500061035156
2016-06-20,335.8999938964844
2016-06-21,336.95001220703125
2016-06-22,339.20001220703125
2016-06-23,341.3999938964844
2016-06-24,325.20001220703125
2016-06-27,321.1499938964844
2016-06-28,329.20001220703125
2016-06-29,336.3500061035156
2016-06-30,336.95001220703125
2016-07-01,340.79998779296875
2016-07-04,342.5
2016-07-05,340.54998779296875
2016-07-06,337.54998779296875
2016-07-07,337.45001220703125
2016-07-08,337.45001220703125
2016-07-11,344.5
2016-07-12,350.1000061035156
2016-07-13,349.79998779296875
2016-07-14,351.5
2016-07-15,348.29998779296875
2016-07-18,349.6499938964844
2016-07-19,348.6499938964844
2016-07-20,354.1000061035156
2016-07-21,370.25
2016-07-22,376.3999938964844
2016-07-25,378.7000122070313
2016-07-26,379.8500061035156
2016-07-27,383.3999938964844
2016-07-28,380.7000122070313
2016-07-29,384.7999877929687
2016-08-01,386.4500122070313
2016-08-02,384.25
2016-08-03,382.4500122070313
2016-08-04,382.5499877929687
2016-08-05,388.0
2016-08-08,386.7999877929687
2016-08-09,388.1000061035156
2016-08-10,389.2999877929687
2016-08-11,394.2999877929687
2016-08-12,397.8999938964844
2016-08-15,398.4500122070313
2016-08-16,394.0
2016-08-17,393.5499877929687
2016-08-18,395.3500061035156
2016-08-19,398.6000061035156
2016-08-22,394.2000122070313
2016-08-23,394.5
2016-08-24,389.9500122070313
2016-08-25,387.6000061035156
2016-08-26,385.8500061035156
2016-08-29,386.3999938964844
2016-08-30,385.0
2016-08-31,378.6000061035156
2016-09-01,380.7999877929687
2016-09-02,385.2000122070313
2016-09-05,387.1499938964844
2016-09-06,389.8999938964844
2016-09-07,392.6000061035156
2016-09-08,386.75
2016-09-09,383.25
2016-09-12,383.8999938964844
2016-09-13,387.0499877929687
2016-09-14,353.0
2016-09-15,355.0
2016-09-16,355.0
2016-09-19,357.54998779296875
2016-09-20,363.8500061035156
2016-09-21,365.1499938964844
2016-09-22,372.5
2016-09-23,370.3999938964844
2016-09-26,365.6499938964844
2016-09-27,362.1499938964844
2016-09-28,365.7999877929687
2016-09-29,359.79998779296875
2016-09-30,362.25
2016-10-03,361.25
2016-10-04,365.6000061035156
2016-10-05,362.5
2016-10-06,360.1000061035156
2016-10-07,358.70001220703125
2016-10-10,362.3999938964844
2016-10-11,367.4500122070313
2016-10-12,365.5499877929687
2016-10-13,369.3999938964844
2016-10-14,373.6000061035156
2016-10-17,369.6000061035156
2016-10-18,370.8500061035156
2016-10-19,370.7000122070313
2016-10-20,372.7000122070313
2016-10-21,367.3999938964844
2016-10-24,370.3999938964844
2016-10-25,368.3500061035156
2016-10-26,371.2000122070313
2016-10-27,375.5499877929687
2016-10-28,374.1000061035156
2016-10-31,369.1000061035156
2016-11-01,367.5
2016-11-02,366.9500122070313
2016-11-03,368.3999938964844
2016-11-04,365.75
2016-11-07,369.7999877929687
2016-11-08,376.5
2016-11-09,374.6499938964844
2016-11-10,365.6000061035156
2016-11-11,366.2999877929687
2016-11-14,364.6499938964844
2016-11-15,375.7999877929687
2016-11-16,369.4500122070313
2016-11-17,376.25
2016-11-18,376.6499938964844
2016-11-21,381.0
2016-11-22,379.3999938964844
2016-11-23,376.7999877929687
2016-11-24,379.3999938964844
2016-11-25,381.8500061035156
2016-11-28,379.6000061035156
2016-11-29,383.6499938964844
2016-11-30,389.3999938964844
2016-12-01,388.3500061035156
2016-12-02,387.0
2016-12-05,389.25
2016-12-06,388.3999938964844
2016-12-07,392.8999938964844
2016-12-08,394.7000122070313
2016-12-09,396.0
2016-12-12,389.6000061035156
2016-12-13,395.7999877929687
2016-12-14,389.9500122070313
2016-12-15,386.7000122070313
2016-12-16,387.2999877929687
2016-12-19,389.4500122070313
2016-12-20,387.8500061035156
2016-12-21,386.0
2016-12-22,386.5
2016-12-23,388.1000061035156
2016-12-27,389.7000122070313
2016-12-28,390.8999938964844
2016-12-29,389.1499938964844
2016-12-30,390.0
2017-01-02,394.1499938964844
2017-01-03,392.4500122070313
2017-01-04,389.2999877929687
2017-01-05,388.0
2017-01-06,390.7000122070313
2017-01-09,391.3500061035156
2017-01-10,396.2000122070313
2017-01-11,400.4500122070313
2017-01-12,403.5
2017-01-13,406.5499877929687
2017-01-16,408.25
2017-01-17,403.8999938964844
2017-01-18,405.3999938964844
2017-01-19,408.1499938964844
2017-01-20,407.1000061035156
2017-01-23,405.8999938964844
2017-01-24,406.7000122070313
2017-01-25,410.0
2017-01-26,411.5499877929687
2017-01-27,407.5499877929687
2017-01-30,403.3500061035156
2017-01-31,402.4500122070313
2017-02-01,399.8999938964844
2017-02-02,403.3500061035156
2017-02-03,404.25
2017-02-06,401.6499938964844
2017-02-07,402.1499938964844
2017-02-08,395.0
2017-02-09,398.8999938964844
2017-02-10,400.9500122070313
2017-02-13,404.1000061035156
2017-02-14,403.25
2017-02-15,404.1000061035156
2017-02-16,407.25
2017-02-17,407.5
2017-02-20,406.5499877929687
2017-02-21,408.1000061035156
2017-02-22,412.2000122070313
2017-02-23,414.8999938964844
2017-02-24,414.0499877929687
2017-02-27,412.7999877929687
2017-02-28,411.8999938964844
2017-03-01,418.1499938964844
2017-03-02,419.7999877929687
2017-03-03,418.1000061035156
2017-03-06,418.6000061035156
2017-03-07,418.7000122070313
2017-03-08,423.2999877929687
2017-03-09,423.0499877929687
2017-03-10,429.0499877929687
2017-03-13,429.1499938964844
2017-03-14,429.8500061035156
2017-03-15,430.3999938964844
2017-03-16,434.7000122070313
2017-03-17,436.0499877929687
2017-03-20,433.25
2017-03-21,428.4500122070313
2017-03-22,432.2000122070313
2017-03-23,432.9500122070313
2017-03-24,435.2999877929687
2017-03-27,437.4500122070313
2017-03-28,436.75
2017-03-29,438.75
2017-03-30,438.75
2017-03-31,444.1000061035156
2017-04-03,443.8500061035156
2017-04-04,445.6000061035156
2017-04-05,444.4500122070313
2017-04-06,447.5499877929687
2017-04-07,453.6499938964844
2017-04-10,455.6499938964844
2017-04-11,450.6499938964844
2017-04-12,456.75
2017-04-13,459.2999877929687
2017-04-18,455.5499877929687
2017-04-19,453.2000122070313
2017-04-20,456.6499938964844
2017-04-21,457.75
2017-04-24,461.5499877929687
2017-04-25,440.75
2017-04-26,432.7000122070313
2017-04-27,438.5499877929687
2017-04-28,439.2000122070313
2017-05-02,444.2000122070313
2017-05-03,447.9500122070313
2017-05-04,453.6000061035156
2017-05-05,448.9500122070313
2017-05-08,443.6000061035156
2017-05-09,447.3500061035156
2017-05-10,444.5499877929687
2017-05-11,443.8999938964844
2017-05-12,443.0499877929687
2017-05-15,445.3999938964844
2017-05-16,439.4500122070313
2017-05-17,432.6000061035156
2017-05-18,432.8999938964844
2017-05-19,438.2000122070313
2017-05-22,439.1499938964844
2017-05-23,437.5499877929687
2017-05-24,437.6499938964844
2017-05-25,439.0
2017-05-26,440.2999877929687
2017-05-29,440.0
2017-05-30,441.25
2017-05-31,439.9500122070313
2017-06-01,446.25
2017-06-02,449.4500122070313
2017-06-05,449.1000061035156
2017-06-06,446.25
2017-06-07,446.7999877929687
2017-06-08,437.8999938964844
2017-06-09,439.5499877929687
2017-06-12,434.8500061035156
2017-06-13,434.0
2017-06-14,439.4500122070313
2017-06-15,435.3999938964844
2017-06-16,439.3500061035156
2017-06-19,443.6000061035156
2017-06-20,446.7999877929687
2017-06-21,443.0499877929687
2017-06-22,440.6499938964844
2017-06-23,438.2000122070313
2017-06-26,443.3999938964844
2017-06-27,442.2000122070313
2017-06-28,439.8999938964844
2017-06-29,432.5
2017-06-30,432.6499938964844
2017-07-03,432.5
2017-07-04,437.7999877929687
2017-07-05,442.1000061035156
2017-07-06,438.0
2017-07-07,443.8999938964844
2017-07-10,442.3999938964844
2017-07-11,437.2000122070313
2017-07-12,446.8999938964844
2017-07-13,447.4500122070313
2017-07-14,451.9500122070313
2017-07-17,451.0499877929687
2017-07-18,443.75
2017-07-19,442.8999938964844
2017-07-20,440.0
2017-07-21,435.8500061035156
2017-07-24,433.6499938964844
2017-07-25,432.2999877929687
2017-07-26,430.5
2017-07-27,430.5
2017-07-28,428.7000122070313
2017-07-31,428.0
2017-08-01,431.8999938964844
2017-08-02,432.8500061035156
2017-08-03,440.7000122070313
2017-08-04,440.6499938964844
2017-08-07,444.9500122070313
2017-08-08,443.0499877929687
2017-08-09,436.3500061035156
2017-08-10,435.4500122070313
2017-08-11,432.6499938964844
2017-08-14,438.6499938964844
2017-08-15,439.3500061035156
2017-08-16,441.6000061035156
2017-08-17,442.0
2017-08-18,439.2000122070313
2017-08-21,439.4500122070313
2017-08-22,442.0
2017-08-23,441.5
2017-08-24,440.5
2017-08-25,440.4500122070313
2017-08-28,438.8999938964844
2017-08-29,439.9500122070313
2017-08-30,443.9500122070313
2017-08-31,444.2999877929687
2017-09-01,447.8999938964844
2017-09-04,447.4500122070313
2017-09-05,443.0
2017-09-06,442.6499938964844
2017-09-07,449.1499938964844
2017-09-08,437.25
2017-09-11,441.0499877929687
2017-09-12,439.0
2017-09-13,432.5
2017-09-14,423.1499938964844
2017-09-15,417.8500061035156
2017-09-18,417.8500061035156
2017-09-19,423.7000122070313
2017-09-20,421.2000122070313
2017-09-21,420.75
2017-09-22,424.2000122070313
2017-09-25,424.0499877929687
2017-09-26,423.3500061035156
2017-09-27,426.0
2017-09-28,428.6499938964844
2017-09-29,426.5499877929687
2017-10-02,429.5499877929687
2017-10-03,430.0
2017-10-04,425.0
2017-10-05,425.7999877929687
2017-10-06,424.2000122070313
2017-10-09,425.9500122070313
2017-10-10,430.3999938964844
2017-10-11,431.9500122070313
2017-10-12,431.2999877929687
2017-10-13,431.6000061035156
2017-10-16,431.8999938964844
2017-10-17,431.0
2017-10-18,434.3500061035156
2017-10-19,431.4500122070313
2017-10-20,428.6000061035156
2017-10-23,433.0499877929687
2017-10-24,435.2000122070313
2017-10-25,439.0
2017-10-26,441.1000061035156
2017-10-27,442.4500122070313
2017-10-30,443.0499877929687
2017-10-31,445.5499877929687
2017-11-01,446.3500061035156
2017-11-02,446.1499938964844
2017-11-03,446.25
2017-11-06,444.8999938964844
2017-11-07,442.2000122070313
2017-11-08,445.25
2017-11-09,448.5
2017-11-10,444.7999877929687
2017-11-13,442.8500061035156
2017-11-14,441.5
2017-11-15,440.4500122070313
2017-11-16,440.8999938964844
2017-11-17,442.5
2017-11-20,443.4500122070313
2017-11-21,443.5499877929687
2017-11-22,442.8999938964844
2017-11-23,444.3500061035156
2017-11-24,443.6000061035156
2017-11-27,440.5
2017-11-28,438.9500122070313
2017-11-29,436.7999877929687
2017-11-30,442.8500061035156
2017-12-01,436.4500122070313
2017-12-04,437.4500122070313
2017-12-05,437.0
2017-12-06,442.0499877929687
2017-12-07,441.0
2017-12-08,440.0
2017-12-11,440.5
2017-12-12,441.5
2017-12-13,442.5499877929687
2017-12-14,442.4500122070313
2017-12-15,439.7999877929687
2017-12-18,445.25
2017-12-19,445.4500122070313
2017-12-20,445.5499877929687
2017-12-21,447.9500122070313
2017-12-22,448.3999938964844
2017-12-27,448.8500061035156
2017-12-28,447.25
2017-12-29,446.25
2018-01-02,441.0
2018-01-03,443.0
2018-01-04,443.7999877929687
2018-01-05,447.5
2018-01-08,447.8999938964844
2018-01-09,448.8999938964844
2018-01-10,449.7000122070313
2018-01-11,445.6000061035156
2018-01-12,445.8999938964844
2018-01-15,446.2000122070313
2018-01-16,447.0
2018-01-17,448.0
2018-01-18,441.7000122070313
2018-01-19,445.1000061035156
2018-01-22,445.6000061035156
2018-01-23,446.7000122070313
2018-01-24,444.0
2018-01-25,439.7000122070313
2018-01-26,448.1000061035156
2018-01-29,443.0
2018-01-30,444.0
2018-01-31,445.2000122070313
2018-02-01,445.7999877929687
2018-02-02,443.0
2018-02-05,436.1000061035156
2018-02-06,426.7000122070313
2018-02-07,432.1000061035156
2018-02-08,422.6000061035156
2018-02-09,422.8999938964844
2018-02-12,433.6000061035156
2018-02-13,434.0
2018-02-14,434.7000122070313
2018-02-15,443.0
2018-02-16,445.1000061035156
2018-02-19,441.6000061035156
2018-02-20,439.1000061035156
2018-02-21,444.5
2018-02-22,443.1000061035156
2018-02-23,447.0
2018-02-26,446.2999877929687
2018-02-27,441.3999938964844
2018-02-28,442.1000061035156
2018-03-01,441.6000061035156
2018-03-02,440.7999877929687
2018-03-05,440.0
2018-03-06,442.7000122070313
2018-03-07,441.1000061035156
2018-03-08,443.7999877929687
2018-03-09,447.7999877929687
2018-03-12,448.1000061035156
2018-03-13,446.7999877929687
2018-03-14,444.7000122070313
2018-03-15,449.8999938964844
2018-03-16,451.7000122070313
2018-03-19,451.7000122070313
2018-03-20,453.0
2018-03-21,464.0
2018-03-22,466.7000122070313
2018-03-23,466.2999877929687
2018-03-26,466.2000122070313
2018-03-27,473.3999938964844
2018-03-28,478.1000061035156
2018-03-29,481.5
2018-04-03,484.2000122070313
2018-04-04,491.0
2018-04-05,496.0
2018-04-06,498.5
2018-04-09,503.6000061035156
2018-04-10,504.0
2018-04-11,509.7999877929687
2018-04-12,511.6000061035156
2018-04-13,516.5999755859375
2018-04-16,520.7999877929688
2018-04-17,524.2000122070312
2018-04-18,521.7999877929688
2018-04-19,516.0
2018-04-20,517.5999755859375
2018-04-23,517.5999755859375
2018-04-24,517.7999877929688
2018-04-25,520.2000122070312
2018-04-26,524.0
2018-04-27,534.2000122070312
2018-04-30,535.7999877929688
2018-05-02,542.0
2018-05-03,549.4000244140625
2018-05-04,548.0
2018-05-07,551.4000244140625
2018-05-08,565.4000244140625
2018-05-09,572.0
2018-05-10,580.2000122070312
2018-05-11,584.0
2018-05-14,586.7999877929688
2018-05-15,585.4000244140625
2018-05-16,589.7999877929688
2018-05-17,591.2000122070312
2018-05-18,595.7999877929688
2018-05-21,604.2000122070312
2018-05-22,605.0
2018-05-23,605.0
2018-05-24,607.7999877929688
2018-05-25,608.0
2018-05-28,610.0
2018-05-29,612.4000244140625
2018-05-30,609.7999877929688
2018-05-31,608.7999877929688
2018-06-01,607.5999755859375
2018-06-04,599.2000122070312
2018-06-05,593.0
2018-06-06,596.2000122070312
2018-06-07,561.0
2018-06-08,563.2000122070312
2018-06-11,564.0
2018-06-12,553.5999755859375
2018-06-13,557.5999755859375
2018-06-14,551.4000244140625
2018-06-15,548.5999755859375
2018-06-18,548.0
2018-06-19,538.0
2018-06-20,529.2000122070312
2018-06-21,526.2000122070312
2018-06-22,529.0
2018-06-25,521.2000122070312
2018-06-26,520.5999755859375
2018-06-27,521.5999755859375
2018-06-28,518.0
2018-06-29,523.7999877929688
2018-07-02,516.5999755859375
2018-07-03,523.0
2018-07-04,520.7999877929688
2018-07-05,519.4000244140625
2018-07-06,525.2000122070312
2018-07-09,526.4000244140625
2018-07-10,539.0
2018-07-11,524.2000122070312
2018-07-12,532.4000244140625
2018-07-13,537.0
2018-07-16,536.0
2018-07-17,541.0
2018-07-18,543.0
2018-07-19,542.0
2018-07-20,544.5999755859375
2018-07-23,544.5999755859375
2018-07-24,548.4000244140625
2018-07-25,555.0
2018-07-26,546.7999877929688
2018-07-27,541.0
2018-07-30,540.5999755859375
2018-07-31,541.5999755859375
2018-08-01,543.2000122070312
2018-08-02,543.7999877929688
2018-08-03,543.7999877929688
2018-08-06,544.0
2018-08-07,546.5999755859375
2018-08-08,544.0
2018-08-09,553.0
2018-08-10,546.0
2018-08-13,548.5999755859375
2018-08-14,554.7999877929688
2018-08-15,541.7999877929688
2018-08-16,546.7999877929688
2018-08-17,544.5999755859375
2018-08-20,549.2000122070312
2018-08-21,549.5999755859375
2018-08-22,552.2000122070312
2018-08-23,554.5999755859375
2018-08-24,554.0
2018-08-27,560.7999877929688
2018-08-28,568.0
2018-08-29,568.5999755859375
2018-08-30,571.4000244140625
2018-08-31,560.2000122070312
2018-09-03,562.4000244140625
2018-09-04,547.5999755859375
2018-09-05,530.4000244140625
2018-09-06,528.7999877929688
2018-09-07,530.4000244140625
2018-09-10,534.0
2018-09-11,533.7999877929688
2018-09-12,554.7999877929688
2018-09-13,542.7999877929688
2018-09-14,541.5999755859375
2018-09-17,543.5999755859375
2018-09-18,550.2000122070312
2018-09-19,543.0
2018-09-20,550.4000244140625
2018-09-21,560.0
2018-09-24,560.2000122070312
2018-09-25,559.0
2018-09-26,560.2000122070312
2018-09-27,565.7999877929688
2018-09-28,570.5999755859375
2018-10-01,571.0
2018-10-02,564.2000122070312
2018-10-03,557.4000244140625
2018-10-04,540.0
2018-10-05,535.0
2018-10-08,529.0
2018-10-09,532.4000244140625
2018-10-10,505.3999938964844
2018-10-11,498.3999938964844
2018-10-12,492.0
2018-10-15,487.5
2018-10-16,499.2000122070313
2018-10-17,499.2999877929687
2018-10-18,492.8999938964844
2018-10-19,490.7999877929687
2018-10-22,491.1000061035156
2018-10-23,485.6000061035156
2018-10-24,489.7999877929687
2018-10-25,503.2000122070313
2018-10-26,499.8999938964844
2018-10-29,498.0
2018-10-30,499.5
2018-10-31,505.0
2018-11-01,504.0
2018-11-02,507.3999938964844
2018-11-05,502.0
2018-11-06,502.7999877929687
2018-11-07,501.0
2018-11-08,496.3999938964844
2018-11-09,495.2000122070313
2018-11-12,489.2000122070313
2018-11-13,501.6000061035156
2018-11-14,497.5
2018-11-15,490.0
2018-11-16,491.0
2018-11-19,482.7999877929687
2018-11-20,482.6000061035156
2018-11-21,491.1000061035156
2018-11-22,491.8999938964844
2018-11-23,493.6000061035156
2018-11-26,485.3999938964844
2018-11-27,476.6000061035156
2018-11-28,484.7000122070313
2018-11-29,485.1000061035156
2018-11-30,477.7000122070313
2018-12-03,493.7000122070313
2018-12-04,495.7999877929687
2018-12-05,487.5
2018-12-06,478.1000061035156
2018-12-07,482.1000061035156
2018-12-10,472.2999877929687
2018-12-11,479.0
2018-12-12,481.2999877929687
2018-12-13,490.5
2018-12-14,485.7999877929687
2018-12-17,476.7999877929687
2018-12-18,474.1000061035156
2018-12-19,477.2999877929687
2018-12-20,473.2999877929687
2018-12-21,475.3999938964844
2018-12-24,463.5
2018-12-27,469.2999877929687
2018-12-28,476.7999877929687
2018-12-31,484.7999877929687
2019-01-02,477.6000061035156
2019-01-03,464.0
2019-01-04,477.7999877929687
2019-01-07,472.2000122070313
2019-01-08,479.8999938964844
2019-01-09,491.2000122070313
2019-01-10,489.8999938964844
2019-01-11,496.3999938964844
2019-01-14,488.7000122070313
2019-01-15,494.0
2019-01-16,488.8999938964844
2019-01-17,495.7000122070313
2019-01-18,500.3999938964844
2019-01-21,501.3999938964844
2019-01-22,498.7999877929687
2019-01-23,499.7999877929687
2019-01-24,500.6000061035156
2019-01-25,504.3999938964844
2019-01-28,504.0
2019-01-29,503.0
2019-01-30,518.4000244140625
2019-01-31,524.4000244140625
2019-02-01,525.0
2019-02-04,520.0
2019-02-05,534.0
2019-02-06,529.5999755859375
2019-02-07,520.4000244140625
2019-02-08,528.0
2019-02-11,533.7999877929688
2019-02-12,541.0
2019-02-13,546.0
2019-02-14,541.4000244140625
2019-02-15,540.7999877929688
2019-02-18,544.0
2019-02-19,545.4000244140625
2019-02-20,549.0
2019-02-21,551.4000244140625
2019-02-22,553.7999877929688
2019-02-25,556.5999755859375
2019-02-26,556.2000122070312
2019-02-27,558.2000122070312
2019-02-28,556.7999877929688
2019-03-01,562.4000244140625
2019-03-04,565.5999755859375
2019-03-05,567.2000122070312
2019-03-06,562.7999877929688
2019-03-07,564.5999755859375
2019-03-08,566.2000122070312
2019-03-11,567.7999877929688
2019-03-12,569.0
2019-03-13,569.2000122070312
2019-03-14,575.0
2019-03-15,584.0
2019-03-18,582.0
2019-03-19,590.2000122070312
2019-03-20,596.5999755859375
2019-03-21,592.2000122070312
2019-03-22,583.2000122070312
2019-03-25,588.5999755859375
2019-03-26,590.0
2019-03-27,590.0
2019-03-28,589.7999877929688
2019-03-29,588.2000122070312
2019-04-01,597.4000244140625
2019-04-02,600.0
2019-04-03,600.5999755859375
2019-04-04,597.5999755859375
2019-04-05,597.4000244140625
2019-04-08,597.4000244140625
2019-04-09,589.0
2019-04-10,588.5999755859375
2019-04-11,592.0
2019-04-12,599.4000244140625
2019-04-15,600.0
2019-04-16,604.5999755859375
2019-04-17,606.7999877929688
2019-04-18,610.0
2019-04-23,613.0
2019-04-24,619.0
2019-04-25,617.7999877929688
2019-04-26,620.0
2019-04-29,621.2000122070312
2019-04-30,627.2000122070312
2019-05-02,618.0
2019-05-03,621.4000244140625
2019-05-06,618.0
2019-05-07,611.5999755859375
2019-05-08,618.7999877929688
2019-05-09,607.7999877929688
2019-05-10,608.5999755859375
2019-05-13,598.5999755859375
2019-05-14,607.0
2019-05-15,612.5999755859375
2019-05-16,615.0
2019-05-17,620.0
2019-05-20,603.4000244140625
2019-05-21,615.2000122070312
2019-05-22,617.5999755859375
2019-05-23,605.0
2019-05-24,603.0
2019-05-27,606.0
2019-05-28,605.2000122070312
2019-05-29,595.4000244140625
2019-05-30,598.5999755859375
2019-05-31,594.7999877929688
2019-06-03,597.5999755859375
2019-06-04,595.5999755859375
2019-06-05,606.0
2019-06-06,607.2000122070312
2019-06-07,611.4000244140625
2019-06-10,610.5999755859375
2019-06-11,618.0
2019-06-12,613.7999877929688
2019-06-13,611.2000122070312
2019-06-14,612.2000122070312
2019-06-17,611.5999755859375
2019-06-18,632.4000244140625
2019-06-19,628.7999877929688
2019-06-20,634.0
2019-06-21,630.0
2019-06-24,630.0
2019-06-25,628.0
2019-06-26,626.0
2019-06-27,627.4000244140625
2019-06-28,634.2000122070312
2019-07-01,634.7999877929688
2019-07-02,640.0
2019-07-03,644.7999877929688
2019-07-04,640.5999755859375
2019-07-05,637.2000122070312
2019-07-08,640.4000244140625
2019-07-09,642.7999877929688
2019-07-10,641.0
2019-07-11,642.7999877929688
2019-07-12,645.4000244140625
2019-07-15,632.2000122070312
2019-07-16,634.0
2019-07-17,645.0
2019-07-18,639.7999877929688
2019-07-19,640.7999877929688
2019-07-22,644.2000122070312
2019-07-23,643.0
2019-07-24,643.7999877929688
2019-07-25,641.2000122070312
2019-07-26,645.5999755859375
2019-07-29,642.5999755859375
2019-07-30,632.2000122070312
2019-07-31,636.5999755859375
2019-08-01,644.5999755859375
2019-08-02,622.0
2019-08-05,603.2000122070312
2019-08-06,600.7999877929688
2019-08-07,611.2000122070312
2019-08-08,623.7999877929688
2019-08-09,618.2000122070312
2019-08-12,615.4000244140625
2019-08-13,615.7999877929688
2019-08-14,602.7999877929688
2019-08-15,605.5999755859375
2019-08-16,605.7999877929688
2019-08-19,613.2000122070312
2019-08-20,610.5999755859375
2019-08-21,628.4000244140625
2019-08-22,618.0
2019-08-23,613.7999877929688
2019-08-26,609.0
2019-08-27,618.0
2019-08-28,614.4000244140625
2019-08-29,613.2000122070312
2019-08-30,621.0
2019-09-02,624.2000122070312
2019-09-03,622.7999877929688
2019-09-04,635.4000244140625
2019-09-05,646.0
2019-09-06,655.2000122070312
2019-09-09,645.0
2019-09-10,640.0
2019-09-11,636.2000122070312
2019-09-12,645.0
2019-09-13,643.0
2019-09-16,625.0
2019-09-17,630.5999755859375
2019-09-18,621.4000244140625
2019-09-19,629.4000244140625
2019-09-20,627.4000244140625
2019-09-23,626.0
2019-09-24,625.0
2019-09-25,621.0
2019-09-26,630.0
2019-09-27,630.7999877929688
2019-09-30,634.0
2019-10-01,620.0
2019-10-02,600.0
2019-10-03,605.0
2019-10-04,612.2000122070312
2019-10-07,616.5999755859375
2019-10-08,613.7999877929688
2019-10-09,623.5999755859375
2019-10-10,631.5999755859375
2019-10-11,639.4000244140625
2019-10-14,634.2000122070312
2019-10-15,638.0
2019-10-16,630.5999755859375
2019-10-17,635.0
2019-10-18,632.4000244140625
2019-10-21,629.5999755859375
2019-10-22,633.2000122070312
2019-10-23,625.5999755859375
2019-10-24,637.7999877929688
2019-10-25,653.2000122070312
2019-10-28,649.7999877929688
2019-10-29,646.5999755859375
2019-10-30,650.4000244140625
2019-10-31,645.0
2019-11-01,651.7999877929688
2019-11-04,652.7999877929688
2019-11-05,648.7999877929688
2019-11-06,648.0
2019-11-07,646.4000244140625
2019-11-08,648.5999755859375
2019-11-11,646.2000122070312
2019-11-12,641.7999877929688
2019-11-13,650.4000244140625
2019-11-14,655.5999755859375
2019-11-15,658.4000244140625
2019-11-18,656.5999755859375
2019-11-19,661.5999755859375
2019-11-20,663.7999877929688
2019-11-21,653.4000244140625
2019-11-22,655.7999877929688
2019-11-25,660.4000244140625
2019-11-26,665.4000244140625
2019-11-27,676.2000122070312
2019-11-28,679.5999755859375
2019-11-29,680.0
2019-12-02,665.0
2019-12-03,648.2000122070312
2019-12-04,652.0
2019-12-05,660.0
2019-12-06,665.7999877929688
2019-12-09,664.2000122070312
2019-12-10,667.2000122070312
2019-12-11,662.5999755859375
2019-12-12,662.4000244140625
2019-12-13,664.4000244140625
2019-12-16,668.5999755859375
2019-12-17,668.7999877929688
2019-12-18,669.5999755859375
2019-12-19,664.7999877929688
2019-12-20,671.7999877929688
2019-12-23,676.5999755859375
2019-12-24,678.0
2019-12-25,678.0
2019-12-27,677.4000244140625
2019-12-30,671.2000122070312
2019-12-31,666.2000122070312
2020-01-02,671.0
2020-01-03,675.4000244140625
2020-01-06,669.7999877929688
2020-01-07,678.2000122070312
2020-01-08,684.2000122070312
2020-01-09,687.0
2020-01-10,689.0
2020-01-13,689.5999755859375
2020-01-14,699.5999755859375
2020-01-15,708.5999755859375
2020-01-16,712.0
2020-01-17,725.5999755859375
2020-01-20,717.0
2020-01-21,709.2000122070312
2020-01-22,711.2000122070312
2020-01-23,704.2000122070312
2020-01-24,711.0
2020-01-27,680.4000244140625
2020-01-28,686.5999755859375
2020-01-29,690.0
2020-01-30,677.4000244140625
2020-01-31,676.5999755859375
2020-02-03,678.7999877929688
2020-02-04,692.0
2020-02-05,700.2000122070312
2020-02-06,693.0
2020-02-07,695.4000244140625
2020-02-10,696.0
2020-02-11,696.4000244140625
2020-02-12,709.4000244140625
2020-02-13,711.0
2020-02-14,705.0
2020-02-17,709.4000244140625
2020-02-18,700.0
2020-02-19,712.7999877929688
2020-02-20,699.7999877929688
2020-02-21,694.5999755859375
2020-02-24,670.4000244140625
2020-02-25,664.2000122070312
2020-02-26,666.0
2020-02-27,641.0
2020-02-28,630.0
2020-03-02,634.7999877929688
2020-03-03,642.7999877929688
2020-03-04,653.0
2020-03-05,646.5999755859375
2020-03-06,634.0
2020-03-09,605.5999755859375
2020-03-10,595.7999877929688
2020-03-11,594.5999755859375
2020-03-12,560.0
2020-03-13,572.7999877929688
2020-03-16,548.2000122070312
2020-03-17,558.5999755859375
2020-03-18,525.0
2020-03-19,560.0
2020-03-20,606.2000122070312
2020-03-23,603.4000244140625
2020-03-24,641.2000122070312
2020-03-25,656.2000122070312
2020-03-26,671.4000244140625
2020-03-27,645.0
2020-03-30,639.7999877929688
2020-03-31,628.7999877929688
2020-04-01,592.0
2020-04-02,598.5999755859375
2020-04-03,604.7999877929688
2020-04-06,604.7999877929688
2020-04-07,617.2000122070312
2020-04-08,636.0
2020-04-09,641.7999877929688
2020-04-14,672.7999877929688
2020-04-15,675.5999755859375
2020-04-16,668.5999755859375
2020-04-17,684.7999877929688
2020-04-20,694.7999877929688
2020-04-21,669.2000122070312
2020-04-22,672.5999755859375
2020-04-23,701.0
2020-04-24,674.4000244140625
2020-04-27,685.5999755859375
2020-04-28,676.7999877929688
2020-04-29,681.2000122070312
2020-04-30,667.7999877929688
2020-05-04,646.2000122070312
2020-05-05,665.7999877929688
2020-05-06,650.0
2020-05-07,672.2000122070312
2020-05-08,679.7999877929688
2020-05-11,661.4000244140625
2020-05-12,670.4000244140625
2020-05-13,673.5999755859375
2020-05-14,667.0
2020-05-15,665.2000122070312
2020-05-18,700.0
2020-05-19,690.0
2020-05-20,693.5999755859375
2020-05-21,691.0
2020-05-22,697.7999877929688
2020-05-25,700.2000122070312
2020-05-26,710.0
2020-05-27,712.0
2020-05-28,746.5999755859375
2020-05-29,747.7999877929688
2020-06-01,746.0
2020-06-02,754.5999755859375
2020-06-03,773.2000122070312
2020-06-04,774.0
2020-06-05,786.2000122070312
2020-06-08,770.0
2020-06-09,765.0
2020-06-10,767.0
2020-06-11,744.5999755859375
2020-06-12,738.4000244140625
2020-06-15,731.4000244140625
2020-06-16,746.4000244140625
2020-06-17,754.4000244140625
2020-06-18,749.0
2020-06-19,739.2000122070312
2020-06-22,742.7999877929688
2020-06-23,751.0
2020-06-24,726.7999877929688
2020-06-25,736.0
2020-06-26,737.7999877929688
2020-06-29,741.4000244140625
2020-06-30,743.7999877929688
2020-07-01,739.4000244140625
2020-07-02,763.4000244140625
2020-07-03,750.5999755859375
2020-07-06,770.5999755859375
2020-07-07,766.5999755859375
2020-07-08,767.5999755859375
2020-07-09,766.4000244140625
2020-07-10,770.0
2020-07-13,775.0
2020-07-14,753.4000244140625
2020-07-15,763.4000244140625
2020-07-16,747.0
2020-07-17,750.7999877929688
2020-07-20,759.2000122070312
2020-07-21,758.4000244140625
2020-07-22,749.0
2020-07-23,752.0
2020-07-24,741.5999755859375
2020-07-27,747.5999755859375
2020-07-28,731.2000122070312
2020-07-29,736.0
2020-07-30,711.0
2020-07-31,686.2000122070312
2020-08-03,690.5999755859375
2020-08-04,687.5999755859375
2020-08-05,692.0
2020-08-06,686.4000244140625
2020-08-07,692.7999877929688
2020-08-10,683.4000244140625
2020-08-11,691.2000122070312
2020-08-12,704.5999755859375
2020-08-13,708.5999755859375
2020-08-14,702.0
2020-08-17,701.2000122070312
2020-08-18,695.0
2020-08-19,693.5999755859375
2020-08-20,690.2000122070312
2020-08-21,699.0
2020-08-24,705.5999755859375
2020-08-25,708.7999877929688
2020-08-26,723.0
2020-08-27,719.7999877929688
2020-08-28,719.7999877929688
2020-08-31,719.4000244140625
2020-09-01,716.5999755859375
2020-09-02,739.4000244140625
2020-09-03,740.2000122070312
2020-09-04,738.2000122070312
2020-09-07,739.4000244140625
2020-09-08,732.2000122070312
2020-09-09,735.7999877929688
2020-09-10,733.2000122070312
2020-09-11,743.2000122070312
2020-09-14,739.7999877929688
2020-09-15,750.5999755859375
2020-09-16,758.5999755859375
2020-09-17,756.7999877929688
2020-09-18,744.0
2020-09-21,727.7999877929688
2020-09-22,722.0
2020-09-23,731.7999877929688
2020-09-24,728.0
2020-09-25,731.0
2020-09-28,733.4000244140625
2020-09-29,738.0
2020-09-30,736.2000122070312
2020-10-01,748.7999877929688
2020-10-02,746.4000244140625
2020-10-05,752.5999755859375
2020-10-06,748.5999755859375
2020-10-07,756.7999877929688
2020-10-08,755.7999877929688
2020-10-09,761.5999755859375
2020-10-12,775.0
2020-10-13,779.7999877929688
2020-10-14,775.0
2020-10-15,772.0
2020-10-16,790.0
2020-10-19,798.2000122070312
2020-10-20,805.7999877929688
2020-10-21,800.4000244140625
2020-10-22,813.5999755859375
2020-10-23,825.0
2020-10-26,826.2000122070312
2020-10-27,825.4000244140625
2020-10-28,798.2000122070312
2020-10-29,809.5999755859375
2020-10-30,799.0
2020-11-02,801.4000244140625
2020-11-03,810.0
2020-11-04,833.4000244140625
2020-11-05,845.4000244140625
2020-11-06,834.4000244140625
2020-11-09,838.5999755859375
2020-11-10,833.0
2020-11-11,851.5999755859375
2020-11-12,833.0
2020-11-13,835.0
2020-11-16,842.7999877929688
2020-11-17,843.0
2020-11-18,847.2000122070312
2020-11-19,848.4000244140625
2020-11-20,857.2000122070312
2020-11-23,835.7999877929688
2020-11-24,827.4000244140625
2020-11-25,827.4000244140625
2020-11-26,826.0
2020-11-27,823.4000244140625
2020-11-30,817.4000244140625
2020-12-01,822.4000244140625
2020-12-02,827.2000122070312
2020-12-03,839.7999877929688
2020-12-04,826.4000244140625
2020-12-07,831.7999877929688
2020-12-08,829.7999877929688
2020-12-09,830.2000122070312
2020-12-10,828.0
2020-12-11,835.0
2020-12-14,844.5999755859375
2020-12-15,853.5999755859375
2020-12-16,862.0
2020-12-17,862.0
2020-12-18,859.7999877929688
2020-12-21,853.0
2020-12-22,856.0
2020-12-23,851.5999755859375
2020-12-24,851.4000244140625
2020-12-28,869.2000122070312
2020-12-29,882.5999755859375
2020-12-30,884.0
2020-12-31,879.5999755859375
2021-01-04,884.4000244140625
2021-01-05,870.0
2021-01-06,868.0
2021-01-07,875.4000244140625
2021-01-08,887.4000244140625
2021-01-11,888.2000122070312
2021-01-12,884.5999755859375
2021-01-13,887.4000244140625
2021-01-14,897.0
2021-01-15,881.0
2021-01-18,887.5999755859375
2021-01-19,862.4000244140625
2021-01-20,868.2000122070312
2021-01-21,875.5999755859375
2021-01-22,875.5999755859375
2021-01-25,869.5999755859375
2021-01-26,870.0
2021-01-27,854.2000122070312
2021-01-28,861.5999755859375
2021-01-29,842.5999755859375
2021-02-01,854.2000122070312
2021-02-02,884.7999877929688
2021-02-03,890.5999755859375
2021-02-04,890.0
2021-02-05,900.5999755859375
2021-02-08,900.2000122070312
2021-02-09,915.5999755859376
2021-02-10,906.4000244140624
2021-02-11,919.0
2021-02-12,924.4000244140624
2021-02-15,930.4000244140624
2021-02-16,937.0
2021-02-17,930.4000244140624
2021-02-18,934.5999755859376
2021-02-19,963.5999755859376
2021-02-22,951.0
2021-02-23,943.2000122070312
2021-02-24,937.7999877929688
2021-02-25,935.4000244140624
2021-02-26,923.2000122070312
2021-03-01,928.7999877929688
2021-03-02,925.5999755859376
2021-03-03,928.0
2021-03-04,909.5999755859376
2021-03-05,890.0
2021-03-08,899.5999755859375
2021-03-09,909.2000122070312
2021-03-10,925.2000122070312
2021-03-11,954.2000122070312
2021-03-12,954.2000122070312
2021-03-15,963.0
2021-03-16,975.0
2021-03-17,981.7999877929688
2021-03-18,977.4000244140624
2021-03-19,947.2000122070312
2021-03-22,938.0
2021-03-23,940.4000244140624
2021-03-24,938.4000244140624
2021-03-25,941.2000122070312
2021-03-26,943.2000122070312
2021-03-29,943.4000244140624
2021-03-30,947.4000244140624
2021-03-31,944.0
2021-04-01,956.5999755859376
2021-04-06,964.4000244140624
2021-04-07,951.4000244140624
2021-04-08,980.5999755859376
2021-04-09,989.5999755859376
2021-04-12,985.4000244140624
2021-04-13,998.4000244140624
2021-04-14,1005.0
2021-04-15,1009.5
2021-04-16,1026.5
2021-04-19,1020.0
2021-04-20,1010.0
2021-04-21,1026.5
2021-04-22,1047.5
2021-04-23,1050.0
2021-04-26,1046.0
2021-04-27,1051.0
2021-04-28,1050.5
2021-04-29,1056.0
2021-04-30,1044.0
2021-05-03,1055.0
2021-05-04,1048.5
2021-05-05,1071.5
2021-05-06,1068.5
2021-05-07,1073.0
2021-05-10,1059.5
2021-05-11,1049.0
2021-05-12,1043.0
2021-05-13,1055.5
2021-05-14,1068.0
2021-05-17,1065.5
2021-05-18,1061.0
2021-05-19,1056.5
2021-05-20,1067.0
2021-05-21,1082.0
2021-05-24,1096.5
2021-05-25,1114.5
2021-05-26,1126.0
2021-05-27,1140.0
2021-05-28,1144.0
2021-05-31,1152.5
2021-06-01,1150.0
2021-06-02,1155.0
2021-06-03,1155.0
2021-06-04,1158.5
2021-06-07,1168.0
2021-06-08,1182.0
2021-06-09,1193.0
2021-06-10,1184.0
2021-06-11,1197.5
2021-06-14,1196.0
2021-06-15,1203.0
2021-06-16,1204.0
2021-06-17,1209.0
2021-06-18,1213.0
2021-06-21,1225.5
2021-06-22,1223.0
2021-06-23,1205.0
2021-06-24,1228.5
2021-06-25,1227.0
2021-06-28,1221.5
2021-06-29,1231.5
2021-06-30,1228.5
2021-07-01,1220.0
2021-07-02,1218.0
2021-07-05,1220.0
2021-07-06,1224.0
2021-07-07,1237.5
2021-07-08,1204.5
2021-07-09,1235.5
2021-07-12,1252.0
2021-07-13,1266.5
2021-07-14,1269.5
2021-07-15,1269.0
2021-07-16,1250.0
2021-07-19,1232.0
2021-07-20,1240.0
2021-07-21,1257.5
2021-07-22,1262.0
2021-07-23,1288.0
2021-07-26,1280.5
2021-07-27,1270.0
2021-07-28,1295.5
2021-07-29,1287.0
2021-07-30,1289.0
2021-08-02,1310.0
2021-08-03,1326.5
2021-08-04,1332.5
2021-08-05,1335.5
2021-08-06,1340.5
2021-08-09,1334.5
2021-08-10,1330.0
2021-08-11,1334.0
2021-08-12,1339.5
2021-08-13,1347.5
2021-08-16,1325.0
2021-08-17,1330.0
2021-08-18,1280.0
2021-08-19,1220.0
2021-08-20,1233.0
2021-08-23,1270.0
2021-08-24,1250.0
2021-08-25,1251.5
2021-08-26,1238.0
2021-08-27,1241.0
2021-08-30,1246.5
2021-08-31,1244.5
2021-09-01,1270.0
2021-09-02,1271.5
2021-09-03,1255.0
2021-09-06,1277.5
2021-09-07,1294.5
2021-09-08,1285.0
2021-09-09,1289.5
2021-09-10,1302.0
2021-09-13,1279.0
2021-09-14,1269.5
2021-09-15,1247.5
2021-09-16,1260.0
2021-09-17,1277.5
2021-09-20,1258.0
2021-09-21,1282.0
2021-09-22,1285.0
2021-09-23,1317.5
2021-09-24,1288.0
2021-09-27,1242.5
2021-09-28,1195.0
2021-09-29,1209.0
2021-09-30,1196.5
2021-10-01,1195.5
2021-10-04,1190.0
2021-10-05,1198.5
2021-10-06,1188.5
2021-10-07,1232.0
2021-10-08,1212.5
2021-10-11,1226.0
2021-10-12,1234.5
2021-10-13,1268.0
2021-10-14,1285.5
2021-10-15,1289.5
2021-10-18,1271.5
2021-10-19,1281.5
2021-10-20,1309.5
2021-10-21,1328.0
2021-10-22,1358.0
2021-10-25,1344.0
2021-10-26,1349.5
2021-10-27,1335.0
2021-10-28,1363.5
2021-10-29,1370.5
2021-11-01,1385.0
2021-11-02,1398.5
2021-11-03,1419.0
2021-11-04,1441.0
2021-11-05,1459.0
2021-11-08,1466.5
2021-11-09,1440.5
2021-11-10,1430.0
2021-11-11,1441.0
2021-11-12,1478.5
2021-11-15,1500.0
2021-11-16,1536.0
2021-11-17,1540.0
2021-11-18,1592.5
2021-11-19,1675.5
2021-11-22,1643.5
2021-11-23,1618.0
2021-11-24,1629.0
2021-11-25,1656.5
2021-11-26,1604.0
2021-11-29,1640.0
2021-11-30,1653.0
2021-12-01,1668.5
2021-12-02,1617.0
2021-12-03,1606.5
2021-12-06,1559.0
2021-12-07,1619.5
2021-12-08,1577.0
2021-12-09,1592.5
2021-12-10,1592.5
2021-12-13,1582.5
2021-12-14,1560.0
2021-12-15,1599.5
2021-12-16,1622.5
2021-12-17,1525.0
2021-12-20,1543.5
2021-12-21,1536.5
2021-12-22,1550.5
2021-12-23,1533.0
2021-12-24,1530.5
2021-12-27,1538.0
2021-12-28,1545.0
2021-12-29,1546.0
2021-12-30,1537.5
2021-12-31,1536.0
2022-01-03,1542.5
2022-01-04,1559.0
2022-01-05,1578.5
2022-01-06,1504.5
2022-01-07,1447.0
2022-01-10,1374.0
2022-01-11,1376.0
2022-01-12,1372.5
2022-01-13,1329.0
2022-01-14,1298.5
2022-01-17,1345.0
2022-01-18,1336.5
2022-01-19,1368.5
2022-01-20,1370.5
2022-01-21,1364.0
2022-01-24,1308.5
2022-01-25,1303.0
2022-01-26,1314.0
2022-01-27,1292.5
2022-01-28,1295.5
2022-01-31,1318.5
2022-02-01,1343.5
2022-02-02,1350.0
2022-02-03,1306.0
2022-02-04,1310.0
2022-02-07,1280.0
2022-02-08,1269.5
2022-02-09,1292.5
2022-02-10,1246.0
2022-02-11,1202.0
2022-02-14,1186.5
2022-02-15,1251.0
2022-02-16,1241.5
2022-02-17,1255.0
2022-02-18,1203.0
2022-02-21,1200.0
2022-02-22,1208.0
2022-02-23,1220.0
2022-02-24,1203.0
2022-02-25,1230.0
2022-02-28,1242.0
2022-03-01,1198.0
2022-03-02,1237.5
2022-03-03,1209.0
2022-03-04,1160.5
2022-03-07,1144.0
2022-03-08,1080.5
2022-03-09,1170.5
2022-03-10,1124.5
2022-03-11,1125.0
2022-03-14,1149.5
2022-03-15,1113.5
2022-03-16,1197.5
2022-03-17,1204.5
2022-03-18,1218.0
2022-03-21,1211.0
2022-03-22,1221.0
2022-03-23,1206.0
2022-03-24,1204.0
2022-03-25,1224.0
2022-03-28,1238.5
2022-03-29,1307.0
2022-03-30,1303.0
2022-03-31,1291.5
2022-04-01,1270.5
2022-04-04,1301.0
2022-04-05,1316.5
2022-04-06,1290.0
2022-04-07,1277.0
2022-04-08,1294.0
2022-04-11,1252.5
2022-04-12,1263.0
2022-04-13,1250.0
2022-04-14,1283.5
2022-04-19,1237.0
2022-04-20,1247.5
2022-04-21,1254.5
2022-04-22,1232.5
2022-04-25,1179.0
2022-04-26,1165.5
2022-04-27,1186.0
2022-04-28,1188.5
2022-04-29,1186.5
2022-05-02,1153.0
2022-05-03,1129.0
2022-05-04,1103.0
2022-05-05,1076.0
2022-05-06,1042.0
2022-05-09,1015.0
2022-05-10,1016.5
2022-05-11,1054.0
2022-05-12,1034.0
2022-05-13,1070.0
2022-05-16,1065.0
2022-05-17,1090.5
2022-05-18,1069.0
2022-05-19,1055.0
2022-05-20,1034.5
2022-05-23,1039.5
2022-05-24,1030.5
2022-05-25,1020.5
2022-05-26,1045.5
2022-05-27,1092.0
2022-05-30,1135.0
2022-05-31,1110.0
2022-06-01,1099.0
2022-06-02,1122.5
2022-06-03,1119.0
2022-06-06,1127.0
2022-06-07,1111.5
2022-06-08,1098.5
2022-06-09,1074.0
2022-06-10,1049.0
2022-06-13,1006.0
2022-06-14,980.7999877929688
2022-06-15,990.0
2022-06-16,970.2000122070312
2022-06-17,973.7999877929688
2022-06-20,985.7999877929688
2022-06-21,1002.5
2022-06-22,1014.0
2022-06-23,1035.0
2022-06-24,1067.5
2022-06-27,1062.5
2022-06-28,1068.0
2022-06-29,1076.0
2022-06-30,1067.0
2022-07-01,1065.5
2022-07-04,1065.0
2022-07-05,1060.0
2022-07-06,1113.5
2022-07-07,1085.5
2022-07-08,1070.0
2022-07-11,1075.0
2022-07-12,1107.5
2022-07-13,1102.0
2022-07-14,1095.5
2022-07-15,1123.0
2022-07-18,1139.5
2022-07-19,1173.5
2022-07-20,1175.5
2022-07-21,1196.0
2022-07-22,1205.0
2022-07-25,1209.0
2022-07-26,1192.0
2022-07-27,1203.5
2022-07-28,1241.0
2022-07-29,1334.0
2022-08-01,1347.5
2022-08-02,1330.0
2022-08-03,1342.5
2022-08-04,1383.0
2022-08-05,1348.0
2022-08-08,1356.5
2022-08-09,1338.5
2022-08-10,1370.0
2022-08-11,1379.5
2022-08-12,1378.0
2022-08-15,1388.0
2022-08-16,1389.5
2022-08-17,1393.5
2022-08-18,1407.5
2022-08-19,1396.5
2022-08-22,1378.0
2022-08-23,1363.5
2022-08-24,1394.0
2022-08-25,1388.0
2022-08-26,1336.5
2022-08-29,1320.5
2022-08-30,1313.0
2022-08-31,1282.5
2022-09-01,1250.0
2022-09-02,1271.0
2022-09-05,1255.0
2022-09-06,1271.5
2022-09-07,1275.0
2022-09-08,1284.0
2022-09-09,1309.0
2022-09-12,1317.5
2022-09-13,1298.5
2022-09-14,1295.5
2022-09-15,1245.5
2022-09-16,1226.5
2022-09-19,1242.0
2022-09-20,1244.5
2022-09-21,1270.5
2022-09-22,1208.0
2022-09-23,1171.5
2022-09-26,1174.0
2022-09-27,1184.5
2022-09-28,1212.5
2022-09-29,1207.5
2022-09-30,1217.0
2022-10-03,1228.0
2022-10-04,1303.0
2022-10-05,1296.5
2022-10-06,1297.0
2022-10-07,1265.0
2022-10-10,1248.5
2022-10-11,1261.0
2022-10-12,1284.0
2022-10-13,1254.5
2022-10-14,1274.5
2022-10-17,1307.5
2022-10-18,1313.0
2022-10-19,1305.0
2022-10-20,1325.5
2022-10-21,1304.0
2022-10-24,1292.0
2022-10-25,1354.5
2022-10-26,1367.0
2022-10-27,1344.0
2022-10-28,1320.0
2022-10-31,1310.5
2022-11-01,1350.0
2022-11-02,1342.5
2022-11-03,1308.5
2022-11-04,1357.0
2022-11-07,1348.0
2022-11-08,1367.0
2022-11-09,1354.5
2022-11-10,1434.0
2022-11-11,1468.0
2022-11-14,1448.5
2022-11-15,1455.0
2022-11-16,1442.5
2022-11-17,1453.5
2022-11-18,1470.0
2022-11-21,1477.5
2022-11-22,1463.5
2022-11-23,1487.0
2022-11-24,1487.0
2022-11-25,1478.5
2022-11-28,1496.0
2022-11-29,1484.0
2022-11-30,1542.5
2022-12-01,1532.5
2022-12-02,1520.5
2022-12-05,1509.5
2022-12-06,1517.5
2022-12-07,1516.5
2022-12-08,1517.5
2022-12-09,1528.5
2022-12-12,1536.0
2022-12-13,1562.0
2022-12-14,1578.0
2022-12-15,1499.0
2022-12-16,1486.5
2022-12-19,1478.5
2022-12-20,1466.0
2022-12-21,1495.5
2022-12-22,1464.5
2022-12-23,1443.0
2022-12-27,1472.5
2022-12-28,1462.5
2022-12-29,1485.0
2022-12-30,1445.0
2023-01-02,1473.0
2023-01-03,1490.0
2023-01-04,1553.0
2023-01-05,1548.5
2023-01-06,1591.5
2023-01-09,1611.0
2023-01-10,1606.5
2023-01-11,1620.5
2023-01-12,1615.5
2023-01-13,1651.0
2023-01-16,1629.0
2023-01-17,1658.0
2023-01-18,1662.0
2023-01-19,1614.5
2023-01-20,1628.0
2023-01-23,1643.0
2023-01-24,1650.5
2023-01-25,1658.0
2023-01-26,1696.5
2023-01-27,1697.5
2023-01-30,1706.0
2023-01-31,1714.5
2023-02-01,1695.5
2023-02-02,1740.5
2023-02-03,1778.0
2023-02-06,1742.5
2023-02-07,1714.0
2023-02-08,1690.0
2023-02-09,1700.0
2023-02-10,1675.0
2023-02-13,1711.5
2023-02-14,1712.5
2023-02-15,1732.0
2023-02-16,1741.0
2023-02-17,1747.0
2023-02-20,1714.0
2023-02-21,1704.0
2023-02-22,1720.5
2023-02-23,1722.5
2023-02-24,1677.5
2023-02-27,1715.5
2023-02-28,1715.5
2023-03-01,1711.0
2023-03-02,1728.0
2023-03-03,1735.5
2023-03-06,1741.5
2023-03-07,1751.0
2023-03-08,1730.0
2023-03-09,1728.0
2023-03-10,1720.0
2023-03-13,1691.0
2023-03-14,1734.5
2023-03-15,1686.0
2023-03-16,1765.0
2023-03-17,1730.0
2023-03-20,1760.0
2023-03-21,1754.0
2023-03-22,1774.0
2023-03-23,1801.0
2023-03-24,1787.0
2023-03-27,1806.0
2023-03-28,1798.5
2023-03-29,1818.5
2023-03-30,1841.0
2023-03-31,1864.0
2023-04-03,1861.0
2023-04-04,1894.0
2023-04-05,1909.199951171875
2023-04-06,1872.0
2023-04-11,1886.199951171875
2023-04-12,1887.4000244140625
2023-04-13,1945.4000244140625
2023-04-14,1975.0
2023-04-17,1937.800048828125
2023-04-18,1972.0
2023-04-19,1964.199951171875
2023-04-20,1996.199951171875
2023-04-21,2003.5
2023-04-24,2014.0
2023-04-25,1992.5999755859375
2023-04-26,1961.5999755859375
2023-04-27,1974.4000244140625
2023-04-28,1966.800048828125
2023-05-02,1953.5999755859375
2023-05-03,1994.199951171875
2023-05-04,1980.199951171875
2023-05-05,1993.800048828125
2023-05-08,2009.5
2023-05-09,1988.199951171875
2023-05-10,1959.800048828125
2023-05-11,1988.800048828125
2023-05-12,1975.4000244140625
2023-05-15,1979.199951171875
2023-05-16,1976.0
2023-05-17,1979.0
2023-05-18,1983.800048828125
2023-05-19,2002.5
2023-05-22,2022.5
2023-05-23,1890.199951171875
2023-05-24,1886.4000244140625
2023-05-25,1914.800048828125
2023-05-26,1959.199951171875
2023-05-29,1948.199951171875
2023-05-30,1953.4000244140625
2023-05-31,1901.800048828125
2023-06-01,1908.5999755859375
2023-06-02,1957.199951171875
2023-06-05,1918.800048828125
2023-06-06,1914.800048828125
2023-06-07,1891.4000244140625
2023-06-08,1903.199951171875
2023-06-09,1916.4000244140625
2023-06-12,1974.0
2023-06-13,1981.800048828125
2023-06-14,1973.0
2023-06-15,1950.199951171875
2023-06-16,1986.0
2023-06-19,1960.5999755859375
2023-06-20,1950.199951171875
2023-06-21,1921.800048828125
2023-06-22,1905.5999755859375
2023-06-23,1901.4000244140625
2023-06-26,1915.4000244140625
2023-06-27,1915.4000244140625
2023-06-28,1935.4000244140625
2023-06-29,1962.0
2023-06-30,1990.0
2023-07-03,1957.0
2023-07-04,1952.4000244140625
2023-07-05,1932.5999755859375
2023-07-06,1840.0
2023-07-07,1862.199951171875
2023-07-10,1876.5999755859375
2023-07-11,1914.199951171875
2023-07-12,1948.5999755859375
2023-07-13,1964.800048828125
2023-07-14,1996.199951171875
2023-07-17,1912.199951171875
2023-07-18,1885.800048828125
2023-07-19,1882.199951171875
2023-07-20,1879.5999755859375
2023-07-21,1915.0
2023-07-24,1897.4000244140625
2023-07-25,1897.0
2023-07-26,1852.4000244140625
2023-07-27,1935.199951171875
2023-07-28,2011.5
2023-07-31,2016.5
2023-08-01,1977.4000244140625
2023-08-02,1951.0
2023-08-03,1923.199951171875
2023-08-04,1927.0
2023-08-07,1916.0
2023-08-08,1897.0
2023-08-09,1899.4000244140625
2023-08-10,1960.199951171875
2023-08-11,1924.800048828125
2023-08-14,1928.4000244140625
2023-08-15,1909.800048828125
2023-08-16,1927.199951171875
2023-08-17,1875.0
2023-08-18,1862.5999755859375
2023-08-21,1874.0
2023-08-22,1885.199951171875
2023-08-23,1902.800048828125
2023-08-24,1878.4000244140625
2023-08-25,1883.199951171875
2023-08-28,1917.5999755859375
2023-08-29,1937.800048828125
2023-08-30,1931.4000244140625
2023-08-31,1900.800048828125
2023-09-01,1885.800048828125
2023-09-04,1882.4000244140625
2023-09-05,1868.199951171875
2023-09-06,1833.4000244140625
2023-09-07,1834.4000244140625
2023-09-08,1849.4000244140625
2023-09-11,1855.5999755859375
2023-09-12,1836.199951171875
2023-09-13,1836.199951171875
2023-09-14,1876.0
2023-09-15,1903.5999755859375
2023-09-18,1874.4000244140625
2023-09-19,1845.5999755859375
2023-09-20,1876.4000244140625
2023-09-21,1766.5999755859375
2023-09-22,1793.0
2023-09-25,1732.800048828125
2023-09-26,1707.0
2023-09-27,1696.5999755859375
2023-09-28,1719.800048828125
2023-09-29,1729.800048828125
2023-10-02,1725.800048828125
2023-10-03,1705.5999755859375
2023-10-04,1731.0
2023-10-05,1731.800048828125
2023-10-06,1756.4000244140625
2023-10-09,1727.800048828125
2023-10-10,1777.5999755859375
2023-10-11,1751.0
2023-10-12,1725.800048828125
2023-10-13,1705.800048828125
2023-10-16,1703.800048828125
2023-10-17,1689.0
2023-10-18,1686.0
2023-10-19,1680.0
2023-10-20,1654.199951171875
2023-10-23,1681.199951171875
2023-10-24,1728.0
2023-10-25,1776.4000244140625
2023-10-26,1738.800048828125
2023-10-27,1748.800048828125
2023-10-30,1752.4000244140625
2023-10-31,1759.5999755859375
2023-11-01,1773.800048828125
2023-11-02,1819.199951171875
2023-11-03,1814.5999755859375
2023-11-06,1812.4000244140625
2023-11-07,1814.5999755859375
2023-11-08,1851.0
2023-11-09,1874.5999755859375
2023-11-10,1845.4000244140625
2023-11-13,1858.0
2023-11-14,1910.4000244140625
2023-11-15,1931.0
2023-11-16,1923.0
2023-11-17,1924.5999755859375
2023-11-20,1941.5999755859375
2023-11-21,1950.199951171875
2023-11-22,1974.0
2023-11-23,1959.800048828125
2023-11-24,1951.199951171875
2023-11-27,1951.0
2023-11-28,1911.800048828125
2023-11-29,1897.0
2023-11-30,1904.199951171875
2023-12-01,1915.199951171875
2023-12-04,1917.4000244140625
2023-12-05,1933.199951171875
2023-12-06,1957.199951171875
2023-12-07,1953.4000244140625
2023-12-08,1982.4000244140625
2023-12-11,1997.800048828125
2023-12-12,2009.5
2023-12-13,2027.0
2023-12-14,2017.0
2023-12-15,2023.5
2023-12-18,1996.800048828125
2023-12-19,1996.5999755859375
2023-12-20,1999.0
2023-12-21,1992.199951171875
2023-12-22,1941.199951171875
2023-12-27,1929.5999755859375
2023-12-28,1910.800048828125
2023-12-29,1918.800048828125
2024-01-02,1897.4000244140625
2024-01-03,1861.199951171875
2024-01-04,1850.5999755859375
2024-01-05,1819.800048828125
2024-01-08,1836.199951171875
2024-01-09,1826.199951171875
2024-01-10,1854.0
2024-01-11,1836.5999755859375
2024-01-12,1836.800048828125
2024-01-15,1833.4000244140625
2024-01-16,1825.4000244140625
2024-01-17,1810.0
2024-01-18,1841.800048828125
2024-01-19,1832.800048828125
2024-01-22,1836.0
2024-01-23,1809.4000244140625
2024-01-24,1831.800048828125
2024-01-25,1844.0
2024-01-26,1966.199951171875
2024-01-29,1966.5999755859375
2024-01-30,1968.5999755859375
2024-01-31,1957.800048828125
2024-02-01,1982.0
2024-02-02,2023.0
2024-02-05,2025.5
2024-02-06,2017.5
2024-02-07,2038.0
2024-02-08,2075.0
2024-02-09,2174.5
2024-02-12,2185.5
2024-02-13,2131.5
2024-02-14,2144.5
2024-02-15,2188.0
2024-02-16,2199.0
2024-02-19,2212.5
2024-02-20,2219.5
2024-02-21,2228.5
2024-02-22,2270.0
2024-02-23,2301.0
2024-02-26,2294.5
2024-02-27,2297.0
2024-02-28,2316.5
2024-02-29,2313.0
2024-03-01,2308.0
2024-03-04,2300.0
2024-03-05,2266.5
2024-03-06,2271.5
2024-03-07,2315.0
2024-03-08,2313.0
2024-03-11,2304.5
2024-03-12,2331.5
2024-03-13,2357.5
2024-03-14,2392.5
2024-03-15,2390.0
2024-03-18,2377.5
2024-03-19,2404.5
2024-03-20,2405.0
2024-03-21,2410.5
2024-03-22,2386.0
2024-03-25,2403.0
2024-03-26,2387.0
2024-03-27,2388.0
2024-03-28,2366.0
2024-04-02,2361.0
2024-04-03,2395.0
2024-04-04,2384.0
2024-04-05,2345.0
2024-04-08,2339.0
2024-04-09,2282.0
2024-04-10,2281.0
2024-04-11,2292.0
2024-04-12,2270.0
2024-04-15,2303.0
2024-04-16,2289.0
2024-04-17,2342.0
2024-04-18,2325.0
2024-04-19,2320.0
2024-04-22,2310.0
2024-04-23,2355.0
2024-04-24,2353.0
2024-04-25,2297.0
2024-04-26,2350.0
2024-04-29,2298.0
2024-04-30,2251.0
2024-05-02,2240.0
2024-05-03,2285.0
2024-05-06,2274.0
2024-05-07,2294.0
2024-05-08,2305.0
2024-05-09,2303.0
2024-05-10,2296.0
2024-05-13,2285.0
2024-05-14,2300.0
2024-05-15,2286.0
2024-05-16,2283.0
2024-05-17,2295.0
2024-05-20,2301.0
2024-05-21,2281.0
2024-05-22,2184.0
2024-05-23,2188.0
2024-05-24,2180.0
2024-05-27,2200.0
2024-05-28,2180.0
2024-05-29,2148.0
2024-05-30,2171.0
2024-05-31,2176.0
2024-06-03,2170.0
2024-06-04,2163.0
2024-06-05,2217.0
2024-06-06,2210.0
2024-06-07,2201.0
2024-06-10,2139.0
2024-06-11,2130.0
2024-06-12,2156.0
2024-06-13,2168.0
2024-06-14,2112.0
2024-06-17,2125.0
2024-06-18,2119.0
2024-06-19,2127.0
2024-06-20,2170.0
2024-06-21,2161.0
2024-06-24,2178.0
2024-06-25,2209.0
2024-06-26,2201.0
2024-06-27,2173.0
2024-06-28,2140.0
