Date,SAP_Close
2014-06-30,77.0
2014-07-01,77.4000015258789
2014-07-02,77.5
2014-07-03,78.25
2014-07-07,78.97000122070312
2014-07-08,77.93000030517578
2014-07-09,78.51000213623047
2014-07-10,77.79000091552734
2014-07-11,77.79000091552734
2014-07-14,79.06999969482422
2014-07-15,78.12000274658203
2014-07-16,79.63999938964844
2014-07-17,80.68000030517578
2014-07-18,81.33000183105469
2014-07-21,81.2300033569336
2014-07-22,81.73999786376953
2014-07-23,82.30000305175781
2014-07-24,81.80000305175781
2014-07-25,80.68000030517578
2014-07-28,80.4800033569336
2014-07-29,80.30999755859375
2014-07-30,80.30999755859375
2014-07-31,78.48999786376953
2014-08-01,77.41000366210938
2014-08-04,77.12999725341797
2014-08-05,77.30000305175781
2014-08-06,77.05000305175781
2014-08-07,76.58000183105469
2014-08-08,76.87999725341797
2014-08-11,77.63999938964844
2014-08-12,77.08999633789062
2014-08-13,77.05999755859375
2014-08-14,77.08000183105469
2014-08-15,76.31999969482422
2014-08-18,77.27999877929688
2014-08-19,77.94999694824219
2014-08-20,77.4000015258789
2014-08-21,77.95999908447266
2014-08-22,77.2300033569336
2014-08-25,78.47000122070312
2014-08-26,78.80999755859375
2014-08-27,79.19000244140625
2014-08-28,77.87999725341797
2014-08-29,77.93000030517578
2014-09-02,78.54000091552734
2014-09-03,77.7300033569336
2014-09-04,77.4000015258789
2014-09-05,77.94000244140625
2014-09-08,78.25
2014-09-09,77.61000061035156
2014-09-10,77.76000213623047
2014-09-11,77.63999938964844
2014-09-12,77.43000030517578
2014-09-15,77.62999725341797
2014-09-16,77.3499984741211
2014-09-17,76.5199966430664
2014-09-18,77.3499984741211
2014-09-19,73.97000122070312
2014-09-22,74.51000213623047
2014-09-23,73.66000366210938
2014-09-24,73.88999938964844
2014-09-25,72.36000061035156
2014-09-26,73.1500015258789
2014-09-29,72.44999694824219
2014-09-30,72.16000366210938
2014-10-01,71.26000213623047
2014-10-02,71.41000366210938
2014-10-03,71.08000183105469
2014-10-06,71.30999755859375
2014-10-07,70.41000366210938
2014-10-08,69.20999908447266
2014-10-09,68.91999816894531
2014-10-10,68.77999877929688
2014-10-13,68.25
2014-10-14,68.61000061035156
2014-10-15,68.04000091552734
2014-10-16,66.44999694824219
2014-10-17,68.98999786376953
2014-10-20,65.68000030517578
2014-10-21,66.06999969482422
2014-10-22,64.13999938964844
2014-10-23,66.16000366210938
2014-10-24,65.68000030517578
2014-10-27,65.41000366210938
2014-10-28,66.9800033569336
2014-10-29,66.16999816894531
2014-10-30,66.31999969482422
2014-10-31,68.12999725341797
2014-11-03,67.16999816894531
2014-11-04,66.91999816894531
2014-11-05,67.22000122070312
2014-11-06,67.48999786376953
2014-11-07,66.8499984741211
2014-11-10,67.27999877929688
2014-11-11,67.31999969482422
2014-11-12,66.44999694824219
2014-11-13,66.62999725341797
2014-11-14,66.87999725341797
2014-11-17,67.5199966430664
2014-11-18,68.5999984741211
2014-11-19,68.72000122070312
2014-11-20,68.62000274658203
2014-11-21,69.36000061035156
2014-11-24,70.36000061035156
2014-11-25,70.80000305175781
2014-11-26,71.12000274658203
2014-11-28,70.31999969482422
2014-12-01,70.8499984741211
2014-12-02,70.3499984741211
2014-12-03,69.69999694824219
2014-12-04,69.16999816894531
2014-12-05,69.75
2014-12-08,69.80000305175781
2014-12-09,69.88999938964844
2014-12-10,68.73999786376953
2014-12-11,70.22000122070312
2014-12-12,68.5
2014-12-15,67.19999694824219
2014-12-16,67.54000091552734
2014-12-17,68.4000015258789
2014-12-18,70.4000015258789
2014-12-19,70.44000244140625
2014-12-22,70.69000244140625
2014-12-23,70.9000015258789
2014-12-24,71.47000122070312
2014-12-26,71.69999694824219
2014-12-29,71.31999969482422
2014-12-30,70.4000015258789
2014-12-31,69.6500015258789
2015-01-02,70.04000091552734
2015-01-05,67.19999694824219
2015-01-06,65.68000030517578
2015-01-07,65.08999633789062
2015-01-08,66.12999725341797
2015-01-09,65.02999877929688
2015-01-12,67.69999694824219
2015-01-13,66.88999938964844
2015-01-14,66.97000122070312
2015-01-15,66.87999725341797
2015-01-16,67.11000061035156
2015-01-20,63.560001373291016
2015-01-21,64.08000183105469
2015-01-22,64.3499984741211
2015-01-23,64.5199966430664
2015-01-26,66.0999984741211
2015-01-27,65.5
2015-01-28,64.19000244140625
2015-01-29,65.81999969482422
2015-01-30,65.36000061035156
2015-02-02,66.94999694824219
2015-02-03,68.37999725341797
2015-02-04,67.38999938964844
2015-02-05,68.70999908447266
2015-02-06,66.66999816894531
2015-02-09,66.30999755859375
2015-02-10,67.33000183105469
2015-02-11,66.83999633789062
2015-02-12,69.08999633789062
2015-02-13,69.08999633789062
2015-02-17,69.08000183105469
2015-02-18,68.95999908447266
2015-02-19,68.87999725341797
2015-02-20,69.62999725341797
2015-02-23,69.68000030517578
2015-02-24,69.87000274658203
2015-02-25,70.18000030517578
2015-02-26,69.8499984741211
2015-02-27,70.19000244140625
2015-03-02,71.11000061035156
2015-03-03,70.41000366210938
2015-03-04,69.87999725341797
2015-03-05,69.9800033569336
2015-03-06,68.4800033569336
2015-03-09,68.4800033569336
2015-03-10,66.91000366210938
2015-03-11,67.19000244140625
2015-03-12,68.08999633789062
2015-03-13,68.08000183105469
2015-03-16,69.4800033569336
2015-03-17,69.01000213623047
2015-03-18,70.97000122070312
2015-03-19,70.30999755859375
2015-03-20,72.76000213623047
2015-03-23,73.19999694824219
2015-03-24,73.52999877929688
2015-03-25,72.11000061035156
2015-03-26,71.75
2015-03-27,72.54000091552734
2015-03-30,72.72000122070312
2015-03-31,72.16999816894531
2015-04-01,72.41000366210938
2015-04-02,72.76000213623047
2015-04-06,73.33000183105469
2015-04-07,72.94999694824219
2015-04-08,72.93000030517578
2015-04-09,72.9800033569336
2015-04-10,73.18000030517578
2015-04-13,72.80000305175781
2015-04-14,73.36000061035156
2015-04-15,73.36000061035156
2015-04-16,72.9000015258789
2015-04-17,71.7300033569336
2015-04-20,72.31999969482422
2015-04-21,74.13999938964844
2015-04-22,74.43000030517578
2015-04-23,74.81999969482422
2015-04-24,75.18000030517578
2015-04-27,76.38999938964844
2015-04-28,76.54000091552734
2015-04-29,76.22000122070312
2015-04-30,75.69000244140625
2015-05-01,76.4000015258789
2015-05-04,76.20999908447266
2015-05-05,74.47000122070312
2015-05-06,74.72000122070312
2015-05-07,75.30999755859375
2015-05-08,76.01000213623047
2015-05-11,75.48999786376953
2015-05-12,75.2699966430664
2015-05-13,75.72000122070312
2015-05-14,77.2699966430664
2015-05-15,76.83000183105469
2015-05-18,75.62999725341797
2015-05-19,75.5999984741211
2015-05-20,75.69999694824219
2015-05-21,75.80000305175781
2015-05-22,74.70999908447266
2015-05-26,73.5
2015-05-27,74.19000244140625
2015-05-28,74.26000213623047
2015-05-29,73.9000015258789
2015-06-01,73.86000061035156
2015-06-02,74.68000030517578
2015-06-03,75.66000366210938
2015-06-04,74.83999633789062
2015-06-05,73.63999938964844
2015-06-08,73.41999816894531
2015-06-09,72.7300033569336
2015-06-10,74.08999633789062
2015-06-11,74.19999694824219
2015-06-12,73.55000305175781
2015-06-15,72.47000122070312
2015-06-16,72.95999908447266
2015-06-17,72.88999938964844
2015-06-18,73.26000213623047
2015-06-19,72.66000366210938
2015-06-22,74.80999755859375
2015-06-23,74.4800033569336
2015-06-24,73.51000213623047
2015-06-25,73.5
2015-06-26,72.97000122070312
2015-06-29,70.68000030517578
2015-06-30,70.2300033569336
2015-07-01,70.37000274658203
2015-07-02,69.95999908447266
2015-07-06,68.26000213623047
2015-07-07,68.83999633789062
2015-07-08,68.4800033569336
2015-07-09,69.80999755859375
2015-07-10,72.2699966430664
2015-07-13,72.5999984741211
2015-07-14,73.20999908447266
2015-07-15,74.1500015258789
2015-07-16,74.5999984741211
2015-07-17,74.16999816894531
2015-07-20,74.45999908447266
2015-07-21,72.80000305175781
2015-07-22,72.55999755859375
2015-07-23,73.41999816894531
2015-07-24,72.43000030517578
2015-07-27,71.69000244140625
2015-07-28,72.26000213623047
2015-07-29,72.08999633789062
2015-07-30,71.63999938964844
2015-07-31,71.66999816894531
2015-08-03,71.62000274658203
2015-08-04,71.91999816894531
2015-08-05,72.3499984741211
2015-08-06,72.26000213623047
2015-08-07,72.0
2015-08-10,73.08000183105469
2015-08-11,71.62000274658203
2015-08-12,71.58000183105469
2015-08-13,70.68000030517578
2015-08-14,70.62000274658203
2015-08-17,70.16000366210938
2015-08-18,69.76000213623047
2015-08-19,70.16999816894531
2015-08-20,68.0999984741211
2015-08-21,67.70999908447266
2015-08-24,65.47000122070312
2015-08-25,66.4800033569336
2015-08-26,66.80000305175781
2015-08-27,67.95999908447266
2015-08-28,67.45999908447266
2015-08-31,67.26000213623047
2015-09-01,65.58999633789062
2015-09-02,66.12999725341797
2015-09-03,66.56999969482422
2015-09-04,64.7300033569336
2015-09-08,66.3499984741211
2015-09-09,65.05999755859375
2015-09-10,65.9800033569336
2015-09-11,66.05999755859375
2015-09-14,65.80000305175781
2015-09-15,66.88999938964844
2015-09-16,66.97000122070312
2015-09-17,67.06999969482422
2015-09-18,64.95999908447266
2015-09-21,65.08999633789062
2015-09-22,63.400001525878906
2015-09-23,63.47999954223633
2015-09-24,63.380001068115234
2015-09-25,63.849998474121094
2015-09-28,63.369998931884766
2015-09-29,63.959999084472656
2015-09-30,64.79000091552734
2015-10-01,64.16000366210938
2015-10-02,65.80000305175781
2015-10-05,66.66999816894531
2015-10-06,67.31999969482422
2015-10-07,67.38999938964844
2015-10-08,67.55999755859375
2015-10-09,68.37999725341797
2015-10-12,68.44999694824219
2015-10-13,72.30000305175781
2015-10-14,72.77999877929688
2015-10-15,74.0999984741211
2015-10-16,75.33999633789062
2015-10-19,74.76000213623047
2015-10-20,75.45999908447266
2015-10-21,76.16999816894531
2015-10-22,77.0199966430664
2015-10-23,77.31999969482422
2015-10-26,77.37999725341797
2015-10-27,77.04000091552734
2015-10-28,78.02999877929688
2015-10-29,78.12000274658203
2015-10-30,78.70999908447266
2015-11-02,79.83999633789062
2015-11-03,80.22000122070312
2015-11-04,79.12999725341797
2015-11-05,79.94999694824219
2015-11-06,78.79000091552734
2015-11-09,78.83999633789062
2015-11-10,78.30000305175781
2015-11-11,79.33999633789062
2015-11-12,79.13999938964844
2015-11-13,77.95999908447266
2015-11-16,78.02999877929688
2015-11-17,78.13999938964844
2015-11-18,79.38999938964844
2015-11-19,80.16000366210938
2015-11-20,79.7699966430664
2015-11-23,79.0999984741211
2015-11-24,78.63999938964844
2015-11-25,79.0
2015-11-27,79.05000305175781
2015-11-30,79.0
2015-12-01,79.72000122070312
2015-12-02,79.12999725341797
2015-12-03,78.48999786376953
2015-12-04,78.9800033569336
2015-12-07,79.2699966430664
2015-12-08,78.88999938964844
2015-12-09,78.2699966430664
2015-12-10,78.37000274658203
2015-12-11,77.20999908447266
2015-12-14,77.4800033569336
2015-12-15,78.26000213623047
2015-12-16,78.4800033569336
2015-12-17,78.41000366210938
2015-12-18,78.12000274658203
2015-12-21,78.68000030517578
2015-12-22,79.0999984741211
2015-12-23,79.80999755859375
2015-12-24,80.05000305175781
2015-12-28,80.30999755859375
2015-12-29,80.91000366210938
2015-12-30,80.1500015258789
2015-12-31,79.0999984741211
2016-01-04,77.13999938964844
2016-01-05,76.97000122070312
2016-01-06,77.6500015258789
2016-01-07,77.20999908447266
2016-01-08,76.9000015258789
2016-01-11,78.55999755859375
2016-01-12,80.36000061035156
2016-01-13,78.43000030517578
2016-01-14,79.72000122070312
2016-01-15,76.9000015258789
2016-01-19,78.33999633789062
2016-01-20,77.47000122070312
2016-01-21,77.98999786376953
2016-01-22,78.2699966430664
2016-01-25,78.30999755859375
2016-01-26,78.94000244140625
2016-01-27,78.88999938964844
2016-01-28,77.69999694824219
2016-01-29,79.80000305175781
2016-02-01,79.69999694824219
2016-02-02,77.70999908447266
2016-02-03,79.06999969482422
2016-02-04,78.2300033569336
2016-02-05,75.4000015258789
2016-02-08,74.30999755859375
2016-02-09,74.87999725341797
2016-02-10,74.94999694824219
2016-02-11,74.29000091552734
2016-02-12,73.68000030517578
2016-02-16,75.73999786376953
2016-02-17,76.7699966430664
2016-02-18,76.75
2016-02-19,77.62999725341797
2016-02-22,77.5999984741211
2016-02-23,76.77999877929688
2016-02-24,76.02999877929688
2016-02-25,78.08000183105469
2016-02-26,76.41999816894531
2016-02-29,75.33999633789062
2016-03-01,77.91000366210938
2016-03-02,77.70999908447266
2016-03-03,76.66999816894531
2016-03-04,76.94000244140625
2016-03-07,76.45999908447266
2016-03-08,76.33999633789062
2016-03-09,77.0199966430664
2016-03-10,76.86000061035156
2016-03-11,78.6500015258789
2016-03-14,78.76000213623047
2016-03-15,79.31999969482422
2016-03-16,80.06999969482422
2016-03-17,79.87999725341797
2016-03-18,79.91000366210938
2016-03-21,79.62000274658203
2016-03-22,79.55999755859375
2016-03-23,79.48999786376953
2016-03-24,79.44000244140625
2016-03-28,80.2300033569336
2016-03-29,80.19999694824219
2016-03-30,80.69000244140625
2016-03-31,80.41999816894531
2016-04-01,79.7300033569336
2016-04-04,79.54000091552734
2016-04-05,77.8499984741211
2016-04-06,79.19000244140625
2016-04-07,77.2699966430664
2016-04-08,76.70999908447266
2016-04-11,76.9000015258789
2016-04-12,78.58000183105469
2016-04-13,78.33000183105469
2016-04-14,79.02999877929688
2016-04-15,78.51000213623047
2016-04-18,79.33999633789062
2016-04-19,80.62999725341797
2016-04-20,80.55000305175781
2016-04-21,80.12000274658203
2016-04-22,80.19999694824219
2016-04-25,79.94999694824219
2016-04-26,79.5
2016-04-27,81.0199966430664
2016-04-28,79.37000274658203
2016-04-29,78.62000274658203
2016-05-02,79.75
2016-05-03,78.5199966430664
2016-05-04,77.47000122070312
2016-05-05,77.06999969482422
2016-05-06,77.33000183105469
2016-05-09,78.30999755859375
2016-05-10,77.58999633789062
2016-05-11,76.86000061035156
2016-05-12,77.25
2016-05-13,77.02999877929688
2016-05-16,77.83000183105469
2016-05-17,76.95999908447266
2016-05-18,77.5199966430664
2016-05-19,76.80000305175781
2016-05-20,77.72000122070312
2016-05-23,77.94999694824219
2016-05-24,79.55000305175781
2016-05-25,80.51000213623047
2016-05-26,81.20999908447266
2016-05-27,81.0
2016-05-31,81.06999969482422
2016-06-01,81.20999908447266
2016-06-02,80.91999816894531
2016-06-03,81.16999816894531
2016-06-06,81.33000183105469
2016-06-07,81.9000015258789
2016-06-08,81.5199966430664
2016-06-09,80.73999786376953
2016-06-10,78.44000244140625
2016-06-13,76.79000091552734
2016-06-14,76.11000061035156
2016-06-15,75.83000183105469
2016-06-16,76.19999694824219
2016-06-17,76.9000015258789
2016-06-20,78.08999633789062
2016-06-21,79.41999816894531
2016-06-22,78.83000183105469
2016-06-23,81.06999969482422
2016-06-24,73.94000244140625
2016-06-27,72.0199966430664
2016-06-28,73.8499984741211
2016-06-29,75.0999984741211
2016-06-30,75.0199966430664
2016-07-01,74.97000122070312
2016-07-05,74.16000366210938
2016-07-06,74.70999908447266
2016-07-07,74.58999633789062
2016-07-08,76.5999984741211
2016-07-11,78.0199966430664
2016-07-12,78.30999755859375
2016-07-13,78.08999633789062
2016-07-14,79.20999908447266
2016-07-15,78.97000122070312
2016-07-18,79.58999633789062
2016-07-19,79.31999969482422
2016-07-20,83.70999908447266
2016-07-21,84.19999694824219
2016-07-22,84.44999694824219
2016-07-25,84.69000244140625
2016-07-26,85.33000183105469
2016-07-27,86.1500015258789
2016-07-28,86.54000091552734
2016-07-29,87.38999938964844
2016-08-01,87.27999877929688
2016-08-02,86.52999877929688
2016-08-03,86.1500015258789
2016-08-04,85.97000122070312
2016-08-05,86.20999908447266
2016-08-08,85.87000274658203
2016-08-09,87.27999877929688
2016-08-10,87.66999816894531
2016-08-11,87.72000122070312
2016-08-12,87.52999877929688
2016-08-15,88.0
2016-08-16,87.73999786376953
2016-08-17,87.86000061035156
2016-08-18,88.05000305175781
2016-08-19,88.18000030517578
2016-08-22,87.55999755859375
2016-08-23,87.77999877929688
2016-08-24,87.36000061035156
2016-08-25,87.38999938964844
2016-08-26,87.2699966430664
2016-08-29,87.19999694824219
2016-08-30,88.73999786376953
2016-08-31,87.97000122070312
2016-09-01,88.47000122070312
2016-09-02,89.63999938964844
2016-09-06,90.4000015258789
2016-09-07,90.81999969482422
2016-09-08,89.54000091552734
2016-09-09,87.63999938964844
2016-09-12,88.76000213623047
2016-09-13,88.1500015258789
2016-09-14,88.31999969482422
2016-09-15,88.66999816894531
2016-09-16,86.86000061035156
2016-09-19,88.08999633789062
2016-09-20,89.04000091552734
2016-09-21,90.31999969482422
2016-09-22,92.36000061035156
2016-09-23,91.54000091552734
2016-09-26,90.73999786376952
2016-09-27,91.05999755859376
2016-09-28,92.08000183105467
2016-09-29,89.54000091552734
2016-09-30,91.41000366210938
2016-10-03,90.88999938964844
2016-10-04,90.56999969482422
2016-10-05,90.95999908447266
2016-10-06,90.93000030517578
2016-10-07,89.56999969482422
2016-10-10,90.08999633789062
2016-10-11,88.61000061035156
2016-10-12,87.22000122070312
2016-10-13,87.23999786376953
2016-10-14,86.12999725341797
2016-10-17,86.3499984741211
2016-10-18,87.66000366210938
2016-10-19,86.95999908447266
2016-10-20,87.27999877929688
2016-10-21,88.81999969482422
2016-10-24,88.33000183105469
2016-10-25,88.30999755859375
2016-10-26,87.76000213623047
2016-10-27,87.66000366210938
2016-10-28,87.88999938964844
2016-10-31,87.83999633789062
2016-11-01,86.30000305175781
2016-11-02,86.05000305175781
2016-11-03,84.70999908447266
2016-11-04,85.3499984741211
2016-11-07,86.70999908447266
2016-11-08,86.45999908447266
2016-11-09,85.97000122070312
2016-11-10,84.3499984741211
2016-11-11,83.12000274658203
2016-11-14,81.61000061035156
2016-11-15,81.83999633789062
2016-11-16,82.23999786376953
2016-11-17,82.45999908447266
2016-11-18,83.22000122070312
2016-11-21,84.25
2016-11-22,85.4000015258789
2016-11-23,84.13999938964844
2016-11-25,85.61000061035156
2016-11-28,84.55999755859375
2016-11-29,84.5199966430664
2016-11-30,83.22000122070312
2016-12-01,81.91000366210938
2016-12-02,81.91999816894531
2016-12-05,83.12999725341797
2016-12-06,82.98999786376953
2016-12-07,84.73999786376953
2016-12-08,84.23999786376953
2016-12-09,84.43000030517578
2016-12-12,84.45999908447266
2016-12-13,85.44000244140625
2016-12-14,84.91000366210938
2016-12-15,84.68000030517578
2016-12-16,85.01000213623047
2016-12-19,85.2699966430664
2016-12-20,86.05000305175781
2016-12-21,85.94999694824219
2016-12-22,85.70999908447266
2016-12-23,85.69000244140625
2016-12-27,85.80000305175781
2016-12-28,85.68000030517578
2016-12-29,86.51000213623047
2016-12-30,86.43000030517578
2017-01-03,86.30000305175781
2017-01-04,86.66000366210938
2017-01-05,87.8499984741211
2017-01-06,88.47000122070312
2017-01-09,89.36000061035156
2017-01-10,88.62999725341797
2017-01-11,88.79000091552734
2017-01-12,89.38999938964844
2017-01-13,89.44000244140625
2017-01-17,89.63999938964844
2017-01-18,89.3499984741211
2017-01-19,89.2300033569336
2017-01-20,89.4000015258789
2017-01-23,89.30000305175781
2017-01-24,89.62999725341797
2017-01-25,91.22000122070312
2017-01-26,90.81999969482422
2017-01-27,91.12000274658205
2017-01-30,91.33000183105467
2017-01-31,91.51000213623048
2017-02-01,90.70999908447266
2017-02-02,91.87000274658205
2017-02-03,92.5199966430664
2017-02-06,91.25
2017-02-07,91.95999908447266
2017-02-08,91.79000091552734
2017-02-09,91.70999908447266
2017-02-10,91.7300033569336
2017-02-13,92.52999877929688
2017-02-14,92.47000122070312
2017-02-15,92.4499969482422
2017-02-16,92.75
2017-02-17,92.45999908447266
2017-02-21,93.1500015258789
2017-02-22,94.01000213623048
2017-02-23,94.13999938964844
2017-02-24,93.37000274658205
2017-02-27,93.22000122070312
2017-02-28,93.18000030517578
2017-03-01,94.4800033569336
2017-03-02,94.45999908447266
2017-03-03,94.63999938964844
2017-03-06,94.08999633789062
2017-03-07,94.0199966430664
2017-03-08,94.18000030517578
2017-03-09,94.56999969482422
2017-03-10,95.18000030517578
2017-03-13,95.12000274658205
2017-03-14,94.6999969482422
2017-03-15,96.04000091552734
2017-03-16,97.33999633789062
2017-03-17,97.36000061035156
2017-03-20,98.11000061035156
2017-03-21,97.01000213623048
2017-03-22,97.6500015258789
2017-03-23,97.87000274658205
2017-03-24,97.88999938964844
2017-03-27,97.3499984741211
2017-03-28,98.48999786376952
2017-03-29,98.41000366210938
2017-03-30,97.91000366210938
2017-03-31,98.16999816894533
2017-04-03,98.20999908447266
2017-04-04,98.47000122070312
2017-04-05,97.37999725341795
2017-04-06,97.2699966430664
2017-04-07,97.5199966430664
2017-04-10,97.38999938964844
2017-04-11,97.05999755859376
2017-04-12,97.33999633789062
2017-04-13,96.18000030517578
2017-04-17,96.77999877929688
2017-04-18,97.0199966430664
2017-04-19,97.0500030517578
2017-04-20,97.1500015258789
2017-04-21,97.0
2017-04-24,101.37999725341795
2017-04-25,102.12999725341795
2017-04-26,100.25
2017-04-27,100.6999969482422
2017-04-28,100.18000030517578
2017-05-01,100.94000244140624
2017-05-02,101.37000274658205
2017-05-03,100.88999938964844
2017-05-04,102.36000061035156
2017-05-05,103.87999725341795
2017-05-08,103.30999755859376
2017-05-09,103.66999816894533
2017-05-10,103.38999938964844
2017-05-11,102.1500015258789
2017-05-12,103.37000274658205
2017-05-15,103.51000213623048
2017-05-16,104.69000244140624
2017-05-17,103.91000366210938
2017-05-18,103.93000030517578
2017-05-19,105.08000183105467
2017-05-22,105.73999786376952
2017-05-23,106.27999877929688
2017-05-24,106.58999633789062
2017-05-25,106.80999755859376
2017-05-26,106.3000030517578
2017-05-30,106.62000274658205
2017-05-31,107.55999755859376
2017-06-01,107.12000274658205
2017-06-02,108.5999984741211
2017-06-05,108.23999786376952
2017-06-06,107.63999938964844
2017-06-07,107.4800033569336
2017-06-08,107.52999877929688
2017-06-09,106.05999755859376
2017-06-12,103.58000183105467
2017-06-13,104.9800033569336
2017-06-14,105.38999938964844
2017-06-15,104.20999908447266
2017-06-16,105.79000091552734
2017-06-19,106.62000274658205
2017-06-20,105.52999877929688
2017-06-21,106.3000030517578
2017-06-22,107.05999755859376
2017-06-23,107.4800033569336
2017-06-26,107.0500030517578
2017-06-27,106.18000030517578
2017-06-28,106.9000015258789
2017-06-29,103.87999725341795
2017-06-30,104.66999816894533
2017-07-03,103.08000183105467
2017-07-05,103.62000274658205
2017-07-06,102.66999816894533
2017-07-07,103.25
2017-07-10,104.2699966430664
2017-07-11,103.93000030517578
2017-07-12,104.83999633789062
2017-07-13,104.1500015258789
2017-07-14,104.87999725341795
2017-07-17,104.80999755859376
2017-07-18,104.41999816894533
2017-07-19,105.54000091552734
2017-07-20,105.81999969482422
2017-07-21,104.27999877929688
2017-07-24,103.69000244140624
2017-07-25,103.87000274658205
2017-07-26,105.26000213623048
2017-07-27,105.08000183105467
2017-07-28,106.05999755859376
2017-07-31,105.8499984741211
2017-08-01,107.05999755859376
2017-08-02,106.33999633789062
2017-08-03,107.16999816894533
2017-08-04,107.36000061035156
2017-08-07,106.5999984741211
2017-08-08,106.4000015258789
2017-08-09,105.69000244140624
2017-08-10,103.80999755859376
2017-08-11,104.45999908447266
2017-08-14,105.6999969482422
2017-08-15,105.88999938964844
2017-08-16,106.16000366210938
2017-08-17,104.5500030517578
2017-08-18,104.81999969482422
2017-08-21,104.93000030517578
2017-08-22,105.41000366210938
2017-08-23,105.55999755859376
2017-08-24,104.61000061035156
2017-08-25,105.12000274658205
2017-08-28,105.37000274658205
2017-08-29,104.77999877929688
2017-08-30,104.52999877929688
2017-08-31,104.9499969482422
2017-09-01,105.33999633789062
2017-09-05,104.76000213623048
2017-09-06,106.06999969482422
2017-09-07,108.01000213623048
2017-09-08,108.3000030517578
2017-09-11,110.19000244140624
2017-09-12,109.94000244140624
2017-09-13,109.8000030517578
2017-09-14,109.1999969482422
2017-09-15,109.73999786376952
2017-09-18,110.05999755859376
2017-09-19,110.33000183105467
2017-09-20,109.9000015258789
2017-09-21,109.62999725341795
2017-09-22,110.2699966430664
2017-09-25,108.9499969482422
2017-09-26,107.91999816894533
2017-09-27,107.9800033569336
2017-09-28,108.8000030517578
2017-09-29,109.6500015258789
2017-10-02,110.55999755859376
2017-10-03,110.94000244140624
2017-10-04,110.12000274658205
2017-10-05,110.91999816894533
2017-10-06,110.97000122070312
2017-10-09,112.30999755859376
2017-10-10,112.3499984741211
2017-10-11,112.66000366210938
2017-10-12,112.6500015258789
2017-10-13,112.72000122070312
2017-10-16,111.83999633789062
2017-10-17,111.33999633789062
2017-10-18,111.7699966430664
2017-10-19,113.4000015258789
2017-10-20,112.02999877929688
2017-10-23,112.31999969482422
2017-10-24,112.3000030517578
2017-10-25,112.76000213623048
2017-10-26,113.4000015258789
2017-10-27,114.1500015258789
2017-10-30,113.8000030517578
2017-10-31,114.1999969482422
2017-11-01,116.2699966430664
2017-11-02,115.5199966430664
2017-11-03,114.91000366210938
2017-11-06,114.98999786376952
2017-11-07,114.22000122070312
2017-11-08,114.5999984741211
2017-11-09,112.63999938964844
2017-11-10,112.58999633789062
2017-11-13,112.37000274658205
2017-11-14,113.08000183105467
2017-11-15,112.87999725341795
2017-11-16,113.94000244140624
2017-11-17,113.75
2017-11-20,114.02999877929688
2017-11-21,115.29000091552734
2017-11-22,113.8499984741211
2017-11-24,116.41000366210938
2017-11-27,115.73999786376952
2017-11-28,115.5199966430664
2017-11-29,112.97000122070312
2017-11-30,113.3499984741211
2017-12-01,111.77999877929688
2017-12-04,111.44000244140624
2017-12-05,111.3000030517578
2017-12-06,112.1999969482422
2017-12-07,112.41999816894533
2017-12-08,112.5500030517578
2017-12-11,112.02999877929688
2017-12-12,112.66999816894533
2017-12-13,112.9000015258789
2017-12-14,113.8000030517578
2017-12-15,114.27999877929688
2017-12-18,115.91999816894533
2017-12-19,115.1999969482422
2017-12-20,113.16000366210938
2017-12-21,112.87999725341795
2017-12-22,112.58000183105467
2017-12-26,112.36000061035156
2017-12-27,113.0999984741211
2017-12-28,112.4000015258789
2017-12-29,112.36000061035156
2018-01-02,112.38999938964844
2018-01-03,113.30999755859376
2018-01-04,115.0500030517578
2018-01-05,116.33000183105467
2018-01-08,114.8000030517578
2018-01-09,114.16000366210938
2018-01-10,112.87000274658205
2018-01-11,109.63999938964844
2018-01-12,110.12999725341795
2018-01-16,110.68000030517578
2018-01-17,111.19000244140624
2018-01-18,111.66999816894533
2018-01-19,113.1999969482422
2018-01-22,112.77999877929688
2018-01-23,114.2699966430664
2018-01-24,114.37000274658205
2018-01-25,112.83999633789062
2018-01-26,114.54000091552734
2018-01-29,113.54000091552734
2018-01-30,110.80999755859376
2018-01-31,113.25
2018-02-01,111.6500015258789
2018-02-02,109.1500015258789
2018-02-05,105.87000274658205
2018-02-06,108.36000061035156
2018-02-07,105.08999633789062
2018-02-08,101.66000366210938
2018-02-09,101.98999786376952
2018-02-12,102.75
2018-02-13,102.8000030517578
2018-02-14,105.12999725341795
2018-02-15,105.55999755859376
2018-02-16,104.9000015258789
2018-02-20,104.2300033569336
2018-02-21,103.25
2018-02-22,104.13999938964844
2018-02-23,104.9000015258789
2018-02-26,105.30999755859376
2018-02-27,104.06999969482422
2018-02-28,104.5
2018-03-01,102.0
2018-03-02,102.70999908447266
2018-03-05,104.5999984741211
2018-03-06,105.08000183105467
2018-03-07,107.91000366210938
2018-03-08,108.33999633789062
2018-03-09,109.12000274658205
2018-03-12,108.9800033569336
2018-03-13,107.62000274658205
2018-03-14,108.08000183105467
2018-03-15,108.48999786376952
2018-03-16,107.5199966430664
2018-03-19,106.23999786376952
2018-03-20,104.9000015258789
2018-03-21,105.0999984741211
2018-03-22,103.94000244140624
2018-03-23,102.4800033569336
2018-03-26,104.83000183105467
2018-03-27,103.02999877929688
2018-03-28,103.9800033569336
2018-03-29,105.16000366210938
2018-04-02,103.29000091552734
2018-04-03,103.66999816894533
2018-04-04,104.47000122070312
2018-04-05,105.44000244140624
2018-04-06,105.36000061035156
2018-04-09,107.16999816894533
2018-04-10,107.73999786376952
2018-04-11,106.97000122070312
2018-04-12,107.91000366210938
2018-04-13,108.12999725341795
2018-04-16,107.9499969482422
2018-04-17,109.44000244140624
2018-04-18,109.01000213623048
2018-04-19,107.87000274658205
2018-04-20,106.0
2018-04-23,105.9800033569336
2018-04-24,108.5
2018-04-25,108.88999938964844
2018-04-26,109.87999725341795
2018-04-27,111.3499984741211
2018-04-30,110.83000183105467
2018-05-01,111.72000122070312
2018-05-02,111.9800033569336
2018-05-03,113.13999938964844
2018-05-04,114.0199966430664
2018-05-07,113.98999786376952
2018-05-08,114.8000030517578
2018-05-09,115.06999969482422
2018-05-10,116.45999908447266
2018-05-11,116.18000030517578
2018-05-14,115.19000244140624
2018-05-15,113.63999938964844
2018-05-16,114.16000366210938
2018-05-17,114.5500030517578
2018-05-18,113.23999786376952
2018-05-21,113.72000122070312
2018-05-22,113.11000061035156
2018-05-23,113.62999725341795
2018-05-24,114.02999877929688
2018-05-25,114.02999877929688
2018-05-29,110.29000091552734
2018-05-30,112.4000015258789
2018-05-31,112.79000091552734
2018-06-01,113.7300033569336
2018-06-04,114.61000061035156
2018-06-05,115.66999816894533
2018-06-06,116.88999938964844
2018-06-07,116.93000030517578
2018-06-08,118.75
2018-06-11,120.01000213623048
2018-06-12,120.19000244140624
2018-06-13,120.5
2018-06-14,121.37999725341795
2018-06-15,121.18000030517578
2018-06-18,119.47000122070312
2018-06-19,118.51000213623048
2018-06-20,118.58999633789062
2018-06-21,117.94000244140624
2018-06-22,117.83000183105467
2018-06-25,116.2699966430664
2018-06-26,115.20999908447266
2018-06-27,114.83999633789062
2018-06-28,113.20999908447266
2018-06-29,115.66000366210938
2018-07-02,115.31999969482422
2018-07-03,115.18000030517578
2018-07-05,116.4499969482422
2018-07-06,117.12999725341795
2018-07-09,119.37999725341795
2018-07-10,119.66999816894533
2018-07-11,117.81999969482422
2018-07-12,119.44000244140624
2018-07-13,119.91000366210938
2018-07-16,120.56999969482422
2018-07-17,121.63999938964844
2018-07-18,121.95999908447266
2018-07-19,117.41000366210938
2018-07-20,116.4000015258789
2018-07-23,116.80999755859376
2018-07-24,117.37999725341795
2018-07-25,119.2699966430664
2018-07-26,119.6999969482422
2018-07-27,119.0500030517578
2018-07-30,116.7699966430664
2018-07-31,116.04000091552734
2018-08-01,115.9499969482422
2018-08-02,115.56999969482422
2018-08-03,115.70999908447266
2018-08-06,115.23999786376952
2018-08-07,115.58999633789062
2018-08-08,116.0199966430664
2018-08-09,115.69000244140624
2018-08-10,112.86000061035156
2018-08-13,114.0999984741211
2018-08-14,114.16999816894533
2018-08-15,113.22000122070312
2018-08-16,116.08000183105467
2018-08-17,116.9000015258789
2018-08-20,117.6999969482422
2018-08-21,117.9800033569336
2018-08-22,119.08000183105467
2018-08-23,119.29000091552734
2018-08-24,120.9000015258789
2018-08-27,122.20999908447266
2018-08-28,122.02999877929688
2018-08-29,122.0500030517578
2018-08-30,121.2300033569336
2018-08-31,119.73999786376952
2018-09-04,118.37999725341795
2018-09-05,115.41000366210938
2018-09-06,115.33000183105467
2018-09-07,116.5199966430664
2018-09-10,118.26000213623048
2018-09-11,119.29000091552734
2018-09-12,121.0500030517578
2018-09-13,121.16999816894533
2018-09-14,121.4000015258789
2018-09-17,119.79000091552734
2018-09-18,120.27999877929688
2018-09-19,119.48999786376952
2018-09-20,120.12999725341795
2018-09-21,121.63999938964844
2018-09-24,122.04000091552734
2018-09-25,126.61000061035156
2018-09-26,126.16999816894533
2018-09-27,125.36000061035156
2018-09-28,123.0
2018-10-01,123.2699966430664
2018-10-02,122.20999908447266
2018-10-03,122.7699966430664
2018-10-04,122.05999755859376
2018-10-05,120.08999633789062
2018-10-08,117.33000183105467
2018-10-09,119.37999725341795
2018-10-10,113.01000213623048
2018-10-11,112.91000366210938
2018-10-12,114.52999877929688
2018-10-15,113.25
2018-10-16,117.41999816894533
2018-10-17,115.79000091552734
2018-10-18,107.01000213623048
2018-10-19,109.0199966430664
2018-10-22,108.62000274658205
2018-10-23,107.73999786376952
2018-10-24,103.37000274658205
2018-10-25,106.54000091552734
2018-10-26,105.41000366210938
2018-10-29,104.27999877929688
2018-10-30,105.58999633789062
2018-10-31,107.26000213623048
2018-11-01,106.66999816894533
2018-11-02,107.62999725341795
2018-11-05,107.62000274658205
2018-11-06,106.9000015258789
2018-11-07,109.48999786376952
2018-11-08,107.61000061035156
2018-11-09,108.30999755859376
2018-11-12,101.41999816894533
2018-11-13,103.7300033569336
2018-11-14,103.83000183105467
2018-11-15,105.4800033569336
2018-11-16,104.5999984741211
2018-11-19,101.58000183105467
2018-11-20,99.9800033569336
2018-11-21,101.51000213623048
2018-11-23,100.98999786376952
2018-11-26,102.73999786376952
2018-11-27,101.86000061035156
2018-11-28,104.91000366210938
2018-11-29,103.98999786376952
2018-11-30,103.68000030517578
2018-12-03,105.29000091552734
2018-12-04,102.91000366210938
2018-12-06,101.51000213623048
2018-12-07,100.72000122070312
2018-12-10,101.9000015258789
2018-12-11,101.55999755859376
2018-12-12,103.33999633789062
2018-12-13,103.45999908447266
2018-12-14,100.98999786376952
2018-12-17,99.62000274658205
2018-12-18,100.08000183105467
2018-12-19,100.11000061035156
2018-12-20,100.0999984741211
2018-12-21,96.13999938964844
2018-12-24,95.0
2018-12-26,98.37999725341795
2018-12-27,98.98999786376952
2018-12-28,99.1999969482422
2018-12-31,99.5500030517578
2019-01-02,99.18000030517578
2019-01-03,95.45999908447266
2019-01-04,98.73999786376952
2019-01-07,99.70999908447266
2019-01-08,101.2699966430664
2019-01-09,102.6500015258789
2019-01-10,103.33999633789062
2019-01-11,101.9800033569336
2019-01-14,101.11000061035156
2019-01-15,102.43000030517578
2019-01-16,102.25
2019-01-17,103.62999725341795
2019-01-18,105.73999786376952
2019-01-22,103.33000183105467
2019-01-23,104.0999984741211
2019-01-24,105.4000015258789
2019-01-25,106.01000213623048
2019-01-28,106.94000244140624
2019-01-29,102.69000244140624
2019-01-30,102.5199966430664
2019-01-31,103.41999816894533
2019-02-01,103.9499969482422
2019-02-04,104.20999908447266
2019-02-05,106.2699966430664
2019-02-06,105.2699966430664
2019-02-07,103.45999908447266
2019-02-08,104.02999877929688
2019-02-11,104.08999633789062
2019-02-12,104.62999725341795
2019-02-13,105.26000213623048
2019-02-14,105.94000244140624
2019-02-15,106.81999969482422
2019-02-19,106.73999786376952
2019-02-20,106.86000061035156
2019-02-21,106.9800033569336
2019-02-22,108.31999969482422
2019-02-25,107.33000183105467
2019-02-26,107.56999969482422
2019-02-27,107.01000213623048
2019-02-28,107.12999725341795
2019-03-01,108.37999725341795
2019-03-04,107.31999969482422
2019-03-05,107.97000122070312
2019-03-06,107.58999633789062
2019-03-07,106.3499984741211
2019-03-08,107.97000122070312
2019-03-11,107.72000122070312
2019-03-12,108.01000213623048
2019-03-13,108.86000061035156
2019-03-14,109.5199966430664
2019-03-15,112.48999786376952
2019-03-18,112.13999938964844
2019-03-19,113.44000244140624
2019-03-20,114.52999877929688
2019-03-21,114.43000030517578
2019-03-22,111.72000122070312
2019-03-25,111.5999984741211
2019-03-26,113.93000030517578
2019-03-27,113.55999755859376
2019-03-28,114.20999908447266
2019-03-29,115.45999908447266
2019-04-01,115.81999969482422
2019-04-02,115.80999755859376
2019-04-03,116.43000030517578
2019-04-04,115.9499969482422
2019-04-05,114.61000061035156
2019-04-08,114.93000030517578
2019-04-09,110.37000274658205
2019-04-10,112.2699966430664
2019-04-11,112.33000183105467
2019-04-12,112.31999969482422
2019-04-15,112.8000030517578
2019-04-16,111.1999969482422
2019-04-17,112.30999755859376
2019-04-18,112.97000122070312
2019-04-22,113.79000091552734
2019-04-23,114.8000030517578
2019-04-24,129.0800018310547
2019-04-25,129.0500030517578
2019-04-26,127.4800033569336
2019-04-29,129.0500030517578
2019-04-30,128.86000061035156
2019-05-01,127.86000061035156
2019-05-02,125.9800033569336
2019-05-03,127.4000015258789
2019-05-06,126.41999816894533
2019-05-07,123.47000122070312
2019-05-08,124.3000030517578
2019-05-09,124.37000274658205
2019-05-10,125.75
2019-05-13,123.23999786376952
2019-05-14,125.1999969482422
2019-05-15,126.16999816894533
2019-05-16,129.11000061035156
2019-05-17,127.36000061035156
2019-05-20,125.19000244140624
2019-05-21,126.91000366210938
2019-05-22,128.6999969482422
2019-05-23,126.5999984741211
2019-05-24,127.51000213623048
2019-05-28,126.0
2019-05-29,124.25
2019-05-30,124.91999816894533
2019-05-31,123.08000183105467
2019-06-03,122.83999633789062
2019-06-04,125.83000183105467
2019-06-05,126.26000213623048
2019-06-06,126.48999786376952
2019-06-07,129.63999938964844
2019-06-10,129.42999267578125
2019-06-11,128.3800048828125
2019-06-12,128.30999755859375
2019-06-13,128.80999755859375
2019-06-14,127.6500015258789
2019-06-17,128.4600067138672
2019-06-18,131.77000427246094
2019-06-19,131.83999633789062
2019-06-20,134.39999389648438
2019-06-21,134.35000610351562
2019-06-24,134.92999267578125
2019-06-25,133.00999450683594
2019-06-26,134.02999877929688
2019-06-27,134.67999267578125
2019-06-28,136.8000030517578
2019-07-01,138.3000030517578
2019-07-02,139.35000610351562
2019-07-03,140.17999267578125
2019-07-05,138.16000366210938
2019-07-08,138.47999572753906
2019-07-09,138.27999877929688
2019-07-10,137.66000366210938
2019-07-11,137.4199981689453
2019-07-12,136.77000427246094
2019-07-15,137.1300048828125
2019-07-16,135.1199951171875
2019-07-17,134.22000122070312
2019-07-18,127.41999816894533
2019-07-19,124.62999725341795
2019-07-22,124.83000183105467
2019-07-23,125.62999725341795
2019-07-24,127.61000061035156
2019-07-25,125.38999938964844
2019-07-26,126.98999786376952
2019-07-29,126.43000030517578
2019-07-30,123.0
2019-07-31,123.02999877929688
2019-08-01,123.06999969482422
2019-08-02,121.68000030517578
2019-08-05,118.7300033569336
2019-08-06,117.6500015258789
2019-08-07,120.47000122070312
2019-08-08,121.5199966430664
2019-08-09,119.75
2019-08-12,119.0999984741211
2019-08-13,120.93000030517578
2019-08-14,116.87000274658205
2019-08-15,117.16000366210938
2019-08-16,118.9800033569336
2019-08-19,119.6999969482422
2019-08-20,117.98999786376952
2019-08-21,121.23999786376952
2019-08-22,119.47000122070312
2019-08-23,117.5199966430664
2019-08-26,118.8000030517578
2019-08-27,119.9499969482422
2019-08-28,118.41000366210938
2019-08-29,119.87999725341795
2019-08-30,119.1500015258789
2019-09-03,118.30999755859376
2019-09-04,120.5500030517578
2019-09-05,123.3000030517578
2019-09-06,121.94000244140624
2019-09-09,121.55999755859376
2019-09-10,120.77999877929688
2019-09-11,119.93000030517578
2019-09-12,120.87999725341795
2019-09-13,118.95999908447266
2019-09-16,117.51000213623048
2019-09-17,120.01000213623048
2019-09-18,119.68000030517578
2019-09-19,119.80999755859376
2019-09-20,119.4000015258789
2019-09-23,118.9000015258789
2019-09-24,118.68000030517578
2019-09-25,117.26000213623048
2019-09-26,117.66000366210938
2019-09-27,117.44000244140624
2019-09-30,117.87000274658205
2019-10-01,117.1500015258789
2019-10-02,113.66000366210938
2019-10-03,115.11000061035156
2019-10-04,115.37000274658205
2019-10-07,114.52999877929688
2019-10-08,112.9000015258789
2019-10-09,116.0500030517578
2019-10-10,115.25
2019-10-11,126.1999969482422
2019-10-14,126.0500030517578
2019-10-15,127.18000030517578
2019-10-16,128.72000122070312
2019-10-17,128.60000610351562
2019-10-18,129.1300048828125
2019-10-21,132.7100067138672
2019-10-22,131.8000030517578
2019-10-23,131.66000366210938
2019-10-24,131.7899932861328
2019-10-25,131.8699951171875
2019-10-28,132.77000427246094
2019-10-29,131.74000549316406
2019-10-30,133.22999572753906
2019-10-31,132.5800018310547
2019-11-01,133.69000244140625
2019-11-04,134.47000122070312
2019-11-05,133.55999755859375
2019-11-06,135.11000061035156
2019-11-07,135.0800018310547
2019-11-08,136.44000244140625
2019-11-11,136.77999877929688
2019-11-12,135.3699951171875
2019-11-13,134.3000030517578
2019-11-14,134.41000366210938
2019-11-15,135.47999572753906
2019-11-18,135.17999267578125
2019-11-19,135.74000549316406
2019-11-20,135.0
2019-11-21,135.42999267578125
2019-11-22,135.41000366210938
2019-11-25,135.74000549316406
2019-11-26,135.33999633789062
2019-11-27,135.41000366210938
2019-11-29,135.9499969482422
2019-12-02,133.4499969482422
2019-12-03,134.22000122070312
2019-12-04,135.5399932861328
2019-12-05,134.85000610351562
2019-12-06,135.0
2019-12-09,134.86000061035156
2019-12-10,134.6999969482422
2019-12-11,134.91000366210938
2019-12-12,136.6999969482422
2019-12-13,138.5
2019-12-16,139.38999938964844
2019-12-17,134.0399932861328
2019-12-18,133.38999938964844
2019-12-19,133.0800018310547
2019-12-20,134.41000366210938
2019-12-23,133.77000427246094
2019-12-24,133.60000610351562
2019-12-26,134.5800018310547
2019-12-27,134.97999572753906
2019-12-30,133.38999938964844
2019-12-31,133.99000549316406
2020-01-02,136.80999755859375
2020-01-03,133.97999572753906
2020-01-06,134.1999969482422
2020-01-07,133.6199951171875
2020-01-08,135.0800018310547
2020-01-09,137.1300048828125
2020-01-10,136.97999572753906
2020-01-13,138.3300018310547
2020-01-14,137.25
2020-01-15,136.39999389648438
2020-01-16,137.2899932861328
2020-01-17,139.9600067138672
2020-01-21,139.5399932861328
2020-01-22,139.5800018310547
2020-01-23,138.13999938964844
2020-01-24,139.05999755859375
2020-01-27,136.25
2020-01-28,132.4600067138672
2020-01-29,131.64999389648438
2020-01-30,130.97000122070312
2020-01-31,130.77000427246094
2020-02-03,132.63999938964844
2020-02-04,135.47999572753906
2020-02-05,137.4199981689453
2020-02-06,136.49000549316406
2020-02-07,135.05999755859375
2020-02-10,135.22999572753906
2020-02-11,136.5500030517578
2020-02-12,138.16000366210938
2020-02-13,137.4499969482422
2020-02-14,137.44000244140625
2020-02-18,137.75999450683594
2020-02-19,139.6999969482422
2020-02-20,138.42999267578125
2020-02-21,136.6300048828125
2020-02-24,130.9199981689453
2020-02-25,127.77999877929688
2020-02-26,126.9000015258789
2020-02-27,124.80999755859376
2020-02-28,123.56999969482422
2020-03-02,126.52999877929688
2020-03-03,123.8000030517578
2020-03-04,125.66000366210938
2020-03-05,121.27999877929688
2020-03-06,121.48999786376952
2020-03-09,111.5
2020-03-10,117.98999786376952
2020-03-11,112.62000274658205
2020-03-12,101.44000244140624
2020-03-13,108.3499984741211
2020-03-16,97.48999786376952
2020-03-17,102.95999908447266
2020-03-18,96.9499969482422
2020-03-19,94.12999725341795
2020-03-20,94.3000030517578
2020-03-23,98.31999969482422
2020-03-24,105.97000122070312
2020-03-25,106.4000015258789
2020-03-26,115.25
2020-03-27,110.27999877929688
2020-03-30,112.9000015258789
2020-03-31,110.5
2020-04-01,105.52999877929688
2020-04-02,104.98999786376952
2020-04-03,105.19000244140624
2020-04-06,112.01000213623048
2020-04-07,111.83000183105467
2020-04-08,115.0199966430664
2020-04-09,121.41000366210938
2020-04-13,122.37999725341795
2020-04-14,123.33000183105467
2020-04-15,118.6500015258789
2020-04-16,119.27999877929688
2020-04-17,123.41000366210938
2020-04-20,122.55999755859376
2020-04-21,116.0
2020-04-22,117.0999984741211
2020-04-23,115.1500015258789
2020-04-24,116.48999786376952
2020-04-27,116.86000061035156
2020-04-28,116.86000061035156
2020-04-29,119.1500015258789
2020-04-30,118.54000091552734
2020-05-01,116.97000122070312
2020-05-04,117.19000244140624
2020-05-05,116.56999969482422
2020-05-06,113.1500015258789
2020-05-07,115.22000122070312
2020-05-08,116.75
2020-05-11,115.27999877929688
2020-05-12,114.41999816894533
2020-05-13,114.08000183105467
2020-05-14,113.12999725341795
2020-05-15,113.20999908447266
2020-05-18,117.4800033569336
2020-05-19,117.2300033569336
2020-05-20,120.3000030517578
2020-05-21,116.19000244140624
2020-05-22,116.06999969482422
2020-05-26,121.47000122070312
2020-05-27,122.9800033569336
2020-05-28,123.62999725341795
2020-05-29,128.10000610351562
2020-06-01,128.50999450683594
2020-06-02,130.4600067138672
2020-06-03,133.55999755859375
2020-06-04,134.33999633789062
2020-06-05,135.82000732421875
2020-06-08,136.61000061035156
2020-06-09,136.74000549316406
2020-06-10,136.5800018310547
2020-06-11,129.5
2020-06-12,130.13999938964844
2020-06-15,130.4199981689453
2020-06-16,133.52999877929688
2020-06-17,134.52000427246094
2020-06-18,135.13999938964844
2020-06-19,137.02999877929688
2020-06-22,140.97999572753906
2020-06-23,141.07000732421875
2020-06-24,135.85000610351562
2020-06-25,137.66000366210938
2020-06-26,136.77999877929688
2020-06-29,138.42999267578125
2020-06-30,140.0
2020-07-01,140.0800018310547
2020-07-02,142.85000610351562
2020-07-06,147.55999755859375
2020-07-07,144.05999755859375
2020-07-08,146.9499969482422
2020-07-09,152.6699981689453
2020-07-10,153.49000549316406
2020-07-13,150.92999267578125
2020-07-14,153.85000610351562
2020-07-15,156.61000061035156
2020-07-16,155.1199951171875
2020-07-17,156.27999877929688
2020-07-20,159.77000427246094
2020-07-21,162.50999450683594
2020-07-22,164.47000122070312
2020-07-23,161.27000427246094
2020-07-24,158.6199951171875
2020-07-27,164.8699951171875
2020-07-28,160.36000061035156
2020-07-29,164.66000366210938
2020-07-30,160.1699981689453
2020-07-31,159.22000122070312
2020-08-03,162.14999389648438
2020-08-04,160.25999450683594
2020-08-05,161.63999938964844
2020-08-06,161.97999572753906
2020-08-07,161.1699981689453
2020-08-10,159.63999938964844
2020-08-11,159.14999389648438
2020-08-12,162.61000061035156
2020-08-13,160.85000610351562
2020-08-14,160.08999633789062
2020-08-17,160.47999572753906
2020-08-18,161.77999877929688
2020-08-19,161.30999755859375
2020-08-20,162.97999572753906
2020-08-21,160.30999755859375
2020-08-24,163.88999938964844
2020-08-25,165.5800018310547
2020-08-26,168.4600067138672
2020-08-27,165.85000610351562
2020-08-28,166.72000122070312
2020-08-31,165.41000366210938
2020-09-01,166.36000061035156
2020-09-02,169.02000427246094
2020-09-03,161.9199981689453
2020-09-04,159.42999267578125
2020-09-08,154.69000244140625
2020-09-09,162.4499969482422
2020-09-10,159.0
2020-09-11,159.57000732421875
2020-09-14,160.6999969482422
2020-09-15,160.6699981689453
2020-09-16,158.97000122070312
2020-09-17,160.42999267578125
2020-09-18,160.14999389648438
2020-09-21,155.8800048828125
2020-09-22,157.22999572753906
2020-09-23,152.11000061035156
2020-09-24,153.33999633789062
2020-09-25,152.05999755859375
2020-09-28,157.0800018310547
2020-09-29,156.57000732421875
2020-09-30,155.80999755859375
2020-10-01,156.82000732421875
2020-10-02,154.2899932861328
2020-10-05,156.60000610351562
2020-10-06,154.0500030517578
2020-10-07,154.32000732421875
2020-10-08,156.1199951171875
2020-10-09,157.13999938964844
2020-10-12,158.77000427246094
2020-10-13,156.60000610351562
2020-10-14,157.44000244140625
2020-10-15,153.8000030517578
2020-10-16,155.1199951171875
2020-10-19,152.50999450683594
2020-10-20,150.66000366210938
2020-10-21,148.3699951171875
2020-10-22,147.63999938964844
2020-10-23,149.67999267578125
2020-10-26,115.0199966430664
2020-10-27,114.5
2020-10-28,108.11000061035156
2020-10-29,108.62999725341795
2020-10-30,106.83000183105467
2020-11-02,105.83000183105467
2020-11-03,109.70999908447266
2020-11-04,112.4499969482422
2020-11-05,115.68000030517578
2020-11-06,115.12000274658205
2020-11-09,115.22000122070312
2020-11-10,116.77999877929688
2020-11-11,119.51000213623048
2020-11-12,117.43000030517578
2020-11-13,120.30999755859376
2020-11-16,118.9499969482422
2020-11-17,116.98999786376952
2020-11-18,117.93000030517578
2020-11-19,118.68000030517578
2020-11-20,117.0199966430664
2020-11-23,117.38999938964844
2020-11-24,116.8000030517578
2020-11-25,118.08999633789062
2020-11-27,119.25
2020-11-30,121.16000366210938
2020-12-01,123.0199966430664
2020-12-02,122.5
2020-12-03,122.41000366210938
2020-12-04,124.63999938964844
2020-12-07,123.22000122070312
2020-12-08,123.98999786376952
2020-12-09,122.9800033569336
2020-12-10,123.0
2020-12-11,120.8499984741211
2020-12-14,121.30999755859376
2020-12-15,123.06999969482422
2020-12-16,125.0
2020-12-17,128.6699981689453
2020-12-18,127.33999633789062
2020-12-21,125.31999969482422
2020-12-22,125.93000030517578
2020-12-23,126.0
2020-12-24,126.05999755859376
2020-12-28,130.91000366210938
2020-12-29,129.9499969482422
2020-12-30,130.63999938964844
2020-12-31,130.38999938964844
2021-01-04,129.24000549316406
2021-01-05,129.97999572753906
2021-01-06,129.74000549316406
2021-01-07,128.8000030517578
2021-01-08,131.16000366210938
2021-01-11,129.3000030517578
2021-01-12,129.39999389648438
2021-01-13,128.05999755859375
2021-01-14,126.0999984741211
2021-01-15,125.0
2021-01-19,127.08000183105467
2021-01-20,127.62999725341795
2021-01-21,127.9000015258789
2021-01-22,127.4800033569336
2021-01-25,129.6300048828125
2021-01-26,134.8800048828125
2021-01-27,132.19000244140625
2021-01-28,130.44000244140625
2021-01-29,126.1999969482422
2021-02-01,129.55999755859375
2021-02-02,129.55999755859375
2021-02-03,130.61000061035156
2021-02-04,132.30999755859375
2021-02-05,130.2899932861328
2021-02-08,131.5
2021-02-09,131.5399932861328
2021-02-10,129.6699981689453
2021-02-11,132.52000427246094
2021-02-12,131.92999267578125
2021-02-16,130.75999450683594
2021-02-17,126.30999755859376
2021-02-18,128.67999267578125
2021-02-19,126.81999969482422
2021-02-22,125.7300033569336
2021-02-23,124.86000061035156
2021-02-24,126.55999755859376
2021-02-25,123.69000244140624
2021-02-26,123.3499984741211
2021-03-01,124.41999816894533
2021-03-02,125.33999633789062
2021-03-03,123.12000274658205
2021-03-04,122.04000091552734
2021-03-05,123.08000183105467
2021-03-08,123.06999969482422
2021-03-09,126.2300033569336
2021-03-10,125.93000030517578
2021-03-11,126.8499984741211
2021-03-12,123.81999969482422
2021-03-15,122.7699966430664
2021-03-16,122.16999816894533
2021-03-17,123.62000274658205
2021-03-18,121.79000091552734
2021-03-19,123.16999816894533
2021-03-22,122.9499969482422
2021-03-23,122.31999969482422
2021-03-24,121.08999633789062
2021-03-25,121.4800033569336
2021-03-26,122.70999908447266
2021-03-29,122.4499969482422
2021-03-30,121.54000091552734
2021-03-31,122.79000091552734
2021-04-01,125.75
2021-04-05,131.8000030517578
2021-04-06,128.4499969482422
2021-04-07,129.7899932861328
2021-04-08,133.17999267578125
2021-04-09,133.7899932861328
2021-04-12,132.39999389648438
2021-04-13,134.42999267578125
2021-04-14,135.97000122070312
2021-04-15,139.1999969482422
2021-04-16,139.3000030517578
2021-04-19,139.52999877929688
2021-04-20,139.11000061035156
2021-04-21,141.89999389648438
2021-04-22,143.75
2021-04-23,143.94000244140625
2021-04-26,143.22000122070312
2021-04-27,142.64999389648438
2021-04-28,144.0800018310547
2021-04-29,143.77999877929688
2021-04-30,139.94000244140625
2021-05-03,141.02000427246094
2021-05-04,136.72000122070312
2021-05-05,138.14999389648438
2021-05-06,141.6699981689453
2021-05-07,141.74000549316406
2021-05-10,139.52000427246094
2021-05-11,137.8300018310547
2021-05-12,135.5
2021-05-13,135.22999572753906
2021-05-14,138.82000732421875
2021-05-17,137.36000061035156
2021-05-18,138.0
2021-05-19,137.10000610351562
2021-05-20,140.1699981689453
2021-05-21,139.85000610351562
2021-05-24,141.44000244140625
2021-05-25,140.97999572753906
2021-05-26,141.5500030517578
2021-05-27,138.35000610351562
2021-05-28,139.92999267578125
2021-06-01,140.02999877929688
2021-06-02,139.13999938964844
2021-06-03,137.83999633789062
2021-06-04,139.8800048828125
2021-06-07,140.91000366210938
2021-06-08,141.6699981689453
2021-06-09,139.97000122070312
2021-06-10,141.9499969482422
2021-06-11,143.50999450683594
2021-06-14,145.83999633789062
2021-06-15,144.22000122070312
2021-06-16,142.52000427246094
2021-06-17,141.80999755859375
2021-06-18,140.17999267578125
2021-06-21,140.77999877929688
2021-06-22,141.24000549316406
2021-06-23,138.7100067138672
2021-06-24,141.22999572753906
2021-06-25,140.36000061035156
2021-06-28,141.47000122070312
2021-06-29,142.8300018310547
2021-06-30,140.4600067138672
2021-07-01,140.50999450683594
2021-07-02,141.72000122070312
2021-07-06,141.7100067138672
2021-07-07,147.69000244140625
2021-07-08,146.11000061035156
2021-07-09,148.11000061035156
2021-07-12,148.9600067138672
2021-07-13,149.60000610351562
2021-07-14,150.1999969482422
2021-07-15,147.69000244140625
2021-07-16,147.64999389648438
2021-07-19,144.80999755859375
2021-07-20,144.10000610351562
2021-07-21,138.86000061035156
2021-07-22,139.3300018310547
2021-07-23,138.77000427246094
2021-07-26,138.66000366210938
2021-07-27,141.4199981689453
2021-07-28,142.97000122070312
2021-07-29,144.33999633789062
2021-07-30,143.72000122070312
2021-08-02,143.32000732421875
2021-08-03,145.5399932861328
2021-08-04,146.38999938964844
2021-08-05,148.94000244140625
2021-08-06,146.3699951171875
2021-08-09,146.55999755859375
2021-08-10,145.75
2021-08-11,145.24000549316406
2021-08-12,147.75
2021-08-13,148.3000030517578
2021-08-16,147.92999267578125
2021-08-17,148.9199981689453
2021-08-18,147.5800018310547
2021-08-19,147.02000427246094
2021-08-20,147.83999633789062
2021-08-23,148.9499969482422
2021-08-24,148.22999572753906
2021-08-25,146.97999572753906
2021-08-26,147.1300048828125
2021-08-27,148.72000122070312
2021-08-30,149.8800048828125
2021-08-31,150.13999938964844
2021-09-01,150.11000061035156
2021-09-02,148.97999572753906
2021-09-03,149.8300018310547
2021-09-07,149.6199951171875
2021-09-08,146.72999572753906
2021-09-09,145.67999267578125
2021-09-10,145.07000732421875
2021-09-13,145.27000427246094
2021-09-14,145.14999389648438
2021-09-15,144.25
2021-09-16,144.86000061035156
2021-09-17,143.32000732421875
2021-09-20,139.1699981689453
2021-09-21,141.8300018310547
2021-09-22,141.7899932861328
2021-09-23,144.8800048828125
2021-09-24,142.58999633789062
2021-09-27,142.5
2021-09-28,137.57000732421875
2021-09-29,136.33999633789062
2021-09-30,135.0399932861328
2021-10-01,135.9499969482422
2021-10-04,133.77000427246094
2021-10-05,133.4199981689453
2021-10-06,135.75
2021-10-07,135.66000366210938
2021-10-08,135.44000244140625
2021-10-11,135.1199951171875
2021-10-12,134.6300048828125
2021-10-13,141.64999389648438
2021-10-14,145.0399932861328
2021-10-15,146.02999877929688
2021-10-18,145.3699951171875
2021-10-19,144.4199981689453
2021-10-20,143.64999389648438
2021-10-21,139.4600067138672
2021-10-22,141.77999877929688
2021-10-25,144.72000122070312
2021-10-26,145.72999572753906
2021-10-27,144.8800048828125
2021-10-28,147.47000122070312
2021-10-29,144.77999877929688
2021-11-01,146.24000549316406
2021-11-02,146.97000122070312
2021-11-03,149.42999267578125
2021-11-04,148.9199981689453
2021-11-05,149.52999877929688
2021-11-08,148.69000244140625
2021-11-09,148.3300018310547
2021-11-10,145.64999389648438
2021-11-11,144.91000366210938
2021-11-12,142.41000366210938
2021-11-15,141.3800048828125
2021-11-16,142.25999450683594
2021-11-17,141.97000122070312
2021-11-18,142.47999572753906
2021-11-19,140.9499969482422
2021-11-22,135.9600067138672
2021-11-23,135.47000122070312
2021-11-24,133.66000366210938
2021-11-26,130.67999267578125
2021-11-29,132.92999267578125
2021-11-30,128.44000244140625
2021-12-01,129.80999755859375
2021-12-02,130.1699981689453
2021-12-03,128.97999572753906
2021-12-06,132.58999633789062
2021-12-07,134.5
2021-12-08,134.52000427246094
2021-12-09,132.86000061035156
2021-12-10,135.38999938964844
2021-12-13,137.9499969482422
2021-12-14,135.60000610351562
2021-12-15,138.41000366210938
2021-12-16,137.64999389648438
2021-12-17,138.6300048828125
2021-12-20,136.3800048828125
2021-12-21,137.4199981689453
2021-12-22,139.39999389648438
2021-12-23,140.0800018310547
2021-12-27,141.2899932861328
2021-12-28,141.50999450683594
2021-12-29,140.0399932861328
2021-12-30,140.39999389648438
2021-12-31,140.11000061035156
2022-01-03,141.39999389648438
2022-01-04,140.27000427246094
2022-01-05,139.5800018310547
2022-01-06,136.99000549316406
2022-01-07,138.25999450683594
2022-01-10,138.61000061035156
2022-01-11,138.7899932861328
2022-01-12,140.14999389648438
2022-01-13,135.91000366210938
2022-01-14,138.89999389648438
2022-01-18,136.10000610351562
2022-01-19,136.7899932861328
2022-01-20,137.00999450683594
2022-01-21,135.8000030517578
2022-01-24,133.72000122070312
2022-01-25,132.32000732421875
2022-01-26,132.27999877929688
2022-01-27,122.37999725341795
2022-01-28,121.97000122070312
2022-01-31,125.20999908447266
2022-02-01,127.68000030517578
2022-02-02,127.1500015258789
2022-02-03,123.80999755859376
2022-02-04,126.13999938964844
2022-02-07,126.88999938964844
2022-02-08,125.69000244140624
2022-02-09,126.29000091552734
2022-02-10,123.8499984741211
2022-02-11,120.33999633789062
2022-02-14,118.3499984741211
2022-02-15,120.25
2022-02-16,120.91000366210938
2022-02-17,117.83999633789062
2022-02-18,115.70999908447266
2022-02-22,113.55999755859376
2022-02-23,110.9800033569336
2022-02-24,111.9499969482422
2022-02-25,115.0199966430664
2022-02-28,112.58000183105467
2022-03-01,109.25
2022-03-02,113.19000244140624
2022-03-03,109.01000213623048
2022-03-04,106.0999984741211
2022-03-07,104.97000122070312
2022-03-08,106.20999908447266
2022-03-09,111.8499984741211
2022-03-10,108.51000213623048
2022-03-11,107.68000030517578
2022-03-14,110.0500030517578
2022-03-15,110.7300033569336
2022-03-16,114.48999786376952
2022-03-17,115.70999908447266
2022-03-18,115.36000061035156
2022-03-21,111.87000274658205
2022-03-22,112.7300033569336
2022-03-23,109.79000091552734
2022-03-24,111.22000122070312
2022-03-25,111.33999633789062
2022-03-28,111.80999755859376
2022-03-29,114.73999786376952
2022-03-30,113.1500015258789
2022-03-31,110.95999908447266
2022-04-01,110.62999725341795
2022-04-04,112.4800033569336
2022-04-05,110.80999755859376
2022-04-06,109.70999908447266
2022-04-07,109.18000030517578
2022-04-08,108.47000122070312
2022-04-11,107.55999755859376
2022-04-12,105.41999816894533
2022-04-13,105.91999816894533
2022-04-14,103.88999938964844
2022-04-18,104.22000122070312
2022-04-19,105.23999786376952
2022-04-20,106.87999725341795
2022-04-21,106.33999633789062
2022-04-22,103.8499984741211
2022-04-25,103.7300033569336
2022-04-26,99.79000091552734
2022-04-27,99.52999877929688
2022-04-28,102.70999908447266
2022-04-29,100.8000030517578
2022-05-02,102.41000366210938
2022-05-03,100.0
2022-05-04,102.55999755859376
2022-05-05,99.81999969482422
2022-05-06,96.13999938964844
2022-05-09,95.9800033569336
2022-05-10,96.83000183105467
2022-05-11,95.58999633789062
2022-05-12,96.97000122070312
2022-05-13,98.70999908447266
2022-05-16,97.54000091552734
2022-05-17,99.05999755859376
2022-05-18,93.23999786376952
2022-05-19,95.3499984741211
2022-05-20,97.43000030517578
2022-05-23,99.83000183105467
2022-05-24,98.6999969482422
2022-05-25,97.31999969482422
2022-05-26,98.47000122070312
2022-05-27,101.1500015258789
2022-05-31,99.83999633789062
2022-06-01,99.33000183105467
2022-06-02,102.12000274658205
2022-06-03,100.43000030517578
2022-06-06,100.86000061035156
2022-06-07,101.98999786376952
2022-06-08,99.86000061035156
2022-06-09,96.79000091552734
2022-06-10,94.16999816894533
2022-06-13,90.81999969482422
2022-06-14,90.37000274658205
2022-06-15,93.3000030517578
2022-06-16,92.76000213623048
2022-06-17,93.0
2022-06-21,94.08999633789062
2022-06-22,94.0
2022-06-23,94.23999786376952
2022-06-24,98.41000366210938
2022-06-27,97.3000030517578
2022-06-28,95.47000122070312
2022-06-29,93.93000030517578
2022-06-30,90.72000122070312
2022-07-01,90.6999969482422
2022-07-05,89.16000366210938
2022-07-06,89.86000061035156
2022-07-07,90.70999908447266
2022-07-08,90.58999633789062
2022-07-11,88.31999969482422
2022-07-12,86.3499984741211
2022-07-13,85.94999694824219
2022-07-14,85.41999816894531
2022-07-15,88.0
2022-07-18,88.08999633789062
2022-07-19,92.33999633789062
2022-07-20,92.33000183105467
2022-07-21,90.29000091552734
2022-07-22,93.75
2022-07-25,91.97000122070312
2022-07-26,90.29000091552734
2022-07-27,91.30999755859376
2022-07-28,91.7699966430664
2022-07-29,93.20999908447266
2022-08-01,93.79000091552734
2022-08-02,91.19000244140624
2022-08-03,93.48999786376952
2022-08-04,95.29000091552734
2022-08-05,94.55999755859376
2022-08-08,94.33000183105467
2022-08-09,93.76000213623048
2022-08-10,96.06999969482422
2022-08-11,95.23999786376952
2022-08-12,95.9499969482422
2022-08-15,95.80999755859376
2022-08-16,94.1999969482422
2022-08-17,92.9499969482422
2022-08-18,92.45999908447266
2022-08-19,91.62000274658205
2022-08-22,88.43000030517578
2022-08-23,87.37000274658203
2022-08-24,87.41999816894531
2022-08-25,88.19999694824219
2022-08-26,84.23999786376953
2022-08-29,84.58000183105469
2022-08-30,84.5199966430664
2022-08-31,85.22000122070312
2022-09-01,83.9800033569336
2022-09-02,83.2699966430664
2022-09-06,84.16999816894531
2022-09-07,85.56999969482422
2022-09-08,85.30999755859375
2022-09-09,87.06999969482422
2022-09-12,88.94999694824219
2022-09-13,85.86000061035156
2022-09-14,86.30999755859375
2022-09-15,84.41000366210938
2022-09-16,83.94000244140625
2022-09-19,84.26000213623047
2022-09-20,82.93000030517578
2022-09-21,82.33999633789062
2022-09-22,81.37000274658203
2022-09-23,79.47000122070312
2022-09-26,79.62999725341797
2022-09-27,79.12000274658203
2022-09-28,81.45999908447266
2022-09-29,80.4800033569336
2022-09-30,81.25
2022-10-03,83.94000244140625
2022-10-04,88.04000091552734
2022-10-05,87.18000030517578
2022-10-06,86.36000061035156
2022-10-07,84.52999877929688
2022-10-10,84.05000305175781
2022-10-11,83.01000213623047
2022-10-12,82.51000213623047
2022-10-13,85.1500015258789
2022-10-14,84.61000061035156
2022-10-17,86.8499984741211
2022-10-18,89.0199966430664
2022-10-19,86.7300033569336
2022-10-20,86.91000366210938
2022-10-21,90.87999725341795
2022-10-24,91.01000213623048
2022-10-25,96.31999969482422
2022-10-26,97.76000213623048
2022-10-27,97.44000244140624
2022-10-28,97.70999908447266
2022-10-31,96.05999755859376
2022-11-01,95.83999633789062
2022-11-02,93.97000122070312
2022-11-03,92.69000244140624
2022-11-04,96.0199966430664
2022-11-07,97.56999969482422
2022-11-08,97.97000122070312
2022-11-09,97.5500030517578
2022-11-10,107.18000030517578
2022-11-11,110.16999816894533
2022-11-14,108.83000183105467
2022-11-15,109.80999755859376
2022-11-16,111.05999755859376
2022-11-17,111.81999969482422
2022-11-18,108.79000091552734
2022-11-21,108.5
2022-11-22,109.62000274658205
2022-11-23,109.8499984741211
2022-11-25,110.6500015258789
2022-11-28,108.0
2022-11-29,106.91999816894533
2022-11-30,110.87000274658205
2022-12-01,112.01000213623048
2022-12-02,112.02999877929688
2022-12-05,110.2699966430664
2022-12-06,107.7699966430664
2022-12-07,107.87000274658205
2022-12-08,107.81999969482422
2022-12-09,107.29000091552734
2022-12-12,108.36000061035156
2022-12-13,109.80999755859376
2022-12-14,109.70999908447266
2022-12-15,105.58000183105467
2022-12-16,105.36000061035156
2022-12-19,104.3000030517578
2022-12-20,104.48999786376952
2022-12-21,104.8000030517578
2022-12-22,103.9800033569336
2022-12-23,103.5
2022-12-27,103.33999633789062
2022-12-28,101.80999755859376
2022-12-29,104.11000061035156
2022-12-30,103.19000244140624
2023-01-03,103.9800033569336
2023-01-04,106.88999938964844
2023-01-05,106.16000366210938
2023-01-06,109.11000061035156
2023-01-09,111.44000244140624
2023-01-10,113.41999816894533
2023-01-11,114.87000274658205
2023-01-12,116.68000030517578
2023-01-13,117.01000213623048
2023-01-17,116.20999908447266
2023-01-18,117.08000183105467
2023-01-19,115.66999816894533
2023-01-20,117.12000274658205
2023-01-23,116.70999908447266
2023-01-24,116.19000244140624
2023-01-25,116.16000366210938
2023-01-26,114.0999984741211
2023-01-27,113.20999908447266
2023-01-30,116.08999633789062
2023-01-31,118.52999877929688
2023-02-01,121.02999877929688
2023-02-02,122.97000122070312
2023-02-03,120.62999725341795
2023-02-06,119.72000122070312
2023-02-07,119.83999633789062
2023-02-08,118.61000061035156
2023-02-09,118.6999969482422
2023-02-10,117.3499984741211
2023-02-13,118.4800033569336
2023-02-14,118.76000213623048
2023-02-15,119.2699966430664
2023-02-16,117.95999908447266
2023-02-17,117.3499984741211
2023-02-21,114.77999877929688
2023-02-22,115.26000213623048
2023-02-23,116.01000213623048
2023-02-24,113.18000030517578
2023-02-27,115.12999725341795
2023-02-28,113.81999969482422
2023-03-01,114.2300033569336
2023-03-02,114.52999877929688
2023-03-03,116.9000015258789
2023-03-06,119.7300033569336
2023-03-07,116.88999938964844
2023-03-08,117.41000366210938
2023-03-09,115.98999786376952
2023-03-10,115.45999908447266
2023-03-13,115.02999877929688
2023-03-14,118.12000274658205
2023-03-15,115.5999984741211
2023-03-16,120.3000030517578
2023-03-17,119.22000122070312
2023-03-20,121.37999725341795
2023-03-21,123.4800033569336
2023-03-22,122.23999786376952
2023-03-23,123.73999786376952
2023-03-24,123.29000091552734
2023-03-27,123.25
2023-03-28,123.47000122070312
2023-03-29,124.31999969482422
2023-03-30,126.06999969482422
2023-03-31,126.5500030517578
2023-04-03,126.31999969482422
2023-04-04,127.80999755859376
2023-04-05,126.73999786376952
2023-04-06,128.7100067138672
2023-04-10,127.4499969482422
2023-04-11,126.54000091552734
2023-04-12,127.11000061035156
2023-04-13,128.0500030517578
2023-04-14,127.41999816894533
2023-04-17,127.1999969482422
2023-04-18,127.63999938964844
2023-04-19,127.3000030517578
2023-04-20,126.86000061035156
2023-04-21,133.9499969482422
2023-04-24,132.5399932861328
2023-04-25,133.42999267578125
2023-04-26,133.35000610351562
2023-04-27,136.64999389648438
2023-04-28,135.27000427246094
2023-05-01,134.47999572753906
2023-05-02,134.36000061035156
2023-05-03,135.77999877929688
2023-05-04,134.08999633789062
2023-05-05,134.75999450683594
2023-05-08,135.77999877929688
2023-05-09,134.67999267578125
2023-05-10,134.8300018310547
2023-05-11,133.69000244140625
2023-05-12,131.5800018310547
2023-05-15,131.3000030517578
2023-05-16,133.16000366210938
2023-05-17,132.6199951171875
2023-05-18,133.89999389648438
2023-05-19,134.27999877929688
2023-05-22,133.2899932861328
2023-05-23,129.8300018310547
2023-05-24,129.2100067138672
2023-05-25,129.44000244140625
2023-05-26,131.41000366210938
2023-05-30,130.24000549316406
2023-05-31,130.44000244140625
2023-06-01,132.1699981689453
2023-06-02,132.97000122070312
2023-06-05,131.5
2023-06-06,131.83999633789062
2023-06-07,131.6999969482422
2023-06-08,133.2100067138672
2023-06-09,132.72000122070312
2023-06-12,133.77000427246094
2023-06-13,135.2899932861328
2023-06-14,135.55999755859375
2023-06-15,137.0399932861328
2023-06-16,137.27999877929688
2023-06-20,136.00999450683594
2023-06-21,134.7899932861328
2023-06-22,135.11000061035156
2023-06-23,133.47000122070312
2023-06-26,132.42999267578125
2023-06-27,133.00999450683594
2023-06-28,134.27000427246094
2023-06-29,134.42999267578125
2023-06-30,136.80999755859375
2023-07-03,134.5500030517578
2023-07-05,134.39999389648438
2023-07-06,132.42999267578125
2023-07-07,133.25999450683594
2023-07-10,134.8800048828125
2023-07-11,136.32000732421875
2023-07-12,140.5800018310547
2023-07-13,143.9600067138672
2023-07-14,144.35000610351562
2023-07-17,144.99000549316406
2023-07-18,144.91000366210938
2023-07-19,143.0
2023-07-20,133.92999267578125
2023-07-21,134.02000427246094
2023-07-24,132.38999938964844
2023-07-25,132.61000061035156
2023-07-26,132.33999633789062
2023-07-27,134.07000732421875
2023-07-28,136.80999755859375
2023-07-31,136.35000610351562
2023-08-01,136.38999938964844
2023-08-02,133.2100067138672
2023-08-03,132.1999969482422
2023-08-04,132.9600067138672
2023-08-07,135.8000030517578
2023-08-08,134.6300048828125
2023-08-09,135.52000427246094
2023-08-10,137.88999938964844
2023-08-11,137.64999389648438
2023-08-14,138.9499969482422
2023-08-15,137.69000244140625
2023-08-16,137.4199981689453
2023-08-17,134.33999633789062
2023-08-18,135.36000061035156
2023-08-21,136.7100067138672
2023-08-22,138.47000122070312
2023-08-23,140.13999938964844
2023-08-24,135.5800018310547
2023-08-25,137.4600067138672
2023-08-28,138.33999633789062
2023-08-29,140.0500030517578
2023-08-30,140.63999938964844
2023-08-31,139.69000244140625
2023-09-01,138.19000244140625
2023-09-05,137.6699981689453
2023-09-06,138.74000549316406
2023-09-07,139.9499969482422
2023-09-08,140.4600067138672
2023-09-11,139.1699981689453
2023-09-12,135.25
2023-09-13,135.75
2023-09-14,135.99000549316406
2023-09-15,135.24000549316406
2023-09-18,135.24000549316406
2023-09-19,134.6999969482422
2023-09-20,133.52999877929688
2023-09-21,131.16000366210938
2023-09-22,132.64999389648438
2023-09-25,131.9499969482422
2023-09-26,127.18000030517578
2023-09-27,127.68000030517578
2023-09-28,127.9499969482422
2023-09-29,129.32000732421875
2023-10-02,128.55999755859375
2023-10-03,127.94000244140624
2023-10-04,128.92999267578125
2023-10-05,129.55999755859375
2023-10-06,130.9199981689453
2023-10-09,129.91000366210938
2023-10-10,131.1999969482422
2023-10-11,132.38999938964844
2023-10-12,131.66000366210938
2023-10-13,128.7899932861328
2023-10-16,130.6999969482422
2023-10-17,130.49000549316406
2023-10-18,127.61000061035156
2023-10-19,133.3800048828125
2023-10-20,130.6999969482422
2023-10-23,132.1999969482422
2023-10-24,133.6699981689453
2023-10-25,130.7100067138672
2023-10-26,131.22000122070312
2023-10-27,131.38999938964844
2023-10-30,133.64999389648438
2023-10-31,134.0
2023-11-01,136.0800018310547
2023-11-02,138.5800018310547
2023-11-03,138.97999572753906
2023-11-06,138.5500030517578
2023-11-07,140.66000366210938
2023-11-08,142.1699981689453
2023-11-09,142.4499969482422
2023-11-10,145.10000610351562
2023-11-13,145.02999877929688
2023-11-14,147.66000366210938
2023-11-15,148.52000427246094
2023-11-16,148.58999633789062
2023-11-17,149.9499969482422
2023-11-20,153.3000030517578
2023-11-21,152.5
2023-11-22,153.16000366210938
2023-11-24,154.19000244140625
2023-11-27,154.94000244140625
2023-11-28,156.3000030517578
2023-11-29,158.6300048828125
2023-11-30,159.1199951171875
2023-12-01,160.08999633789062
2023-12-04,159.27000427246094
2023-12-05,159.36000061035156
2023-12-06,158.10000610351562
2023-12-07,159.33999633789062
2023-12-08,160.16000366210938
2023-12-11,159.1300048828125
2023-12-12,158.25999450683594
2023-12-13,159.77000427246094
2023-12-14,156.00999450683594
2023-12-15,153.5
2023-12-18,154.89999389648438
2023-12-19,155.0800018310547
2023-12-20,151.13999938964844
2023-12-21,152.17999267578125
2023-12-22,152.6999969482422
2023-12-26,153.17999267578125
2023-12-27,155.89999389648438
2023-12-28,154.3300018310547
2023-12-29,154.58999633789062
2024-01-02,150.2100067138672
2024-01-03,149.7899932861328
2024-01-04,148.52000427246094
2024-01-05,149.85000610351562
2024-01-08,152.55999755859375
2024-01-09,152.14999389648438
2024-01-10,155.83999633789062
2024-01-11,156.50999450683594
2024-01-12,158.5399932861328
2024-01-16,156.82000732421875
2024-01-17,157.77999877929688
2024-01-18,160.42999267578125
2024-01-19,163.4499969482422
2024-01-22,163.2100067138672
2024-01-23,163.3800048828125
2024-01-24,174.61000061035156
2024-01-25,173.44000244140625
2024-01-26,173.67999267578125
2024-01-29,176.33999633789062
2024-01-30,175.72999572753906
2024-01-31,173.10000610351562
2024-02-01,177.22000122070312
2024-02-02,177.05999755859375
2024-02-05,177.0399932861328
2024-02-06,178.7899932861328
2024-02-07,181.17999267578125
2024-02-08,181.16000366210935
2024-02-09,181.5500030517578
2024-02-12,179.38999938964844
2024-02-13,173.97999572753906
2024-02-14,177.47000122070312
2024-02-15,177.60000610351562
2024-02-16,176.91000366210938
2024-02-20,176.60000610351562
2024-02-21,175.9199981689453
2024-02-22,181.69000244140625
2024-02-23,184.22000122070312
2024-02-26,187.5099945068359
2024-02-27,189.1699981689453
2024-02-28,186.6699981689453
2024-02-29,187.8699951171875
2024-03-01,188.52999877929688
2024-03-04,190.82000732421875
2024-03-05,187.4600067138672
2024-03-06,190.67999267578125
2024-03-07,195.57000732421875
2024-03-08,192.9900054931641
2024-03-11,189.8300018310547
2024-03-12,193.8300018310547
2024-03-13,192.5099945068359
2024-03-14,190.4499969482422
2024-03-15,188.30999755859375
2024-03-18,186.77000427246097
2024-03-19,188.7100067138672
2024-03-20,190.3800048828125
2024-03-21,194.80999755859375
2024-03-22,195.3500061035156
2024-03-25,195.27999877929688
2024-03-26,196.66000366210935
2024-03-27,197.08999633789065
2024-03-28,195.02999877929688
2024-04-01,196.02999877929688
2024-04-02,192.1199951171875
2024-04-03,193.2400054931641
2024-04-04,191.02999877929688
2024-04-05,191.82000732421875
2024-04-08,191.6300048828125
2024-04-09,187.88999938964844
2024-04-10,184.22000122070312
2024-04-11,185.6699981689453
2024-04-12,180.77999877929688
2024-04-15,180.22999572753903
2024-04-16,180.55999755859375
2024-04-17,179.94000244140625
2024-04-18,178.63999938964844
2024-04-19,175.77000427246094
2024-04-22,178.17999267578125
2024-04-23,188.0099945068359
2024-04-24,188.07000732421875
2024-04-25,185.08999633789065
2024-04-26,186.17999267578125
2024-04-29,183.77000427246097
2024-04-30,181.2100067138672
2024-05-01,180.07000732421875
2024-05-02,180.63999938964844
2024-05-03,183.4499969482422
2024-05-06,185.41000366210935
2024-05-07,187.5399932861328
2024-05-08,190.30999755859375
2024-05-09,191.9900054931641
2024-05-10,190.0500030517578
2024-05-13,189.9600067138672
2024-05-14,189.6999969482422
2024-05-15,192.44000244140625
2024-05-16,190.6699981689453
2024-05-17,192.8000030517578
2024-05-20,195.3000030517578
2024-05-21,194.72000122070312
2024-05-22,193.91000366210935
2024-05-23,195.02000427246097
2024-05-24,195.3800048828125
2024-05-28,192.52000427246097
2024-05-29,190.3699951171875
2024-05-30,180.25
2024-05-31,182.44000244140625
2024-06-03,184.2400054931641
2024-06-04,184.22000122070312
2024-06-05,188.75
2024-06-06,193.0399932861328
2024-06-07,191.1000061035156
2024-06-10,190.2400054931641
2024-06-11,188.7400054931641
2024-06-12,197.1999969482422
2024-06-13,192.4199981689453
2024-06-14,187.82000732421875
2024-06-17,190.02000427246097
2024-06-18,188.6199951171875
2024-06-20,191.47000122070312
2024-06-21,194.16000366210935
2024-06-24,191.69000244140625
2024-06-25,195.7400054931641
2024-06-26,198.58999633789065
2024-06-27,200.75
2024-06-28,201.7100067138672
