Date,TTE_Close
2014-06-30,72.19999694824219
2014-07-01,72.7699966430664
2014-07-02,72.31999969482422
2014-07-03,72.0999984741211
2014-07-07,71.05999755859375
2014-07-08,70.37000274658203
2014-07-09,70.16000366210938
2014-07-10,69.05000305175781
2014-07-11,68.98999786376953
2014-07-14,69.44999694824219
2014-07-15,67.87999725341797
2014-07-16,68.62000274658203
2014-07-17,66.7699966430664
2014-07-18,68.12000274658203
2014-07-21,67.55999755859375
2014-07-22,69.13999938964844
2014-07-23,69.19999694824219
2014-07-24,69.75
2014-07-25,68.79000091552734
2014-07-28,69.33999633789062
2014-07-29,69.41000366210938
2014-07-30,66.62999725341797
2014-07-31,64.5
2014-08-01,64.69999694824219
2014-08-04,65.4800033569336
2014-08-05,64.43000030517578
2014-08-06,64.87999725341797
2014-08-07,64.5199966430664
2014-08-08,65.06999969482422
2014-08-11,65.13999938964844
2014-08-12,64.08999633789062
2014-08-13,64.41999816894531
2014-08-14,64.08000183105469
2014-08-15,63.83000183105469
2014-08-18,63.9900016784668
2014-08-19,64.43000030517578
2014-08-20,64.11000061035156
2014-08-21,64.88999938964844
2014-08-22,63.58000183105469
2014-08-25,65.04000091552734
2014-08-26,65.88999938964844
2014-08-27,65.7300033569336
2014-08-28,65.26000213623047
2014-08-29,65.95999908447266
2014-09-02,65.56999969482422
2014-09-03,66.4000015258789
2014-09-04,66.79000091552734
2014-09-05,66.91000366210938
2014-09-08,65.4000015258789
2014-09-09,65.26000213623047
2014-09-10,65.19999694824219
2014-09-11,65.0999984741211
2014-09-12,64.44999694824219
2014-09-15,64.30000305175781
2014-09-16,65.41999816894531
2014-09-17,64.70999908447266
2014-09-18,64.08999633789062
2014-09-19,63.56999969482422
2014-09-22,63.560001373291016
2014-09-23,62.56999969482422
2014-09-24,64.27999877929688
2014-09-25,63.15999984741211
2014-09-26,64.70999908447266
2014-09-29,63.91999816894531
2014-09-30,64.44999694824219
2014-10-01,63.66999816894531
2014-10-02,62.119998931884766
2014-10-03,61.0
2014-10-06,61.0
2014-10-07,59.58000183105469
2014-10-08,60.369998931884766
2014-10-09,58.0
2014-10-10,56.45000076293945
2014-10-13,56.86000061035156
2014-10-14,56.04999923706055
2014-10-15,55.279998779296875
2014-10-16,54.849998474121094
2014-10-17,55.91999816894531
2014-10-20,55.40999984741211
2014-10-21,56.9900016784668
2014-10-22,55.91999816894531
2014-10-23,57.70000076293945
2014-10-24,57.209999084472656
2014-10-27,56.61000061035156
2014-10-28,58.09000015258789
2014-10-29,58.63999938964844
2014-10-30,59.47999954223633
2014-10-31,59.88999938964844
2014-11-03,58.119998931884766
2014-11-04,56.91999816894531
2014-11-05,57.70000076293945
2014-11-06,58.029998779296875
2014-11-07,58.130001068115234
2014-11-10,58.20000076293945
2014-11-11,58.27000045776367
2014-11-12,57.16999816894531
2014-11-13,56.97999954223633
2014-11-14,57.279998779296875
2014-11-17,57.2599983215332
2014-11-18,58.400001525878906
2014-11-19,58.47999954223633
2014-11-20,58.77000045776367
2014-11-21,59.97999954223633
2014-11-24,60.43000030517578
2014-11-25,59.7400016784668
2014-11-26,59.7400016784668
2014-11-28,55.630001068115234
2014-12-01,56.16999816894531
2014-12-02,56.93000030517578
2014-12-03,56.540000915527344
2014-12-04,55.880001068115234
2014-12-05,55.47999954223633
2014-12-08,54.119998931884766
2014-12-09,53.689998626708984
2014-12-10,51.75
2014-12-11,51.220001220703125
2014-12-12,50.119998931884766
2014-12-15,48.7400016784668
2014-12-16,49.41999816894531
2014-12-17,51.849998474121094
2014-12-18,53.02000045776367
2014-12-19,53.33000183105469
2014-12-22,52.5
2014-12-23,53.34000015258789
2014-12-24,53.04999923706055
2014-12-26,53.150001525878906
2014-12-29,52.7400016784668
2014-12-30,51.52000045776367
2014-12-31,51.20000076293945
2015-01-02,51.15999984741211
2015-01-05,48.060001373291016
2015-01-06,47.65999984741211
2015-01-07,48.33000183105469
2015-01-08,49.630001068115234
2015-01-09,48.63999938964844
2015-01-12,48.45000076293945
2015-01-13,48.52000045776367
2015-01-14,48.68000030517578
2015-01-15,48.95000076293945
2015-01-16,50.90999984741211
2015-01-20,50.27000045776367
2015-01-21,51.63999938964844
2015-01-22,51.95000076293945
2015-01-23,51.209999084472656
2015-01-26,52.720001220703125
2015-01-27,53.099998474121094
2015-01-28,50.56999969482422
2015-01-29,51.66999816894531
2015-01-30,51.5099983215332
2015-02-02,53.7599983215332
2015-02-03,55.459999084472656
2015-02-04,54.06999969482422
2015-02-05,54.810001373291016
2015-02-06,53.66999816894531
2015-02-09,53.95000076293945
2015-02-10,53.95000076293945
2015-02-11,53.31999969482422
2015-02-12,54.5
2015-02-13,54.13999938964844
2015-02-17,54.400001525878906
2015-02-18,53.70000076293945
2015-02-19,52.15999984741211
2015-02-20,52.880001068115234
2015-02-23,52.2599983215332
2015-02-24,53.47999954223633
2015-02-25,53.91999816894531
2015-02-26,52.97999954223633
2015-02-27,53.630001068115234
2015-03-02,52.849998474121094
2015-03-03,53.09000015258789
2015-03-04,52.81999969482422
2015-03-05,52.16999816894531
2015-03-06,50.77000045776367
2015-03-09,50.41999816894531
2015-03-10,48.4900016784668
2015-03-11,48.0099983215332
2015-03-12,48.2400016784668
2015-03-13,47.15999984741211
2015-03-16,47.47999954223633
2015-03-17,48.029998779296875
2015-03-18,49.33000183105469
2015-03-19,48.779998779296875
2015-03-20,50.650001525878906
2015-03-23,51.189998626708984
2015-03-24,51.06999969482422
2015-03-25,50.939998626708984
2015-03-26,50.72999954223633
2015-03-27,50.81999969482422
2015-03-30,50.7400016784668
2015-03-31,49.65999984741211
2015-04-01,49.7599983215332
2015-04-02,50.0099983215332
2015-04-06,50.720001220703125
2015-04-07,51.20000076293945
2015-04-08,50.779998779296875
2015-04-09,51.27000045776367
2015-04-10,51.40999984741211
2015-04-13,51.09000015258789
2015-04-14,52.0099983215332
2015-04-15,53.36000061035156
2015-04-16,53.20000076293945
2015-04-17,52.81999969482422
2015-04-20,52.619998931884766
2015-04-21,52.2400016784668
2015-04-22,52.0099983215332
2015-04-23,52.31999969482422
2015-04-24,51.869998931884766
2015-04-27,53.209999084472656
2015-04-28,54.47999954223633
2015-04-29,54.119998931884766
2015-04-30,54.099998474121094
2015-05-01,54.31999969482422
2015-05-04,53.7599983215332
2015-05-05,53.150001525878906
2015-05-06,53.88999938964844
2015-05-07,52.650001525878906
2015-05-08,53.77000045776367
2015-05-11,52.779998779296875
2015-05-12,52.83000183105469
2015-05-13,53.130001068115234
2015-05-14,53.43000030517578
2015-05-15,53.54999923706055
2015-05-18,52.75
2015-05-19,52.31999969482422
2015-05-20,52.75
2015-05-21,53.29999923706055
2015-05-22,52.5
2015-05-26,50.72999954223633
2015-05-27,51.58000183105469
2015-05-28,51.15999984741211
2015-05-29,50.4900016784668
2015-06-01,50.380001068115234
2015-06-02,51.439998626708984
2015-06-03,51.08000183105469
2015-06-04,50.20000076293945
2015-06-05,50.04999923706055
2015-06-08,49.77000045776367
2015-06-09,49.459999084472656
2015-06-10,50.75
2015-06-11,51.060001373291016
2015-06-12,49.95000076293945
2015-06-15,49.709999084472656
2015-06-16,49.5099983215332
2015-06-17,50.20000076293945
2015-06-18,50.16999816894531
2015-06-19,49.88999938964844
2015-06-22,51.40999984741211
2015-06-23,51.75
2015-06-24,51.86000061035156
2015-06-25,51.849998474121094
2015-06-26,52.09000015258789
2015-06-29,49.7400016784668
2015-06-30,49.16999816894531
2015-07-01,48.22999954223633
2015-07-02,48.61000061035156
2015-07-06,47.2400016784668
2015-07-07,47.52000045776367
2015-07-08,46.77000045776367
2015-07-09,47.58000183105469
2015-07-10,49.7400016784668
2015-07-13,48.959999084472656
2015-07-14,49.939998626708984
2015-07-15,49.189998626708984
2015-07-16,49.540000915527344
2015-07-17,49.38999938964844
2015-07-20,49.0
2015-07-21,49.380001068115234
2015-07-22,48.84000015258789
2015-07-23,48.790000915527344
2015-07-24,47.900001525878906
2015-07-27,47.33000183105469
2015-07-28,48.09000015258789
2015-07-29,48.959999084472656
2015-07-30,49.20000076293945
2015-07-31,49.290000915527344
2015-08-03,48.599998474121094
2015-08-04,48.65999984741211
2015-08-05,49.029998779296875
2015-08-06,49.619998931884766
2015-08-07,49.83000183105469
2015-08-10,50.40999984741211
2015-08-11,50.869998931884766
2015-08-12,50.630001068115234
2015-08-13,49.150001525878906
2015-08-14,49.060001373291016
2015-08-17,48.970001220703125
2015-08-18,48.02000045776367
2015-08-19,47.68000030517578
2015-08-20,47.0
2015-08-21,46.029998779296875
2015-08-24,43.77000045776367
2015-08-25,42.7400016784668
2015-08-26,42.65999984741211
2015-08-27,45.27000045776367
2015-08-28,46.09000015258789
2015-08-31,46.400001525878906
2015-09-01,45.380001068115234
2015-09-02,45.560001373291016
2015-09-03,45.529998779296875
2015-09-04,44.11000061035156
2015-09-08,45.25
2015-09-09,44.619998931884766
2015-09-10,45.130001068115234
2015-09-11,45.119998931884766
2015-09-14,44.9900016784668
2015-09-15,46.5
2015-09-16,47.470001220703125
2015-09-17,47.75
2015-09-18,46.189998626708984
2015-09-21,45.54999923706055
2015-09-22,44.47999954223633
2015-09-23,43.880001068115234
2015-09-24,44.189998626708984
2015-09-25,44.38999938964844
2015-09-28,43.0
2015-09-29,43.95000076293945
2015-09-30,44.709999084472656
2015-10-01,45.150001525878906
2015-10-02,47.20000076293945
2015-10-05,48.25
2015-10-06,49.869998931884766
2015-10-07,51.2400016784668
2015-10-08,51.599998474121094
2015-10-09,51.400001525878906
2015-10-12,51.349998474121094
2015-10-13,50.900001525878906
2015-10-14,51.58000183105469
2015-10-15,51.84000015258789
2015-10-16,51.970001220703125
2015-10-19,50.86000061035156
2015-10-20,50.45000076293945
2015-10-21,50.349998474121094
2015-10-22,50.7599983215332
2015-10-23,50.38999938964844
2015-10-26,48.900001525878906
2015-10-27,48.209999084472656
2015-10-28,48.59000015258789
2015-10-29,48.45000076293945
2015-10-30,48.22999954223633
2015-11-02,49.65999984741211
2015-11-03,50.75
2015-11-04,50.25
2015-11-05,50.119998931884766
2015-11-06,50.0099983215332
2015-11-09,49.529998779296875
2015-11-10,49.58000183105469
2015-11-11,49.13999938964844
2015-11-12,48.130001068115234
2015-11-13,48.04999923706055
2015-11-16,49.06999969482422
2015-11-17,48.95000076293945
2015-11-18,49.86000061035156
2015-11-19,49.779998779296875
2015-11-20,49.22999954223633
2015-11-23,48.47999954223633
2015-11-24,49.04999923706055
2015-11-25,48.90999984741211
2015-11-27,49.22999954223633
2015-11-30,49.45000076293945
2015-12-01,49.630001068115234
2015-12-02,48.56999969482422
2015-12-03,48.2400016784668
2015-12-04,47.81999969482422
2015-12-07,46.650001525878906
2015-12-08,46.119998931884766
2015-12-09,46.65999984741211
2015-12-10,46.72999954223633
2015-12-11,45.54999923706055
2015-12-14,45.2599983215332
2015-12-15,46.13999938964844
2015-12-16,45.7599983215332
2015-12-17,44.45000076293945
2015-12-18,44.31999969482422
2015-12-21,44.529998779296875
2015-12-22,44.470001220703125
2015-12-23,46.2400016784668
2015-12-24,45.88999938964844
2015-12-28,45.369998931884766
2015-12-29,45.849998474121094
2015-12-30,45.15999984741211
2015-12-31,44.95000076293945
2016-01-04,44.369998931884766
2016-01-05,43.41999816894531
2016-01-06,42.650001525878906
2016-01-07,41.630001068115234
2016-01-08,40.61000061035156
2016-01-11,40.810001373291016
2016-01-12,40.880001068115234
2016-01-13,40.41999816894531
2016-01-14,42.84000015258789
2016-01-15,41.16999816894531
2016-01-19,41.720001220703125
2016-01-20,40.209999084472656
2016-01-21,41.0099983215332
2016-01-22,42.779998779296875
2016-01-25,41.34000015258789
2016-01-26,43.06999969482422
2016-01-27,43.27000045776367
2016-01-28,44.04999923706055
2016-01-29,44.31999969482422
2016-02-01,43.650001525878906
2016-02-02,41.540000915527344
2016-02-03,43.09000015258789
2016-02-04,43.900001525878906
2016-02-05,43.470001220703125
2016-02-08,42.83000183105469
2016-02-09,41.400001525878906
2016-02-10,40.91999816894531
2016-02-11,40.619998931884766
2016-02-12,42.9900016784668
2016-02-16,42.63999938964844
2016-02-17,43.83000183105469
2016-02-18,44.029998779296875
2016-02-19,44.599998474121094
2016-02-22,45.41999816894531
2016-02-23,43.79999923706055
2016-02-24,43.93000030517578
2016-02-25,44.369998931884766
2016-02-26,44.709999084472656
2016-02-29,44.709999084472656
2016-03-01,45.560001373291016
2016-03-02,45.959999084472656
2016-03-03,46.41999816894531
2016-03-04,47.349998474121094
2016-03-07,47.22999954223633
2016-03-08,46.22999954223633
2016-03-09,46.540000915527344
2016-03-10,45.689998626708984
2016-03-11,47.599998474121094
2016-03-14,47.130001068115234
2016-03-15,46.31999969482422
2016-03-16,46.4900016784668
2016-03-17,47.5099983215332
2016-03-18,47.81999969482422
2016-03-21,46.720001220703125
2016-03-22,46.25
2016-03-23,45.529998779296875
2016-03-24,45.279998779296875
2016-03-28,45.099998474121094
2016-03-29,45.59000015258789
2016-03-30,46.279998779296875
2016-03-31,45.41999816894531
2016-04-01,44.20000076293945
2016-04-04,44.43000030517578
2016-04-05,43.84000015258789
2016-04-06,44.720001220703125
2016-04-07,44.13999938964844
2016-04-08,45.470001220703125
2016-04-11,45.599998474121094
2016-04-12,46.90999984741211
2016-04-13,47.91999816894531
2016-04-14,48.5099983215332
2016-04-15,47.91999816894531
2016-04-18,47.79999923706055
2016-04-19,49.11000061035156
2016-04-20,49.400001525878906
2016-04-21,49.15999984741211
2016-04-22,49.439998626708984
2016-04-25,49.16999816894531
2016-04-26,49.83000183105469
2016-04-27,51.0
2016-04-28,50.58000183105469
2016-04-29,50.75
2016-05-02,50.84000015258789
2016-05-03,49.22999954223633
2016-05-04,48.52000045776367
2016-05-05,48.52000045776367
2016-05-06,48.900001525878906
2016-05-09,47.97999954223633
2016-05-10,48.9900016784668
2016-05-11,48.77000045776367
2016-05-12,49.040000915527344
2016-05-13,48.13999938964844
2016-05-16,49.060001373291016
2016-05-17,48.869998931884766
2016-05-18,48.13999938964844
2016-05-19,47.77000045776367
2016-05-20,48.09000015258789
2016-05-23,47.58000183105469
2016-05-24,48.130001068115234
2016-05-25,49.20000076293945
2016-05-26,49.290000915527344
2016-05-27,49.0
2016-05-31,48.52000045776367
2016-06-01,47.4900016784668
2016-06-02,47.11000061035156
2016-06-03,47.52000045776367
2016-06-06,48.09000015258789
2016-06-07,49.4900016784668
2016-06-08,49.4900016784668
2016-06-09,48.709999084472656
2016-06-10,47.20000076293945
2016-06-13,46.459999084472656
2016-06-14,45.38999938964844
2016-06-15,45.459999084472656
2016-06-16,46.18000030517578
2016-06-17,47.040000915527344
2016-06-20,47.970001220703125
2016-06-21,48.56999969482422
2016-06-22,48.310001373291016
2016-06-23,49.91999816894531
2016-06-24,45.599998474121094
2016-06-27,44.810001373291016
2016-06-28,46.29999923706055
2016-06-29,47.689998626708984
2016-06-30,48.099998474121094
2016-07-01,48.7400016784668
2016-07-05,47.209999084472656
2016-07-06,46.90999984741211
2016-07-07,46.279998779296875
2016-07-08,47.15999984741211
2016-07-11,47.68000030517578
2016-07-12,48.619998931884766
2016-07-13,48.5099983215332
2016-07-14,49.189998626708984
2016-07-15,48.7400016784668
2016-07-18,48.31999969482422
2016-07-19,47.90999984741211
2016-07-20,47.869998931884766
2016-07-21,47.65999984741211
2016-07-22,47.45000076293945
2016-07-25,46.31999969482422
2016-07-26,46.75
2016-07-27,46.91999816894531
2016-07-28,47.36000061035156
2016-07-29,48.099998474121094
2016-08-01,46.630001068115234
2016-08-02,46.709999084472656
2016-08-03,46.7400016784668
2016-08-04,46.939998626708984
2016-08-05,47.58000183105469
2016-08-08,47.540000915527344
2016-08-09,47.95000076293945
2016-08-10,47.72999954223633
2016-08-11,48.29999923706055
2016-08-12,48.349998474121094
2016-08-15,48.599998474121094
2016-08-16,49.18000030517578
2016-08-17,49.349998474121094
2016-08-18,49.630001068115234
2016-08-19,49.02000045776367
2016-08-22,48.099998474121094
2016-08-23,48.22999954223633
2016-08-24,48.11000061035156
2016-08-25,48.040000915527344
2016-08-26,48.4900016784668
2016-08-29,48.29999923706055
2016-08-30,48.5
2016-08-31,47.75
2016-09-01,47.7599983215332
2016-09-02,48.95000076293945
2016-09-06,49.619998931884766
2016-09-07,49.95000076293945
2016-09-08,50.09000015258789
2016-09-09,48.7400016784668
2016-09-12,48.97999954223633
2016-09-13,47.43000030517578
2016-09-14,46.59000015258789
2016-09-15,46.849998474121094
2016-09-16,45.779998779296875
2016-09-19,46.40999984741211
2016-09-20,46.209999084472656
2016-09-21,47.13999938964844
2016-09-22,47.59000015258789
2016-09-23,46.529998779296875
2016-09-26,46.099998474121094
2016-09-27,45.90999984741211
2016-09-28,47.189998626708984
2016-09-29,47.63999938964844
2016-09-30,47.70000076293945
2016-10-03,47.56999969482422
2016-10-04,47.810001373291016
2016-10-05,48.25
2016-10-06,48.20000076293945
2016-10-07,47.880001068115234
2016-10-10,48.810001373291016
2016-10-11,48.029998779296875
2016-10-12,48.349998474121094
2016-10-13,48.119998931884766
2016-10-14,48.540000915527344
2016-10-17,48.099998474121094
2016-10-18,48.540000915527344
2016-10-19,48.34000015258789
2016-10-20,48.540000915527344
2016-10-21,48.279998779296875
2016-10-24,48.61000061035156
2016-10-25,48.27000045776367
2016-10-26,47.95000076293945
2016-10-27,48.380001068115234
2016-10-28,48.25
2016-10-31,47.7400016784668
2016-11-01,47.790000915527344
2016-11-02,46.61000061035156
2016-11-03,46.959999084472656
2016-11-04,46.630001068115234
2016-11-07,47.40999984741211
2016-11-08,47.52000045776367
2016-11-09,47.56999969482422
2016-11-10,47.290000915527344
2016-11-11,46.130001068115234
2016-11-14,45.59000015258789
2016-11-15,46.880001068115234
2016-11-16,46.130001068115234
2016-11-17,46.11000061035156
2016-11-18,45.810001373291016
2016-11-21,46.849998474121094
2016-11-22,47.09000015258789
2016-11-23,46.439998626708984
2016-11-25,46.61000061035156
2016-11-28,46.400001525878906
2016-11-29,46.90999984741211
2016-11-30,47.65999984741211
2016-12-01,47.75
2016-12-02,47.779998779296875
2016-12-05,48.16999816894531
2016-12-06,48.43000030517578
2016-12-07,49.130001068115234
2016-12-08,49.0
2016-12-09,49.15999984741211
2016-12-12,49.88999938964844
2016-12-13,50.529998779296875
2016-12-14,49.439998626708984
2016-12-15,49.689998626708984
2016-12-16,49.77000045776367
2016-12-19,48.849998474121094
2016-12-20,48.95000076293945
2016-12-21,49.529998779296875
2016-12-22,50.060001373291016
2016-12-23,50.209999084472656
2016-12-27,50.470001220703125
2016-12-28,50.279998779296875
2016-12-29,50.619998931884766
2016-12-30,50.970001220703125
2017-01-03,50.869998931884766
2017-01-04,51.119998931884766
2017-01-05,51.75
2017-01-06,51.150001525878906
2017-01-09,50.61000061035156
2017-01-10,50.619998931884766
2017-01-11,51.209999084472656
2017-01-12,51.810001373291016
2017-01-13,51.59000015258789
2017-01-17,51.5099983215332
2017-01-18,51.189998626708984
2017-01-19,50.65999984741211
2017-01-20,51.15999984741211
2017-01-23,50.90999984741211
2017-01-24,51.22999954223633
2017-01-25,51.47999954223633
2017-01-26,50.790000915527344
2017-01-27,50.400001525878906
2017-01-30,49.81999969482422
2017-01-31,50.560001373291016
2017-02-01,50.36000061035156
2017-02-02,50.279998779296875
2017-02-03,50.810001373291016
2017-02-06,50.380001068115234
2017-02-07,49.630001068115234
2017-02-08,49.9900016784668
2017-02-09,50.5099983215332
2017-02-10,50.900001525878906
2017-02-13,50.91999816894531
2017-02-14,50.709999084472656
2017-02-15,50.93000030517578
2017-02-16,50.88999938964844
2017-02-17,50.54999923706055
2017-02-21,51.90999984741211
2017-02-22,51.060001373291016
2017-02-23,51.15999984741211
2017-02-24,50.2599983215332
2017-02-27,50.130001068115234
2017-02-28,49.970001220703125
2017-03-01,50.349998474121094
2017-03-02,50.22999954223633
2017-03-03,50.93000030517578
2017-03-06,51.0
2017-03-07,50.119998931884766
2017-03-08,49.20000076293945
2017-03-09,49.779998779296875
2017-03-10,50.25
2017-03-13,50.040000915527344
2017-03-14,49.20000076293945
2017-03-15,49.63999938964844
2017-03-16,49.84000015258789
2017-03-17,49.959999084472656
2017-03-20,49.540000915527344
2017-03-21,49.77000045776367
2017-03-22,49.84000015258789
2017-03-23,49.7599983215332
2017-03-24,49.72999954223633
2017-03-27,49.970001220703125
2017-03-28,50.150001525878906
2017-03-29,50.099998474121094
2017-03-30,50.060001373291016
2017-03-31,50.41999816894531
2017-04-03,50.4900016784668
2017-04-04,51.08000183105469
2017-04-05,50.84000015258789
2017-04-06,51.869998931884766
2017-04-07,51.880001068115234
2017-04-10,51.59000015258789
2017-04-11,51.86000061035156
2017-04-12,51.68000030517578
2017-04-13,50.529998779296875
2017-04-17,50.84000015258789
2017-04-18,50.369998931884766
2017-04-19,49.810001373291016
2017-04-20,50.27000045776367
2017-04-21,49.939998626708984
2017-04-24,51.810001373291016
2017-04-25,52.22999954223633
2017-04-26,51.459999084472656
2017-04-27,51.61000061035156
2017-04-28,51.16999816894531
2017-05-01,51.11000061035156
2017-05-02,50.939998626708984
2017-05-03,50.900001525878906
2017-05-04,51.4900016784668
2017-05-05,52.83000183105469
2017-05-08,52.439998626708984
2017-05-09,51.83000183105469
2017-05-10,52.209999084472656
2017-05-11,51.869998931884766
2017-05-12,52.220001220703125
2017-05-15,52.79999923706055
2017-05-16,53.959999084472656
2017-05-17,53.36000061035156
2017-05-18,53.5099983215332
2017-05-19,54.29999923706055
2017-05-22,54.31999969482422
2017-05-23,53.86000061035156
2017-05-24,53.63999938964844
2017-05-25,52.869998931884766
2017-05-26,53.0
2017-05-30,52.81999969482422
2017-05-31,52.29999923706055
2017-06-01,52.099998474121094
2017-06-02,52.209999084472656
2017-06-05,51.7599983215332
2017-06-06,51.93000030517578
2017-06-07,51.16999816894531
2017-06-08,51.119998931884766
2017-06-09,51.369998931884766
2017-06-12,51.13999938964844
2017-06-13,51.40999984741211
2017-06-14,50.40999984741211
2017-06-15,49.54999923706055
2017-06-16,50.279998779296875
2017-06-19,50.27000045776367
2017-06-20,49.7400016784668
2017-06-21,49.459999084472656
2017-06-22,49.33000183105469
2017-06-23,49.20000076293945
2017-06-26,49.15999984741211
2017-06-27,50.060001373291016
2017-06-28,50.380001068115234
2017-06-29,49.86000061035156
2017-06-30,49.59000015258789
2017-07-03,50.099998474121094
2017-07-05,48.93000030517578
2017-07-06,48.880001068115234
2017-07-07,48.45000076293945
2017-07-10,48.65999984741211
2017-07-11,49.02000045776367
2017-07-12,49.060001373291016
2017-07-13,49.22999954223633
2017-07-14,49.65999984741211
2017-07-17,49.4900016784668
2017-07-18,49.68000030517578
2017-07-19,50.130001068115234
2017-07-20,50.349998474121094
2017-07-21,49.619998931884766
2017-07-24,49.61000061035156
2017-07-25,49.81999969482422
2017-07-26,50.38999938964844
2017-07-27,50.439998626708984
2017-07-28,50.61000061035156
2017-07-31,50.66999816894531
2017-08-01,51.220001220703125
2017-08-02,51.59000015258789
2017-08-03,51.45000076293945
2017-08-04,51.91999816894531
2017-08-07,51.720001220703125
2017-08-08,51.189998626708984
2017-08-09,51.310001373291016
2017-08-10,50.869998931884766
2017-08-11,50.400001525878906
2017-08-14,50.18000030517578
2017-08-15,50.2599983215332
2017-08-16,50.400001525878906
2017-08-17,49.880001068115234
2017-08-18,50.4900016784668
2017-08-21,50.349998474121094
2017-08-22,51.060001373291016
2017-08-23,51.630001068115234
2017-08-24,51.369998931884766
2017-08-25,51.650001525878906
2017-08-28,51.790000915527344
2017-08-29,51.83000183105469
2017-08-30,51.459999084472656
2017-08-31,52.040000915527344
2017-09-01,52.040000915527344
2017-09-05,52.189998626708984
2017-09-06,52.77000045776367
2017-09-07,53.459999084472656
2017-09-08,52.81999969482422
2017-09-11,53.119998931884766
2017-09-12,53.400001525878906
2017-09-13,53.290000915527344
2017-09-14,53.400001525878906
2017-09-15,53.86000061035156
2017-09-18,53.810001373291016
2017-09-19,54.029998779296875
2017-09-20,54.63999938964844
2017-09-21,53.90999984741211
2017-09-22,54.02000045776367
2017-09-25,54.189998626708984
2017-09-26,53.290000915527344
2017-09-27,53.2599983215332
2017-09-28,53.41999816894531
2017-09-29,53.52000045776367
2017-10-02,53.400001525878906
2017-10-03,53.86000061035156
2017-10-04,53.310001373291016
2017-10-05,53.5
2017-10-06,53.439998626708984
2017-10-09,53.36000061035156
2017-10-10,53.90999984741211
2017-10-11,54.63999938964844
2017-10-12,54.27000045776367
2017-10-13,53.970001220703125
2017-10-16,54.47999954223633
2017-10-17,53.959999084472656
2017-10-18,54.029998779296875
2017-10-19,54.20000076293945
2017-10-20,54.15999984741211
2017-10-23,54.06999969482422
2017-10-24,54.61000061035156
2017-10-25,54.33000183105469
2017-10-26,54.279998779296875
2017-10-27,54.779998779296875
2017-10-30,55.5099983215332
2017-10-31,55.720001220703125
2017-11-01,56.220001220703125
2017-11-02,56.56999969482422
2017-11-03,56.33000183105469
2017-11-06,56.959999084472656
2017-11-07,56.84000015258789
2017-11-08,56.709999084472656
2017-11-09,56.540000915527344
2017-11-10,56.16999816894531
2017-11-13,55.54999923706055
2017-11-14,55.209999084472656
2017-11-15,54.70000076293945
2017-11-16,54.540000915527344
2017-11-17,54.779998779296875
2017-11-20,54.66999816894531
2017-11-21,54.93000030517578
2017-11-22,56.11000061035156
2017-11-24,56.43000030517578
2017-11-27,56.369998931884766
2017-11-28,56.61000061035156
2017-11-29,56.7400016784668
2017-11-30,56.54999923706055
2017-12-01,56.58000183105469
2017-12-04,56.349998474121094
2017-12-05,56.220001220703125
2017-12-06,55.849998474121094
2017-12-07,55.7400016784668
2017-12-08,55.68000030517578
2017-12-11,55.66999816894531
2017-12-12,56.029998779296875
2017-12-13,56.060001373291016
2017-12-14,55.869998931884766
2017-12-15,54.369998931884766
2017-12-18,54.86000061035156
2017-12-19,54.56999969482422
2017-12-20,55.13999938964844
2017-12-21,55.54999923706055
2017-12-22,55.13999938964844
2017-12-26,55.43000030517578
2017-12-27,55.27000045776367
2017-12-28,55.540000915527344
2017-12-29,55.279998779296875
2018-01-02,55.869998931884766
2018-01-03,56.439998626708984
2018-01-04,57.40999984741211
2018-01-05,57.77000045776367
2018-01-08,57.779998779296875
2018-01-09,57.70000076293945
2018-01-10,57.540000915527344
2018-01-11,57.880001068115234
2018-01-12,59.33000183105469
2018-01-16,58.58000183105469
2018-01-17,58.65999984741211
2018-01-18,58.11000061035156
2018-01-19,57.95000076293945
2018-01-22,58.86000061035156
2018-01-23,58.470001220703125
2018-01-24,59.11000061035156
2018-01-25,59.099998474121094
2018-01-26,59.04999923706055
2018-01-29,58.310001373291016
2018-01-30,57.66999816894531
2018-01-31,58.060001373291016
2018-02-01,59.220001220703125
2018-02-02,57.279998779296875
2018-02-05,54.18000030517578
2018-02-06,55.720001220703125
2018-02-07,54.709999084472656
2018-02-08,54.619998931884766
2018-02-09,55.0
2018-02-12,55.720001220703125
2018-02-13,56.040000915527344
2018-02-14,57.130001068115234
2018-02-15,56.84000015258789
2018-02-16,57.130001068115234
2018-02-20,57.029998779296875
2018-02-21,56.63999938964844
2018-02-22,57.529998779296875
2018-02-23,58.380001068115234
2018-02-26,58.439998626708984
2018-02-27,57.459999084472656
2018-02-28,56.689998626708984
2018-03-01,56.529998779296875
2018-03-02,56.540000915527344
2018-03-05,56.83000183105469
2018-03-06,56.9900016784668
2018-03-07,57.150001525878906
2018-03-08,57.189998626708984
2018-03-09,57.2400016784668
2018-03-12,57.470001220703125
2018-03-13,57.65999984741211
2018-03-14,58.209999084472656
2018-03-15,57.22999954223633
2018-03-16,57.779998779296875
2018-03-19,57.02000045776367
2018-03-20,56.79999923706055
2018-03-21,57.33000183105469
2018-03-22,56.58000183105469
2018-03-23,56.279998779296875
2018-03-26,57.599998474121094
2018-03-27,56.560001373291016
2018-03-28,56.20000076293945
2018-03-29,57.689998626708984
2018-04-02,56.810001373291016
2018-04-03,58.099998474121094
2018-04-04,58.720001220703125
2018-04-05,59.70000076293945
2018-04-06,59.40999984741211
2018-04-09,59.380001068115234
2018-04-10,60.5
2018-04-11,60.41999816894531
2018-04-12,60.29999923706055
2018-04-13,60.0099983215332
2018-04-16,60.150001525878906
2018-04-17,60.630001068115234
2018-04-18,61.630001068115234
2018-04-19,62.029998779296875
2018-04-20,62.20000076293945
2018-04-23,62.349998474121094
2018-04-24,62.790000915527344
2018-04-25,62.130001068115234
2018-04-26,63.040000915527344
2018-04-27,62.95000076293945
2018-04-30,62.61000061035156
2018-05-01,62.099998474121094
2018-05-02,61.90999984741211
2018-05-03,62.36000061035156
2018-05-04,62.5
2018-05-07,62.0
2018-05-08,61.66999816894531
2018-05-09,62.529998779296875
2018-05-10,62.9900016784668
2018-05-11,63.790000915527344
2018-05-14,64.23999786376953
2018-05-15,63.869998931884766
2018-05-16,63.209999084472656
2018-05-17,63.9900016784668
2018-05-18,64.05000305175781
2018-05-21,63.95000076293945
2018-05-22,63.06999969482422
2018-05-23,61.38999938964844
2018-05-24,61.040000915527344
2018-05-25,59.27000045776367
2018-05-29,58.529998779296875
2018-05-30,60.59000015258789
2018-05-31,60.650001525878906
2018-06-01,61.29999923706055
2018-06-04,61.310001373291016
2018-06-05,61.119998931884766
2018-06-06,61.70000076293945
2018-06-07,61.810001373291016
2018-06-08,61.7400016784668
2018-06-11,62.380001068115234
2018-06-12,60.88999938964844
2018-06-13,61.380001068115234
2018-06-14,61.20000076293945
2018-06-15,60.59000015258789
2018-06-18,60.7599983215332
2018-06-19,59.810001373291016
2018-06-20,59.31999969482422
2018-06-21,58.63999938964844
2018-06-22,60.83000183105469
2018-06-25,60.25
2018-06-26,60.29999923706055
2018-06-27,60.630001068115234
2018-06-28,60.22999954223633
2018-06-29,60.560001373291016
2018-07-02,60.86000061035156
2018-07-03,61.400001525878906
2018-07-05,62.84000015258789
2018-07-06,62.7400016784668
2018-07-09,64.16000366210938
2018-07-10,64.05000305175781
2018-07-11,61.779998779296875
2018-07-12,62.2400016784668
2018-07-13,62.290000915527344
2018-07-16,61.91999816894531
2018-07-17,61.650001525878906
2018-07-18,62.0
2018-07-19,61.529998779296875
2018-07-20,61.4900016784668
2018-07-23,61.25
2018-07-24,61.95000076293945
2018-07-25,62.459999084472656
2018-07-26,63.130001068115234
2018-07-27,64.02999877929688
2018-07-30,64.26000213623047
2018-07-31,65.25
2018-08-01,64.56999969482422
2018-08-02,63.79999923706055
2018-08-03,63.619998931884766
2018-08-06,63.43000030517578
2018-08-07,64.75
2018-08-08,64.4000015258789
2018-08-09,63.84000015258789
2018-08-10,61.81999969482422
2018-08-13,61.5099983215332
2018-08-14,60.93000030517578
2018-08-15,58.869998931884766
2018-08-16,59.70000076293945
2018-08-17,60.09000015258789
2018-08-20,60.68000030517578
2018-08-21,61.7400016784668
2018-08-22,62.369998931884766
2018-08-23,62.83000183105469
2018-08-24,64.05000305175781
2018-08-27,65.0
2018-08-28,63.81999969482422
2018-08-29,63.97999954223633
2018-08-30,63.619998931884766
2018-08-31,62.7400016784668
2018-09-04,62.18000030517578
2018-09-05,61.34000015258789
2018-09-06,60.54999923706055
2018-09-07,60.189998626708984
2018-09-10,60.0
2018-09-11,61.709999084472656
2018-09-12,62.34000015258789
2018-09-13,62.849998474121094
2018-09-14,62.63999938964844
2018-09-17,62.380001068115234
2018-09-18,63.099998474121094
2018-09-19,63.04999923706055
2018-09-20,64.02999877929688
2018-09-21,63.33000183105469
2018-09-24,64.11000061035156
2018-09-25,65.1500015258789
2018-09-26,64.76000213623047
2018-09-27,65.12000274658203
2018-09-28,64.38999938964844
2018-10-01,65.44000244140625
2018-10-02,64.91000366210938
2018-10-03,64.88999938964844
2018-10-04,64.4000015258789
2018-10-05,63.58000183105469
2018-10-08,62.290000915527344
2018-10-09,63.189998626708984
2018-10-10,63.029998779296875
2018-10-11,61.56999969482422
2018-10-12,61.58000183105469
2018-10-15,62.119998931884766
2018-10-16,62.0
2018-10-17,61.68000030517578
2018-10-18,60.529998779296875
2018-10-19,60.810001373291016
2018-10-22,59.79999923706055
2018-10-23,58.91999816894531
2018-10-24,56.959999084472656
2018-10-25,58.16999816894531
2018-10-26,57.84000015258789
2018-10-29,57.290000915527344
2018-10-30,57.880001068115234
2018-10-31,58.599998474121094
2018-11-01,57.81999969482422
2018-11-02,57.29999923706055
2018-11-05,58.470001220703125
2018-11-06,58.56999969482422
2018-11-07,59.31999969482422
2018-11-08,57.83000183105469
2018-11-09,57.400001525878906
2018-11-12,56.310001373291016
2018-11-13,54.849998474121094
2018-11-14,55.959999084472656
2018-11-15,57.130001068115234
2018-11-16,57.11000061035156
2018-11-19,56.63999938964844
2018-11-20,55.279998779296875
2018-11-21,56.59000015258789
2018-11-23,53.97999954223633
2018-11-26,54.75
2018-11-27,54.2599983215332
2018-11-28,55.41999816894531
2018-11-29,55.33000183105469
2018-11-30,55.61000061035156
2018-12-03,56.959999084472656
2018-12-04,55.5099983215332
2018-12-06,54.59000015258789
2018-12-07,54.33000183105469
2018-12-10,54.09000015258789
2018-12-11,53.81999969482422
2018-12-12,54.54999923706055
2018-12-13,55.650001525878906
2018-12-14,54.36000061035156
2018-12-17,54.0
2018-12-18,52.70000076293945
2018-12-19,52.209999084472656
2018-12-20,52.2400016784668
2018-12-21,51.779998779296875
2018-12-24,50.220001220703125
2018-12-26,52.13999938964844
2018-12-27,52.349998474121094
2018-12-28,52.38999938964844
2018-12-31,52.18000030517578
2019-01-02,52.790000915527344
2019-01-03,52.90999984741211
2019-01-04,54.459999084472656
2019-01-07,54.36000061035156
2019-01-08,54.189998626708984
2019-01-09,55.380001068115234
2019-01-10,54.959999084472656
2019-01-11,53.88999938964844
2019-01-14,54.29999923706055
2019-01-15,53.810001373291016
2019-01-16,53.599998474121094
2019-01-17,53.7599983215332
2019-01-18,54.560001373291016
2019-01-22,53.47999954223633
2019-01-23,52.95000076293945
2019-01-24,53.34000015258789
2019-01-25,54.209999084472656
2019-01-28,53.59000015258789
2019-01-29,54.06999969482422
2019-01-30,54.16999816894531
2019-01-31,54.72999954223633
2019-02-01,55.310001373291016
2019-02-04,55.5099983215332
2019-02-05,55.88999938964844
2019-02-06,55.619998931884766
2019-02-07,54.560001373291016
2019-02-08,55.15999984741211
2019-02-11,55.150001525878906
2019-02-12,55.61000061035156
2019-02-13,54.880001068115234
2019-02-14,55.369998931884766
2019-02-15,56.290000915527344
2019-02-19,56.38999938964844
2019-02-20,56.36000061035156
2019-02-21,56.09000015258789
2019-02-22,56.83000183105469
2019-02-25,56.4900016784668
2019-02-26,56.65999984741211
2019-02-27,56.70000076293945
2019-02-28,56.90999984741211
2019-03-01,57.209999084472656
2019-03-04,57.540000915527344
2019-03-05,57.83000183105469
2019-03-06,57.54999923706055
2019-03-07,57.099998474121094
2019-03-08,56.63999938964844
2019-03-11,56.93000030517578
2019-03-12,56.88999938964844
2019-03-13,58.349998474121094
2019-03-14,58.369998931884766
2019-03-15,57.81999969482422
2019-03-18,58.650001525878906
2019-03-19,57.689998626708984
2019-03-20,57.91999816894531
2019-03-21,57.5
2019-03-22,56.0099983215332
2019-03-25,55.709999084472656
2019-03-26,56.189998626708984
2019-03-27,55.7400016784668
2019-03-28,55.56999969482422
2019-03-29,55.650001525878906
2019-04-01,56.220001220703125
2019-04-02,55.959999084472656
2019-04-03,55.86000061035156
2019-04-04,56.029998779296875
2019-04-05,56.72999954223633
2019-04-08,57.060001373291016
2019-04-09,56.439998626708984
2019-04-10,56.779998779296875
2019-04-11,56.380001068115234
2019-04-12,56.34000015258789
2019-04-15,56.36000061035156
2019-04-16,55.68000030517578
2019-04-17,56.439998626708984
2019-04-18,56.72999954223633
2019-04-22,57.849998474121094
2019-04-23,57.380001068115234
2019-04-24,55.599998474121094
2019-04-25,55.88999938964844
2019-04-26,55.16999816894531
2019-04-29,54.70000076293945
2019-04-30,55.66999816894531
2019-05-01,54.9900016784668
2019-05-02,55.09000015258789
2019-05-03,55.18000030517578
2019-05-06,53.9900016784668
2019-05-07,52.470001220703125
2019-05-08,52.52000045776367
2019-05-09,52.790000915527344
2019-05-10,53.2599983215332
2019-05-13,52.529998779296875
2019-05-14,53.0
2019-05-15,53.45000076293945
2019-05-16,54.279998779296875
2019-05-17,54.810001373291016
2019-05-20,54.88999938964844
2019-05-21,55.060001373291016
2019-05-22,54.130001068115234
2019-05-23,52.9900016784668
2019-05-24,53.41999816894531
2019-05-28,52.900001525878906
2019-05-29,52.5099983215332
2019-05-30,52.02000045776367
2019-05-31,51.5
2019-06-03,52.279998779296875
2019-06-04,52.720001220703125
2019-06-05,52.31999969482422
2019-06-06,53.349998474121094
2019-06-07,53.380001068115234
2019-06-10,53.72999954223633
2019-06-11,54.5099983215332
2019-06-12,52.810001373291016
2019-06-13,52.83000183105469
2019-06-14,53.18000030517578
2019-06-17,52.630001068115234
2019-06-18,53.689998626708984
2019-06-19,54.060001373291016
2019-06-20,54.95000076293945
2019-06-21,55.369998931884766
2019-06-24,55.75
2019-06-25,55.45000076293945
2019-06-26,56.08000183105469
2019-06-27,55.599998474121094
2019-06-28,55.790000915527344
2019-07-01,56.029998779296875
2019-07-02,55.939998626708984
2019-07-03,55.5099983215332
2019-07-05,55.369998931884766
2019-07-08,55.599998474121094
2019-07-09,55.47999954223633
2019-07-10,56.29999923706055
2019-07-11,56.43000030517578
2019-07-12,56.45000076293945
2019-07-15,56.58000183105469
2019-07-16,55.59000015258789
2019-07-17,54.630001068115234
2019-07-18,54.45000076293945
2019-07-19,54.5
2019-07-22,54.40999984741211
2019-07-23,54.29999923706055
2019-07-24,53.7599983215332
2019-07-25,53.290000915527344
2019-07-26,53.630001068115234
2019-07-29,53.66999816894531
2019-07-30,53.150001525878906
2019-07-31,51.7400016784668
2019-08-01,50.93000030517578
2019-08-02,49.38999938964844
2019-08-05,49.13999938964844
2019-08-06,48.970001220703125
2019-08-07,48.7599983215332
2019-08-08,49.31999969482422
2019-08-09,48.790000915527344
2019-08-12,48.630001068115234
2019-08-13,49.43000030517578
2019-08-14,48.31999969482422
2019-08-15,48.04999923706055
2019-08-16,48.0099983215332
2019-08-19,48.90999984741211
2019-08-20,48.56999969482422
2019-08-21,49.119998931884766
2019-08-22,48.970001220703125
2019-08-23,48.119998931884766
2019-08-26,48.52000045776367
2019-08-27,48.72999954223633
2019-08-28,49.099998474121094
2019-08-29,49.529998779296875
2019-08-30,49.91999816894531
2019-09-03,49.290000915527344
2019-09-04,49.91999816894531
2019-09-05,50.40999984741211
2019-09-06,50.52000045776367
2019-09-09,50.91999816894531
2019-09-10,51.869998931884766
2019-09-11,51.439998626708984
2019-09-12,51.70000076293945
2019-09-13,51.849998474121094
2019-09-16,52.63999938964844
2019-09-17,52.81999969482422
2019-09-18,52.83000183105469
2019-09-19,52.86000061035156
2019-09-20,53.84000015258789
2019-09-23,53.66999816894531
2019-09-24,51.939998626708984
2019-09-25,50.790000915527344
2019-09-26,51.689998626708984
2019-09-27,51.86000061035156
2019-09-30,52.0
2019-10-01,51.5
2019-10-02,49.970001220703125
2019-10-03,49.43000030517578
2019-10-04,48.86000061035156
2019-10-07,49.060001373291016
2019-10-08,48.540000915527344
2019-10-09,49.09000015258789
2019-10-10,49.84000015258789
2019-10-11,50.9900016784668
2019-10-14,50.650001525878906
2019-10-15,51.029998779296875
2019-10-16,51.099998474121094
2019-10-17,51.52000045776367
2019-10-18,51.470001220703125
2019-10-21,52.0099983215332
2019-10-22,52.369998931884766
2019-10-23,52.869998931884766
2019-10-24,52.41999816894531
2019-10-25,52.7599983215332
2019-10-28,52.869998931884766
2019-10-29,52.68000030517578
2019-10-30,52.650001525878906
2019-10-31,52.630001068115234
2019-11-01,53.220001220703125
2019-11-04,54.04999923706055
2019-11-05,54.79999923706055
2019-11-06,54.290000915527344
2019-11-07,54.88999938964844
2019-11-08,54.79999923706055
2019-11-11,54.529998779296875
2019-11-12,54.150001525878906
2019-11-13,54.29999923706055
2019-11-14,54.27000045776367
2019-11-15,54.38999938964844
2019-11-18,54.369998931884766
2019-11-19,53.65999984741211
2019-11-20,53.779998779296875
2019-11-21,54.2599983215332
2019-11-22,54.290000915527344
2019-11-25,53.790000915527344
2019-11-26,53.15999984741211
2019-11-27,52.880001068115234
2019-11-29,52.540000915527344
2019-12-02,52.209999084472656
2019-12-03,51.83000183105469
2019-12-04,52.290000915527344
2019-12-05,52.290000915527344
2019-12-06,52.97999954223633
2019-12-09,52.630001068115234
2019-12-10,52.540000915527344
2019-12-11,52.68000030517578
2019-12-12,53.130001068115234
2019-12-13,52.959999084472656
2019-12-16,53.70000076293945
2019-12-17,54.22999954223633
2019-12-18,54.29999923706055
2019-12-19,54.40999984741211
2019-12-20,54.369998931884766
2019-12-23,55.040000915527344
2019-12-24,54.779998779296875
2019-12-26,55.11000061035156
2019-12-27,54.97999954223633
2019-12-30,55.09000015258789
2019-12-31,55.29999923706055
2020-01-02,55.27000045776367
2020-01-03,55.470001220703125
2020-01-06,56.5099983215332
2020-01-07,56.189998626708984
2020-01-08,55.849998474121094
2020-01-09,55.880001068115234
2020-01-10,55.459999084472656
2020-01-13,55.400001525878906
2020-01-14,54.689998626708984
2020-01-15,54.119998931884766
2020-01-16,54.29999923706055
2020-01-17,54.0099983215332
2020-01-21,53.150001525878906
2020-01-22,52.900001525878906
2020-01-23,52.650001525878906
2020-01-24,52.2599983215332
2020-01-27,50.810001373291016
2020-01-28,51.06999969482422
2020-01-29,50.400001525878906
2020-01-30,49.88999938964844
2020-01-31,48.59000015258789
2020-02-03,48.5
2020-02-04,48.90999984741211
2020-02-05,50.040000915527344
2020-02-06,50.16999816894531
2020-02-07,49.40999984741211
2020-02-10,48.869998931884766
2020-02-11,49.310001373291016
2020-02-12,49.810001373291016
2020-02-13,49.189998626708984
2020-02-14,49.209999084472656
2020-02-18,48.65999984741211
2020-02-19,48.83000183105469
2020-02-20,48.349998474121094
2020-02-21,48.0
2020-02-24,45.540000915527344
2020-02-25,44.15999984741211
2020-02-26,43.90999984741211
2020-02-27,42.75
2020-02-28,43.13999938964844
2020-03-02,44.41999816894531
2020-03-03,43.5
2020-03-04,44.83000183105469
2020-03-05,43.540000915527344
2020-03-06,42.310001373291016
2020-03-09,34.77000045776367
2020-03-10,37.02000045776367
2020-03-11,34.5099983215332
2020-03-12,29.11000061035156
2020-03-13,31.219999313354492
2020-03-16,26.299999237060547
2020-03-17,27.6299991607666
2020-03-18,24.799999237060547
2020-03-19,24.760000228881836
2020-03-20,25.420000076293945
2020-03-23,28.799999237060547
2020-03-24,32.970001220703125
2020-03-25,36.119998931884766
2020-03-26,35.369998931884766
2020-03-27,35.20000076293945
2020-03-30,36.779998779296875
2020-03-31,37.2400016784668
2020-04-01,37.47999954223633
2020-04-02,39.720001220703125
2020-04-03,35.66999816894531
2020-04-06,37.209999084472656
2020-04-07,36.41999816894531
2020-04-08,37.099998474121094
2020-04-09,36.7400016784668
2020-04-13,36.189998626708984
2020-04-14,35.36000061035156
2020-04-15,33.68000030517578
2020-04-16,32.25
2020-04-17,34.5099983215332
2020-04-20,33.0
2020-04-21,32.529998779296875
2020-04-22,34.369998931884766
2020-04-23,34.61000061035156
2020-04-24,34.150001525878906
2020-04-27,35.15999984741211
2020-04-28,35.689998626708984
2020-04-29,37.5
2020-04-30,35.150001525878906
2020-05-01,33.43000030517578
2020-05-04,33.560001373291016
2020-05-05,35.0099983215332
2020-05-06,34.209999084472656
2020-05-07,34.900001525878906
2020-05-08,36.41999816894531
2020-05-11,34.810001373291016
2020-05-12,34.5
2020-05-13,33.290000915527344
2020-05-14,33.72999954223633
2020-05-15,33.029998779296875
2020-05-18,35.689998626708984
2020-05-19,35.349998474121094
2020-05-20,36.4900016784668
2020-05-21,36.040000915527344
2020-05-22,36.02000045776367
2020-05-26,36.52000045776367
2020-05-27,37.2599983215332
2020-05-28,37.439998626708984
2020-05-29,37.58000183105469
2020-06-01,38.65999984741211
2020-06-02,39.279998779296875
2020-06-03,40.84000015258789
2020-06-04,40.75
2020-06-05,43.08000183105469
2020-06-08,44.189998626708984
2020-06-09,42.83000183105469
2020-06-10,41.9900016784668
2020-06-11,38.369998931884766
2020-06-12,39.59000015258789
2020-06-15,39.63999938964844
2020-06-16,40.2400016784668
2020-06-17,39.970001220703125
2020-06-18,39.86000061035156
2020-06-19,39.380001068115234
2020-06-22,39.97999954223633
2020-06-23,40.56999969482422
2020-06-24,39.06999969482422
2020-06-25,39.16999816894531
2020-06-26,38.75
2020-06-29,38.900001525878906
2020-06-30,38.459999084472656
2020-07-01,38.36000061035156
2020-07-02,38.970001220703125
2020-07-06,39.58000183105469
2020-07-07,38.540000915527344
2020-07-08,38.869998931884766
2020-07-09,37.18000030517578
2020-07-10,37.77000045776367
2020-07-13,37.7599983215332
2020-07-14,39.040000915527344
2020-07-15,39.310001373291016
2020-07-16,38.900001525878906
2020-07-17,38.47999954223633
2020-07-20,37.779998779296875
2020-07-21,38.68000030517578
2020-07-22,37.88999938964844
2020-07-23,37.88999938964844
2020-07-24,38.25
2020-07-27,38.4900016784668
2020-07-28,38.0
2020-07-29,38.33000183105469
2020-07-30,38.29999923706055
2020-07-31,37.65999984741211
2020-08-03,38.470001220703125
2020-08-04,39.349998474121094
2020-08-05,39.77000045776367
2020-08-06,39.310001373291016
2020-08-07,38.939998626708984
2020-08-10,39.209999084472656
2020-08-11,39.720001220703125
2020-08-12,40.470001220703125
2020-08-13,39.9900016784668
2020-08-14,39.4900016784668
2020-08-17,39.2599983215332
2020-08-18,38.959999084472656
2020-08-19,39.09000015258789
2020-08-20,38.779998779296875
2020-08-21,38.34000015258789
2020-08-24,39.66999816894531
2020-08-25,39.43000030517578
2020-08-26,39.439998626708984
2020-08-27,39.40999984741211
2020-08-28,39.959999084472656
2020-08-31,39.56999969482422
2020-09-01,39.2400016784668
2020-09-02,39.209999084472656
2020-09-03,39.029998779296875
2020-09-04,39.130001068115234
2020-09-08,38.0099983215332
2020-09-09,38.56999969482422
2020-09-10,37.970001220703125
2020-09-11,38.4900016784668
2020-09-14,37.939998626708984
2020-09-15,37.88999938964844
2020-09-16,37.97999954223633
2020-09-17,37.47999954223633
2020-09-18,36.619998931884766
2020-09-21,35.209999084472656
2020-09-22,34.779998779296875
2020-09-23,33.15999984741211
2020-09-24,33.369998931884766
2020-09-25,32.70000076293945
2020-09-28,33.790000915527344
2020-09-29,33.33000183105469
2020-09-30,34.29999923706055
2020-10-01,33.58000183105469
2020-10-02,33.33000183105469
2020-10-05,34.36000061035156
2020-10-06,34.27000045776367
2020-10-07,34.56999969482422
2020-10-08,34.93000030517578
2020-10-09,35.25
2020-10-12,34.939998626708984
2020-10-13,34.189998626708984
2020-10-14,33.88999938964844
2020-10-15,33.290000915527344
2020-10-16,33.0
2020-10-19,32.63999938964844
2020-10-20,33.279998779296875
2020-10-21,32.720001220703125
2020-10-22,32.81999969482422
2020-10-23,32.869998931884766
2020-10-26,31.90999984741211
2020-10-27,30.700000762939453
2020-10-28,29.15999984741211
2020-10-29,29.75
2020-10-30,30.329999923706055
2020-11-02,31.75
2020-11-03,32.369998931884766
2020-11-04,32.34000015258789
2020-11-05,32.439998626708984
2020-11-06,32.470001220703125
2020-11-09,37.43000030517578
2020-11-10,39.06999969482422
2020-11-11,38.099998474121094
2020-11-12,37.41999816894531
2020-11-13,38.79999923706055
2020-11-16,40.709999084472656
2020-11-17,41.369998931884766
2020-11-18,40.61000061035156
2020-11-19,41.209999084472656
2020-11-20,41.31999969482422
2020-11-23,43.380001068115234
2020-11-24,45.5099983215332
2020-11-25,44.75
2020-11-27,45.13999938964844
2020-11-30,42.13999938964844
2020-12-01,43.43000030517578
2020-12-02,43.81999969482422
2020-12-03,43.849998474121094
2020-12-04,45.849998474121094
2020-12-07,44.459999084472656
2020-12-08,44.619998931884766
2020-12-09,44.720001220703125
2020-12-10,45.650001525878906
2020-12-11,45.16999816894531
2020-12-14,44.119998931884766
2020-12-15,44.900001525878906
2020-12-16,44.15999984741211
2020-12-17,44.22999954223633
2020-12-18,43.56999969482422
2020-12-21,42.540000915527344
2020-12-22,42.189998626708984
2020-12-23,43.459999084472656
2020-12-24,43.459999084472656
2020-12-28,43.220001220703125
2020-12-29,43.31999969482422
2020-12-30,42.66999816894531
2020-12-31,41.90999984741211
2021-01-04,42.380001068115234
2021-01-05,43.47999954223633
2021-01-06,45.540000915527344
2021-01-07,46.189998626708984
2021-01-08,45.900001525878906
2021-01-11,45.209999084472656
2021-01-12,45.189998626708984
2021-01-13,45.59000015258789
2021-01-14,45.939998626708984
2021-01-15,44.22999954223633
2021-01-19,44.97999954223633
2021-01-20,45.2599983215332
2021-01-21,44.189998626708984
2021-01-22,44.439998626708984
2021-01-25,43.41999816894531
2021-01-26,43.560001373291016
2021-01-27,42.959999084472656
2021-01-28,43.5
2021-01-29,42.08000183105469
2021-02-01,42.099998474121094
2021-02-02,42.029998779296875
2021-02-03,42.45000076293945
2021-02-04,42.099998474121094
2021-02-05,42.31999969482422
2021-02-08,43.5099983215332
2021-02-09,42.189998626708984
2021-02-10,42.34000015258789
2021-02-11,42.13999938964844
2021-02-12,42.77000045776367
2021-02-16,44.150001525878906
2021-02-17,45.04999923706055
2021-02-18,44.04999923706055
2021-02-19,44.970001220703125
2021-02-22,45.54999923706055
2021-02-23,47.13999938964844
2021-02-24,47.65999984741211
2021-02-25,47.810001373291016
2021-02-26,46.400001525878906
2021-03-01,46.75
2021-03-02,46.959999084472656
2021-03-03,47.54999923706055
2021-03-04,48.31999969482422
2021-03-05,49.20000076293945
2021-03-08,48.56999969482422
2021-03-09,48.25
2021-03-10,49.61000061035156
2021-03-11,49.630001068115234
2021-03-12,50.2599983215332
2021-03-15,49.2400016784668
2021-03-16,48.63999938964844
2021-03-17,48.93000030517578
2021-03-18,47.2400016784668
2021-03-19,48.04999923706055
2021-03-22,47.63999938964844
2021-03-23,45.70000076293945
2021-03-24,46.59000015258789
2021-03-25,45.70000076293945
2021-03-26,46.68000030517578
2021-03-29,47.0099983215332
2021-03-30,47.08000183105469
2021-03-31,46.540000915527344
2021-04-01,46.380001068115234
2021-04-05,46.029998779296875
2021-04-06,46.02000045776367
2021-04-07,46.29999923706055
2021-04-08,45.599998474121094
2021-04-09,44.9900016784668
2021-04-12,44.93000030517578
2021-04-13,45.13999938964844
2021-04-14,45.529998779296875
2021-04-15,45.4900016784668
2021-04-16,45.36000061035156
2021-04-19,45.91999816894531
2021-04-20,44.720001220703125
2021-04-21,44.79999923706055
2021-04-22,44.060001373291016
2021-04-23,44.470001220703125
2021-04-26,44.529998779296875
2021-04-27,44.709999084472656
2021-04-28,45.869998931884766
2021-04-29,45.189998626708984
2021-04-30,44.279998779296875
2021-05-03,45.279998779296875
2021-05-04,45.400001525878906
2021-05-05,46.95000076293945
2021-05-06,47.61000061035156
2021-05-07,47.900001525878906
2021-05-10,47.27000045776367
2021-05-11,46.560001373291016
2021-05-12,46.75
2021-05-13,46.95000076293945
2021-05-14,48.72999954223633
2021-05-17,48.709999084472656
2021-05-18,48.040000915527344
2021-05-19,46.77000045776367
2021-05-20,47.13999938964844
2021-05-21,47.29999923706055
2021-05-24,47.900001525878906
2021-05-25,46.88999938964844
2021-05-26,46.869998931884766
2021-05-27,46.65999984741211
2021-05-28,46.689998626708984
2021-06-01,47.7599983215332
2021-06-02,48.619998931884766
2021-06-03,48.599998474121094
2021-06-04,48.56999969482422
2021-06-07,48.189998626708984
2021-06-08,48.369998931884766
2021-06-09,48.59000015258789
2021-06-10,48.29999923706055
2021-06-11,48.9900016784668
2021-06-14,49.36000061035156
2021-06-15,49.939998626708984
2021-06-16,49.459999084472656
2021-06-17,48.439998626708984
2021-06-18,46.41999816894531
2021-06-21,47.97999954223633
2021-06-22,47.08000183105469
2021-06-23,46.849998474121094
2021-06-24,48.099998474121094
2021-06-25,47.59000015258789
2021-06-28,46.189998626708984
2021-06-29,45.689998626708984
2021-06-30,45.2599983215332
2021-07-01,45.83000183105469
2021-07-02,45.810001373291016
2021-07-06,44.849998474121094
2021-07-07,44.2400016784668
2021-07-08,43.810001373291016
2021-07-09,44.34000015258789
2021-07-12,44.45000076293945
2021-07-13,43.77000045776367
2021-07-14,43.52000045776367
2021-07-15,43.15999984741211
2021-07-16,42.47999954223633
2021-07-19,41.29999923706055
2021-07-20,41.2599983215332
2021-07-21,42.349998474121094
2021-07-22,42.25
2021-07-23,42.029998779296875
2021-07-26,43.290000915527344
2021-07-27,43.20000076293945
2021-07-28,43.540000915527344
2021-07-29,44.52000045776367
2021-07-30,43.630001068115234
2021-08-02,43.58000183105469
2021-08-03,44.77000045776367
2021-08-04,44.16999816894531
2021-08-05,44.279998779296875
2021-08-06,44.61000061035156
2021-08-09,44.29999923706055
2021-08-10,44.209999084472656
2021-08-11,44.81999969482422
2021-08-12,45.09000015258789
2021-08-13,44.880001068115234
2021-08-16,44.369998931884766
2021-08-17,44.09000015258789
2021-08-18,43.47999954223633
2021-08-19,42.5099983215332
2021-08-20,42.709999084472656
2021-08-23,43.59000015258789
2021-08-24,43.849998474121094
2021-08-25,44.11000061035156
2021-08-26,43.58000183105469
2021-08-27,44.58000183105469
2021-08-30,44.43000030517578
2021-08-31,44.290000915527344
2021-09-01,44.029998779296875
2021-09-02,44.65999984741211
2021-09-03,44.45000076293945
2021-09-07,44.529998779296875
2021-09-08,43.869998931884766
2021-09-09,43.41999816894531
2021-09-10,43.310001373291016
2021-09-13,44.709999084472656
2021-09-14,44.65999984741211
2021-09-15,45.95000076293945
2021-09-16,46.11000061035156
2021-09-17,44.56999969482422
2021-09-20,43.959999084472656
2021-09-21,44.61000061035156
2021-09-22,45.58000183105469
2021-09-23,46.72999954223633
2021-09-24,46.599998474121094
2021-09-27,48.040000915527344
2021-09-28,48.400001525878906
2021-09-29,47.65999984741211
2021-09-30,47.93000030517578
2021-10-01,48.04999923706055
2021-10-04,48.66999816894531
2021-10-05,50.099998474121094
2021-10-06,49.720001220703125
2021-10-07,49.619998931884766
2021-10-08,50.119998931884766
2021-10-11,50.599998474121094
2021-10-12,50.310001373291016
2021-10-13,50.36000061035156
2021-10-14,50.93000030517578
2021-10-15,51.56999969482422
2021-10-18,51.880001068115234
2021-10-19,52.130001068115234
2021-10-20,52.31999969482422
2021-10-21,51.59000015258789
2021-10-22,51.15999984741211
2021-10-25,50.95000076293945
2021-10-26,50.790000915527344
2021-10-27,50.41999816894531
2021-10-28,50.7400016784668
2021-10-29,50.11000061035156
2021-11-01,50.25
2021-11-02,50.4900016784668
2021-11-03,49.54999923706055
2021-11-04,49.650001525878906
2021-11-05,50.0099983215332
2021-11-08,50.22999954223633
2021-11-09,51.06999969482422
2021-11-10,50.119998931884766
2021-11-11,50.060001373291016
2021-11-12,49.58000183105469
2021-11-15,49.779998779296875
2021-11-16,49.59000015258789
2021-11-17,49.130001068115234
2021-11-18,48.959999084472656
2021-11-19,47.20000076293945
2021-11-22,47.599998474121094
2021-11-23,48.540000915527344
2021-11-24,48.59000015258789
2021-11-26,46.63999938964844
2021-11-29,46.5
2021-11-30,45.9900016784668
2021-12-01,46.380001068115234
2021-12-02,48.099998474121094
2021-12-03,47.880001068115234
2021-12-06,49.130001068115234
2021-12-07,49.439998626708984
2021-12-08,50.16999816894531
2021-12-09,49.599998474121094
2021-12-10,50.06999969482422
2021-12-13,49.31999969482422
2021-12-14,49.2400016784668
2021-12-15,50.09000015258789
2021-12-16,50.209999084472656
2021-12-17,49.369998931884766
2021-12-20,49.060001373291016
2021-12-21,50.54999923706055
2021-12-22,50.720001220703125
2021-12-23,51.08000183105469
2021-12-27,51.0099983215332
2021-12-28,51.220001220703125
2021-12-29,50.970001220703125
2021-12-30,49.970001220703125
2021-12-31,49.459999084472656
2022-01-03,50.97999954223633
2022-01-04,51.2400016784668
2022-01-05,51.38999938964844
2022-01-06,52.099998474121094
2022-01-07,52.970001220703125
2022-01-10,53.20000076293945
2022-01-11,54.709999084472656
2022-01-12,56.029998779296875
2022-01-13,55.52000045776367
2022-01-14,57.099998474121094
2022-01-18,57.68000030517578
2022-01-19,58.38999938964844
2022-01-20,57.119998931884766
2022-01-21,55.630001068115234
2022-01-24,55.40999984741211
2022-01-25,56.380001068115234
2022-01-26,57.130001068115234
2022-01-27,57.83000183105469
2022-01-28,57.310001373291016
2022-01-31,56.79999923706055
2022-02-01,57.900001525878906
2022-02-02,57.290000915527344
2022-02-03,57.209999084472656
2022-02-04,58.369998931884766
2022-02-07,58.59000015258789
2022-02-08,58.84000015258789
2022-02-09,60.029998779296875
2022-02-10,59.040000915527344
2022-02-11,58.650001525878906
2022-02-14,58.33000183105469
2022-02-15,57.439998626708984
2022-02-16,58.09000015258789
2022-02-17,57.4900016784668
2022-02-18,57.58000183105469
2022-02-22,56.150001525878906
2022-02-23,56.290000915527344
2022-02-24,53.18000030517578
2022-02-25,54.70000076293945
2022-02-28,50.529998779296875
2022-03-01,49.290000915527344
2022-03-02,53.279998779296875
2022-03-03,50.93000030517578
2022-03-04,49.20000076293945
2022-03-07,48.810001373291016
2022-03-08,50.15999984741211
2022-03-09,50.66999816894531
2022-03-10,50.790000915527344
2022-03-11,49.650001525878906
2022-03-14,49.970001220703125
2022-03-15,49.7599983215332
2022-03-16,50.11000061035156
2022-03-17,50.790000915527344
2022-03-18,49.81999969482422
2022-03-21,50.31999969482422
2022-03-22,50.77000045776367
2022-03-23,51.02000045776367
2022-03-24,51.59000015258789
2022-03-25,52.47999954223633
2022-03-28,51.29999923706055
2022-03-29,51.70000076293945
2022-03-30,52.209999084472656
2022-03-31,50.540000915527344
2022-04-01,52.20000076293945
2022-04-04,51.91999816894531
2022-04-05,50.189998626708984
2022-04-06,49.4900016784668
2022-04-07,49.540000915527344
2022-04-08,49.560001373291016
2022-04-11,50.439998626708984
2022-04-12,49.900001525878906
2022-04-13,51.040000915527344
2022-04-14,50.900001525878906
2022-04-18,51.18000030517578
2022-04-19,51.189998626708984
2022-04-20,50.90999984741211
2022-04-21,50.119998931884766
2022-04-22,49.099998474121094
2022-04-25,48.27000045776367
2022-04-26,47.61000061035156
2022-04-27,48.209999084472656
2022-04-28,49.65999984741211
2022-04-29,48.709999084472656
2022-05-02,50.04999923706055
2022-05-03,51.43000030517578
2022-05-04,52.7599983215332
2022-05-05,52.4900016784668
2022-05-06,53.7400016784668
2022-05-09,50.4900016784668
2022-05-10,51.11000061035156
2022-05-11,52.56999969482422
2022-05-12,51.689998626708984
2022-05-13,53.5
2022-05-16,54.34000015258789
2022-05-17,55.15999984741211
2022-05-18,54.400001525878906
2022-05-19,54.86000061035156
2022-05-20,54.70000076293945
2022-05-23,56.68000030517578
2022-05-24,56.720001220703125
2022-05-25,58.279998779296875
2022-05-26,59.060001373291016
2022-05-27,58.83000183105469
2022-05-31,58.79999923706055
2022-06-01,58.22999954223633
2022-06-02,58.279998779296875
2022-06-03,58.77000045776367
2022-06-06,59.4900016784668
2022-06-07,60.34000015258789
2022-06-08,61.150001525878906
2022-06-09,59.15999984741211
2022-06-10,57.720001220703125
2022-06-13,55.779998779296875
2022-06-14,55.75
2022-06-15,55.959999084472656
2022-06-16,53.880001068115234
2022-06-17,51.29999923706055
2022-06-21,53.20000076293945
2022-06-22,51.70000076293945
2022-06-23,50.15999984741211
2022-06-24,52.34000015258789
2022-06-27,52.72999954223633
2022-06-28,53.29999923706055
2022-06-29,52.970001220703125
2022-06-30,52.63999938964844
2022-07-01,52.83000183105469
2022-07-05,51.150001525878906
2022-07-06,49.060001373291016
2022-07-07,50.279998779296875
2022-07-08,50.130001068115234
2022-07-11,49.45000076293945
2022-07-12,48.349998474121094
2022-07-13,48.97999954223633
2022-07-14,46.29999923706055
2022-07-15,47.93000030517578
2022-07-18,49.16999816894531
2022-07-19,50.790000915527344
2022-07-20,50.209999084472656
2022-07-21,49.279998779296875
2022-07-22,49.29999923706055
2022-07-25,50.47999954223633
2022-07-26,49.65999984741211
2022-07-27,50.83000183105469
2022-07-28,48.959999084472656
2022-07-29,51.060001373291016
2022-08-01,50.54999923706055
2022-08-02,48.86000061035156
2022-08-03,49.25
2022-08-04,49.439998626708984
2022-08-05,49.68000030517578
2022-08-08,50.709999084472656
2022-08-09,51.83000183105469
2022-08-10,52.439998626708984
2022-08-11,53.72999954223633
2022-08-12,54.02000045776367
2022-08-15,51.86000061035156
2022-08-16,52.650001525878906
2022-08-17,52.619998931884766
2022-08-18,53.650001525878906
2022-08-19,53.02000045776367
2022-08-22,53.0099983215332
2022-08-23,54.72999954223633
2022-08-24,53.650001525878906
2022-08-25,53.97999954223633
2022-08-26,53.75
2022-08-29,54.439998626708984
2022-08-30,52.06999969482422
2022-08-31,50.5099983215332
2022-09-01,49.88999938964844
2022-09-02,50.84000015258789
2022-09-06,50.75
2022-09-07,49.560001373291016
2022-09-08,49.38999938964844
2022-09-09,50.68000030517578
2022-09-12,50.91999816894531
2022-09-13,49.709999084472656
2022-09-14,51.209999084472656
2022-09-15,50.060001373291016
2022-09-16,50.15999984741211
2022-09-19,48.939998626708984
2022-09-20,48.04999923706055
2022-09-21,47.79999923706055
2022-09-22,47.970001220703125
2022-09-23,44.939998626708984
2022-09-26,44.86000061035156
2022-09-27,45.5099983215332
2022-09-28,46.220001220703125
2022-09-29,46.650001525878906
2022-09-30,46.52000045776367
2022-10-03,49.22999954223633
2022-10-04,51.400001525878906
2022-10-05,51.27000045776367
2022-10-06,50.709999084472656
2022-10-07,50.90999984741211
2022-10-10,49.5
2022-10-11,48.79999923706055
2022-10-12,48.31999969482422
2022-10-13,50.43000030517578
2022-10-14,51.0
2022-10-17,51.599998474121094
2022-10-18,51.52000045776367
2022-10-19,52.060001373291016
2022-10-20,51.849998474121094
2022-10-21,52.18000030517578
2022-10-24,52.689998626708984
2022-10-25,52.77000045776367
2022-10-26,53.7599983215332
2022-10-27,54.25
2022-10-28,54.77000045776367
2022-10-31,54.77000045776367
2022-11-01,55.849998474121094
2022-11-02,54.790000915527344
2022-11-03,55.619998931884766
2022-11-04,57.439998626708984
2022-11-07,57.869998931884766
2022-11-08,57.34000015258789
2022-11-09,56.29999923706055
2022-11-10,57.15999984741211
2022-11-11,58.869998931884766
2022-11-14,58.04999923706055
2022-11-15,59.560001373291016
2022-11-16,60.09000015258789
2022-11-17,60.130001068115234
2022-11-18,59.58000183105469
2022-11-21,57.9900016784668
2022-11-22,60.06999969482422
2022-11-23,60.2599983215332
2022-11-25,60.61000061035156
2022-11-28,59.599998474121094
2022-11-29,60.9900016784668
2022-11-30,62.41999816894531
2022-12-01,61.70000076293945
2022-12-02,60.61000061035156
2022-12-05,59.77000045776367
2022-12-06,60.119998931884766
2022-12-07,59.25
2022-12-08,59.7599983215332
2022-12-09,58.83000183105469
2022-12-12,59.7599983215332
2022-12-13,61.65999984741211
2022-12-14,60.66999816894531
2022-12-15,60.36000061035156
2022-12-16,59.599998474121094
2022-12-19,59.95000076293945
2022-12-20,60.79999923706055
2022-12-21,63.130001068115234
2022-12-22,62.15999984741211
2022-12-23,63.209999084472656
2022-12-27,63.380001068115234
2022-12-28,62.4900016784668
2022-12-29,62.15999984741211
2022-12-30,62.08000183105469
2023-01-03,61.439998626708984
2023-01-04,61.08000183105469
2023-01-05,61.11000061035156
2023-01-06,61.83000183105469
2023-01-09,62.22999954223633
2023-01-10,63.150001525878906
2023-01-11,63.34000015258789
2023-01-12,64.55000305175781
2023-01-13,64.62999725341797
2023-01-17,63.90999984741211
2023-01-18,63.25
2023-01-19,63.56999969482422
2023-01-20,63.79999923706055
2023-01-23,64.12000274658203
2023-01-24,63.880001068115234
2023-01-25,63.59000015258789
2023-01-26,64.48999786376953
2023-01-27,63.25
2023-01-30,62.54999923706055
2023-01-31,62.040000915527344
2023-02-01,61.060001373291016
2023-02-02,60.25
2023-02-03,60.599998474121094
2023-02-06,60.25
2023-02-07,61.779998779296875
2023-02-08,60.91999816894531
2023-02-09,61.7599983215332
2023-02-10,63.72999954223633
2023-02-13,63.9900016784668
2023-02-14,64.87999725341797
2023-02-15,64.66000366210938
2023-02-16,63.880001068115234
2023-02-17,62.2599983215332
2023-02-21,62.70000076293945
2023-02-22,61.790000915527344
2023-02-23,63.31999969482422
2023-02-24,62.599998474121094
2023-02-27,62.43000030517578
2023-02-28,61.90999984741211
2023-03-01,62.189998626708984
2023-03-02,62.560001373291016
2023-03-03,62.7599983215332
2023-03-06,63.470001220703125
2023-03-07,62.400001525878906
2023-03-08,61.970001220703125
2023-03-09,60.95000076293945
2023-03-10,61.0099983215332
2023-03-13,59.15999984741211
2023-03-14,59.939998626708984
2023-03-15,57.349998474121094
2023-03-16,57.560001373291016
2023-03-17,56.7599983215332
2023-03-20,57.150001525878906
2023-03-21,58.86000061035156
2023-03-22,58.15999984741211
2023-03-23,57.060001373291016
2023-03-24,55.70000076293945
2023-03-27,57.20000076293945
2023-03-28,57.86000061035156
2023-03-29,58.15999984741211
2023-03-30,59.13999938964844
2023-03-31,59.04999923706055
2023-04-03,63.13999938964844
2023-04-04,62.08000183105469
2023-04-05,62.720001220703125
2023-04-06,62.79999923706055
2023-04-10,63.29999923706055
2023-04-11,63.65999984741211
2023-04-12,64.05999755859375
2023-04-13,64.43000030517578
2023-04-14,64.94999694824219
2023-04-17,64.33000183105469
2023-04-18,64.19000244140625
2023-04-19,63.75
2023-04-20,63.529998779296875
2023-04-21,63.45000076293945
2023-04-24,64.37999725341797
2023-04-25,63.25
2023-04-26,63.380001068115234
2023-04-27,62.77000045776367
2023-04-28,63.93000030517578
2023-05-01,63.060001373291016
2023-05-02,60.68000030517578
2023-05-03,60.02000045776367
2023-05-04,60.2599983215332
2023-05-05,61.91999816894531
2023-05-08,61.459999084472656
2023-05-09,61.09000015258789
2023-05-10,60.93000030517578
2023-05-11,59.9900016784668
2023-05-12,60.27000045776367
2023-05-15,60.88999938964844
2023-05-16,59.599998474121094
2023-05-17,60.060001373291016
2023-05-18,60.0099983215332
2023-05-19,60.43000030517578
2023-05-22,60.459999084472656
2023-05-23,61.349998474121094
2023-05-24,60.95000076293945
2023-05-25,59.29999923706055
2023-05-26,59.66999816894531
2023-05-30,57.849998474121094
2023-05-31,56.29999923706055
2023-06-01,57.59000015258789
2023-06-02,59.20000076293945
2023-06-05,58.33000183105469
2023-06-06,58.20000076293945
2023-06-07,58.939998626708984
2023-06-08,59.4900016784668
2023-06-09,59.08000183105469
2023-06-12,57.869998931884766
2023-06-13,58.02000045776367
2023-06-14,58.09000015258789
2023-06-15,58.72999954223633
2023-06-16,58.040000915527344
2023-06-20,57.279998779296875
2023-06-21,58.77000045776367
2023-06-22,57.41999816894531
2023-06-23,56.65999984741211
2023-06-26,57.4900016784668
2023-06-27,56.72999954223633
2023-06-28,56.619998931884766
2023-06-29,57.060001373291016
2023-06-30,57.63999938964844
2023-07-03,58.13999938964844
2023-07-05,57.29999923706055
2023-07-06,55.38999938964844
2023-07-07,56.13999938964844
2023-07-10,56.38999938964844
2023-07-11,57.380001068115234
2023-07-12,58.38999938964844
2023-07-13,58.93000030517578
2023-07-14,57.290000915527344
2023-07-17,57.02000045776367
2023-07-18,57.86000061035156
2023-07-19,58.61000061035156
2023-07-20,59.630001068115234
2023-07-21,60.13999938964844
2023-07-24,60.56999969482422
2023-07-25,60.36000061035156
2023-07-26,59.709999084472656
2023-07-27,59.16999816894531
2023-07-28,59.90999984741211
2023-07-31,60.849998474121094
2023-08-01,60.349998474121094
2023-08-02,58.29999923706055
2023-08-03,59.279998779296875
2023-08-04,60.63999938964844
2023-08-07,61.0099983215332
2023-08-08,60.849998474121094
2023-08-09,62.540000915527344
2023-08-10,63.31999969482422
2023-08-11,62.56999969482422
2023-08-14,61.619998931884766
2023-08-15,61.130001068115234
2023-08-16,60.97999954223633
2023-08-17,61.27000045776367
2023-08-18,61.90999984741211
2023-08-21,62.68000030517578
2023-08-22,62.599998474121094
2023-08-23,62.130001068115234
2023-08-24,61.68000030517578
2023-08-25,62.2599983215332
2023-08-28,62.59000015258789
2023-08-29,63.209999084472656
2023-08-30,63.15999984741211
2023-08-31,62.90999984741211
2023-09-01,63.880001068115234
2023-09-05,63.79999923706055
2023-09-06,64.12999725341797
2023-09-07,63.86000061035156
2023-09-08,64.33999633789062
2023-09-11,64.6500015258789
2023-09-12,65.8499984741211
2023-09-13,65.97000122070312
2023-09-14,66.33999633789062
2023-09-15,65.29000091552734
2023-09-18,65.47000122070312
2023-09-19,66.33000183105469
2023-09-20,66.3499984741211
2023-09-21,65.5199966430664
2023-09-22,65.61000061035156
2023-09-25,66.19000244140625
2023-09-26,65.38999938964844
2023-09-27,66.20999908447266
2023-09-28,66.83999633789062
2023-09-29,65.76000213623047
2023-10-02,64.62000274658203
2023-10-03,64.37999725341797
2023-10-04,62.81999969482422
2023-10-05,62.93000030517578
2023-10-06,63.9900016784668
2023-10-09,65.06999969482422
2023-10-10,65.51000213623047
2023-10-11,65.72000122070312
2023-10-12,65.45999908447266
2023-10-13,66.45999908447266
2023-10-16,66.55000305175781
2023-10-17,67.0
2023-10-18,67.04000091552734
2023-10-19,67.05999755859375
2023-10-20,65.87999725341797
2023-10-23,66.01000213623047
2023-10-24,65.19999694824219
2023-10-25,65.61000061035156
2023-10-26,65.6500015258789
2023-10-27,66.2699966430664
2023-10-30,66.94999694824219
2023-10-31,66.5999984741211
2023-11-01,67.05000305175781
2023-11-02,68.63999938964844
2023-11-03,66.44999694824219
2023-11-06,66.94999694824219
2023-11-07,65.48999786376953
2023-11-08,64.6500015258789
2023-11-09,65.04000091552734
2023-11-10,66.58000183105469
2023-11-13,67.12999725341797
2023-11-14,67.76000213623047
2023-11-15,67.3499984741211
2023-11-16,66.43000030517578
2023-11-17,67.41000366210938
2023-11-20,68.61000061035156
2023-11-21,68.94999694824219
2023-11-22,68.08999633789062
2023-11-24,68.77999877929688
2023-11-27,68.69999694824219
2023-11-28,68.97000122070312
2023-11-29,67.86000061035156
2023-11-30,68.05000305175781
2023-12-01,67.37000274658203
2023-12-04,66.22000122070312
2023-12-05,65.33000183105469
2023-12-06,64.83999633789062
2023-12-07,65.51000213623047
2023-12-08,66.56999969482422
2023-12-11,66.52999877929688
2023-12-12,66.31999969482422
2023-12-13,67.05999755859375
2023-12-14,67.73999786376953
2023-12-15,66.93000030517578
2023-12-18,67.7300033569336
2023-12-19,67.9000015258789
2023-12-20,67.19999694824219
2023-12-21,68.4000015258789
2023-12-22,68.45999908447266
2023-12-26,68.94999694824219
2023-12-27,69.16000366210938
2023-12-28,66.91999816894531
2023-12-29,67.37999725341797
2024-01-02,67.56999969482422
2024-01-03,67.61000061035156
2024-01-04,68.05000305175781
2024-01-05,68.22000122070312
2024-01-08,66.6500015258789
2024-01-09,65.4800033569336
2024-01-10,65.0199966430664
2024-01-11,65.37000274658203
2024-01-12,66.33000183105469
2024-01-16,64.4800033569336
2024-01-17,63.18000030517578
2024-01-18,63.970001220703125
2024-01-19,63.86000061035156
2024-01-22,63.2599983215332
2024-01-23,63.27000045776367
2024-01-24,64.23999786376953
2024-01-25,64.91000366210938
2024-01-26,65.54000091552734
2024-01-29,65.55000305175781
2024-01-30,66.01000213623047
2024-01-31,65.18000030517578
2024-02-01,65.44999694824219
2024-02-02,64.37000274658203
2024-02-05,63.869998931884766
2024-02-06,65.05000305175781
2024-02-07,63.04999923706055
2024-02-08,64.19000244140625
2024-02-09,64.30999755859375
2024-02-12,64.62999725341797
2024-02-13,64.43000030517578
2024-02-14,64.62999725341797
2024-02-15,65.0
2024-02-16,64.44999694824219
2024-02-20,63.2599983215332
2024-02-21,64.08999633789062
2024-02-22,64.13999938964844
2024-02-23,64.51000213623047
2024-02-26,64.30000305175781
2024-02-27,64.54000091552734
2024-02-28,63.91999816894531
2024-02-29,64.06999969482422
2024-03-01,64.5
2024-03-04,64.33000183105469
2024-03-05,64.16000366210938
2024-03-06,65.23999786376953
2024-03-07,65.6500015258789
2024-03-08,65.79000091552734
2024-03-11,66.0999984741211
2024-03-12,66.2699966430664
2024-03-13,67.79000091552734
2024-03-14,68.06999969482422
2024-03-15,68.0999984741211
2024-03-18,68.0999984741211
2024-03-19,68.4000015258789
2024-03-20,69.19000244140625
2024-03-21,68.0199966430664
2024-03-22,67.83999633789062
2024-03-25,68.29000091552734
2024-03-26,67.6500015258789
2024-03-27,68.41999816894531
2024-03-28,68.83000183105469
2024-04-01,69.73999786376953
2024-04-02,71.69999694824219
2024-04-03,72.19999694824219
2024-04-04,72.55999755859375
2024-04-05,72.87000274658203
2024-04-08,73.66999816894531
2024-04-09,73.02999877929688
2024-04-10,73.36000061035156
2024-04-11,72.94999694824219
2024-04-12,72.48999786376953
2024-04-15,72.16999816894531
2024-04-16,71.75
2024-04-17,71.75
2024-04-18,70.83000183105469
2024-04-19,72.05000305175781
2024-04-22,72.58999633789062
2024-04-23,72.97000122070312
2024-04-24,72.73999786376953
2024-04-25,73.75
2024-04-26,74.55999755859375
2024-04-29,74.4800033569336
2024-04-30,72.47000122070312
2024-05-01,71.68000030517578
2024-05-02,71.4000015258789
2024-05-03,71.62999725341797
2024-05-06,72.02999877929688
2024-05-07,71.94000244140625
2024-05-08,72.1500015258789
2024-05-09,73.70999908447266
2024-05-10,73.81999969482422
2024-05-13,74.05999755859375
2024-05-14,73.97000122070312
2024-05-15,73.4800033569336
2024-05-16,72.1500015258789
2024-05-17,73.19000244140625
2024-05-20,72.44000244140625
2024-05-21,71.8499984741211
2024-05-22,70.47000122070312
2024-05-23,70.5
2024-05-24,71.5199966430664
2024-05-28,72.13999938964844
2024-05-29,71.0199966430664
2024-05-30,70.9000015258789
2024-05-31,73.12000274658203
2024-06-03,71.12999725341797
2024-06-04,70.33000183105469
2024-06-05,70.4800033569336
2024-06-06,70.83000183105469
2024-06-07,69.7300033569336
2024-06-10,70.4000015258789
2024-06-11,68.63999938964844
2024-06-12,69.01000213623047
2024-06-13,67.37000274658203
2024-06-14,65.77999877929688
2024-06-17,66.55999755859375
2024-06-18,66.66000366210938
2024-06-20,66.4800033569336
2024-06-21,65.76000213623047
2024-06-24,67.41999816894531
2024-06-25,67.75
2024-06-26,66.22000122070312
2024-06-27,66.58999633789062
2024-06-28,66.68000030517578
